{
	"format_version": "1.8.0",
	"animations": {
		"default_idle_universal": {
			"loop": true,
			"animation_length": 0.25,
			"bones": {
				"blade": {
					"rotation": [53.66504, -77.65979, 128.29483],
					"position": [6, 14, -9]
				},
				"camera": {
					"rotation": [0, 0, 0],
					"position": [0, 18, 4]
				},
				"sheath": {
					"rotation": [53.66504, -77.65979, 128.29483],
					"position": [6, 14, -9]
				}
			}
		},
		"default_walk_universal": {
			"loop": true,
			"animation_length": 1,
			"bones": {
				"blade": {
					"rotation": {
						"0.0": [53.66504, -77.65979, 128.29483],
						"0.5": [82.61412, -9.92379, 93.87661],
						"1.0": [53.66504, -77.65979, 128.29483]
					},
					"position": {
						"0.0": [6, 14, -9],
						"0.5": [6, 14, -23],
						"1.0": [6, 14, -9]
					}
				},
				"camera": {
					"rotation": {
						"0.0": [0, 0, 0],
						"0.5": [0, 0, 0],
						"1.0": [0, 0, 0]
					},
					"position": {
						"0.0": [0, 18, 4],
						"0.5": [0, 18, 4],
						"1.0": [0, 18, 4]
					}
				},
				"sheath": {
					"rotation": {
						"0.0": [53.66504, -77.65979, 128.29483],
						"0.5": [82.61412, -9.92379, 93.87661],
						"1.0": [53.66504, -77.65979, 128.29483]
					},
					"position": {
						"0.0": [6, 14, -9],
						"0.5": [6, 14, -23],
						"1.0": [6, 14, -9]
					}
				}
			}
		},
		"default_sprint_universal": {
			"loop": true,
			"animation_length": 0.5,
			"bones": {
				"blade": {
					"rotation": {
						"0.0": [53.66504, -77.65979, 128.29483],
						"0.25": [53.66504, -77.65979, 128.29483],
						"0.5": [53.66504, -77.65979, 128.29483]
					},
					"position": {
						"0.0": [6, 14, -9],
						"0.25": [6, 16, -9],
						"0.5": [6, 14, -9]
					}
				},
				"camera": {
					"rotation": [0, 0, 0],
					"position": [0, 18, 4]
				},
				"sheath": {
					"rotation": {
						"0.0": [53.66504, -77.65979, 128.29483],
						"0.25": [53.66504, -77.65979, 128.29483],
						"0.5": [53.66504, -77.65979, 128.29483]
					},
					"position": {
						"0.0": [6, 14, -9],
						"0.25": [6, 16, -9],
						"0.5": [6, 14, -9]
					}
				}
			}
		}
	}
}