{
	"format_version": "1.8.0",
	"animations": {
		"default_idle_universal": {
			"loop": true,
			"bones": {
				"blade": {
					"rotation": [53.66504, -77.65979, 128.29483],
					"position": [6, 14, -9]
				},
				"camera": {
					"rotation": [0, 0, 0],
					"position": [0, 18, 4]
				},
				"sheath": {
					"rotation": [53.66504, -77.65979, 128.29483],
					"position": [6, 14, -9]
				}
			}
		},
		"attack_universal": {
			"loop": true,
			"animation_length": 1,
			"bones": {
				"blade": {
					"rotation": {
						"0.0": [53.66504, -77.65979, 128.29483],
						"1.0": [209.18755, 23.93189, -77.62171]
					},
					"position": {
						"0.0": [6, 14, -9],
						"1.0": [-9, 19, -19]
					}
				},
				"camera": {
					"rotation": [0, 0, 0],
					"position": [0, 18, 4]
				},
				"sheath": {
					"rotation": {
						"0.0": [53.66504, -77.65979, 128.29483],
						"1.0": [209.18755, 23.93189, -77.62171]
					},
					"position": {
						"0.0": [6, 14, -9],
						"1.0": [-9, 19, -19]
					}
				}
			}
		}
	}
}