# Created by Metasequoia

v -0.477985 0.410513 0.149187
v -0.587722 0.334585 0.155930
v -0.477985 0.410513 0.162673
v -0.532854 0.372548 0.147979
v -0.532854 0.372548 0.163881
v 0.633679 -0.577253 0.149187
v 0.514451 -0.650319 0.155930
v 0.633680 -0.577253 0.162673
v 0.553649 -0.606002 0.147979
v 0.553649 -0.606002 0.163881
v 0.665350 -0.596934 0.155930
v 0.593465 -0.629998 0.155930
v 0.310472 -0.379078 0.149187
v 0.205701 -0.459916 0.155930
v 0.310472 -0.379078 0.162673
v 0.258088 -0.419496 0.147979
v 0.258088 -0.419496 0.163881
v 0.037704 -0.168963 0.149187
v -0.068809 -0.248460 0.155930
v 0.037704 -0.168963 0.162673
v -0.015552 -0.208710 0.147979
v -0.015552 -0.208711 0.163881
v -0.220589 0.081018 0.149187
v -0.328749 0.003119 0.155930
v -0.220589 0.081018 0.162673
v -0.274670 0.042068 0.147979
v -0.274670 0.042068 0.163881
v -0.483298 0.436722 0.142156
v -0.609139 0.350448 0.147232
v -0.483298 0.436722 0.171812
v -0.609139 0.350448 0.166736
v -0.454431 0.396299 0.142156
v -0.580273 0.310025 0.147232
v -0.454431 0.396299 0.171812
v -0.580273 0.310025 0.166736
v -0.549749 0.391164 0.139505
v -0.549749 0.391164 0.174464
v -0.520883 0.350741 0.139505
v -0.520883 0.350741 0.174464
v -0.475315 0.450889 0.126425
v -0.620817 0.351137 0.126425
v -0.736796 0.801583 0.126425
v -0.865130 0.713600 0.126425
v -0.736796 0.801583 0.187544
v -0.865130 0.713600 0.187544
v -0.475315 0.450889 0.187544
v -0.620817 0.351137 0.187544
v -0.466739 0.438380 0.126425
v -0.612241 0.338628 0.126425
v -0.466739 0.438380 0.187544
v -0.612241 0.338628 0.187544
v -0.800963 0.757592 0.108872
v -0.554038 0.396919 0.108872
v -0.800963 0.757592 0.205096
v -0.554038 0.396919 0.205096
v -0.545462 0.384410 0.108872
v -0.545462 0.384410 0.205096
v 0.469874 0.363778 0.048504
v 0.407406 0.415921 0.084596
v 0.469875 0.363778 0.120687
v 0.532344 0.311635 0.084595
v 0.291662 0.159514 0.048509
v 0.229835 0.212371 0.084600
v 0.291663 0.159515 0.120691
v 0.353490 0.106658 0.084600
v -0.469326 -0.569683 0.048527
v -0.527341 -0.513328 0.084618
v -0.469325 -0.569682 0.120710
v -0.411310 -0.626037 0.084618
v -0.529974 -0.615018 0.055226
v -0.577224 -0.569121 0.084620
v -0.529973 -0.615017 0.114013
v -0.482724 -0.660914 0.084620
v -0.537109 -0.620351 0.084620
v -0.000820 -0.144096 0.048516
v -0.295458 -0.421113 0.048523
v -0.061702 -0.090271 0.084607
v -0.354755 -0.365896 0.084614
v -0.000819 -0.144096 0.120699
v -0.295457 -0.421112 0.120706
v 0.060062 -0.197921 0.084607
v -0.236161 -0.476330 0.084614
v 0.532422 0.438945 0.120685
v 0.469953 0.491088 0.084594
v 0.532421 0.438945 0.048502
v 0.594891 0.386802 0.084594
v 0.533603 0.440361 0.084594
v 0.516194 0.419445 0.048503
v 0.423023 0.402885 0.057527
v 0.408029 0.289163 0.048506
v 0.516726 0.324670 0.057527
v 0.453725 0.471588 0.084594
v 0.423023 0.402886 0.111664
v 0.345721 0.341485 0.084597
v 0.516195 0.419446 0.120685
v 0.516727 0.324671 0.111664
v 0.408030 0.289164 0.120688
v 0.578663 0.367302 0.084594
v 0.470338 0.236843 0.084597
v 0.160118 0.018355 0.048512
v 0.338033 0.119872 0.057531
v 0.245292 0.199156 0.057532
v 0.098849 0.071810 0.084603
v 0.245293 0.199157 0.111669
v 0.160119 0.018356 0.120695
v 0.338034 0.119872 0.111668
v 0.221389 -0.035099 0.084603
v -0.511244 -0.601017 0.050202
v -0.425814 -0.611949 0.057550
v -0.414305 -0.525451 0.048526
v -0.512838 -0.527417 0.057550
v -0.566568 -0.547277 0.084619
v -0.472640 -0.469380 0.084617
v -0.512837 -0.527416 0.111687
v -0.511244 -0.601016 0.119036
v -0.414304 -0.525450 0.120708
v -0.425814 -0.611948 0.111687
v -0.455920 -0.654757 0.084619
v -0.355969 -0.581521 0.084617
v -0.535325 -0.619018 0.065923
v -0.494537 -0.649440 0.062574
v -0.565411 -0.580595 0.062574
v -0.565379 -0.589824 0.084620
v -0.565411 -0.580595 0.106665
v -0.535325 -0.619018 0.103316
v -0.494536 -0.649440 0.106665
v -0.505271 -0.648212 0.084620
v 0.044841 -0.184465 0.057539
v -0.046482 -0.103728 0.057539
v -0.162298 -0.299899 0.048520
v -0.339931 -0.379700 0.057546
v -0.250985 -0.462526 0.057546
v -0.046481 -0.103727 0.111676
v -0.222631 -0.245598 0.084611
v -0.339930 -0.379699 0.111683
v 0.044842 -0.184464 0.111676
v -0.162297 -0.299899 0.120702
v -0.250985 -0.462526 0.111683
v -0.101963 -0.354200 0.084611
v 0.533308 0.440007 0.099397
v 0.579274 0.399838 0.111662
v 0.485570 0.478052 0.111662
v 0.486456 0.479114 0.084594
v 0.485570 0.478052 0.057525
v 0.533308 0.440007 0.069790
v 0.579273 0.399837 0.057525
v 0.580160 0.400900 0.084594
v 0.563045 0.380338 0.057526
v 0.454761 0.249922 0.057528
v 0.469342 0.458552 0.057526
v 0.361298 0.328404 0.057529
v 0.469343 0.458553 0.111663
v 0.361299 0.328405 0.111666
v 0.563046 0.380338 0.111662
v 0.454761 0.249923 0.111665
v 0.206071 -0.021736 0.057535
v 0.114166 0.058447 0.057535
v 0.114167 0.058447 0.111672
v 0.206072 -0.021735 0.111672
v -0.370553 -0.567504 0.057549
v -0.458057 -0.483398 0.057549
v -0.458056 -0.483398 0.111686
v -0.370552 -0.567503 0.111686
v -0.469751 -0.641322 0.058806
v -0.552738 -0.560712 0.058806
v -0.552737 -0.560712 0.110432
v -0.469751 -0.641322 0.110432
v -0.510080 -0.641155 0.069778
v -0.557795 -0.594806 0.069778
v -0.557795 -0.594806 0.099461
v -0.510080 -0.641155 0.099461
v -0.117047 -0.340625 0.057543
v -0.207548 -0.259174 0.057543
v -0.207547 -0.259173 0.111680
v -0.117046 -0.340624 0.111680
v 0.567783 0.410763 0.076898
v 0.498373 0.468700 0.076898
v 0.498374 0.468700 0.092289
v 0.567783 0.410763 0.092289
v 0.000000 0.707107 0.000000
v 0.707107 0.000000 0.000000
v -0.707107 0.000000 0.000000
v 0.000000 -0.707106 0.000000
v 0.000000 0.556562 0.040000
v 0.556562 0.000000 0.040000
v -0.556561 0.000000 0.040000
v 0.000000 -0.556561 0.040000
v 0.000000 0.707107 0.000000
v 0.707107 0.000000 0.000000
v -0.707107 0.000000 0.000000
v 0.000000 -0.707106 0.000000
v 0.000000 0.556562 -0.040000
v 0.556562 0.000000 -0.040000
v -0.556561 0.000000 -0.040000
v 0.000000 -0.556561 -0.040000
v 0.232990 0.096727 0.113295
v 0.276742 0.037062 0.084366
v 0.224416 0.087351 0.055323
v 0.189352 0.156344 0.084265
v 0.209865 0.071887 0.113261
v 0.200233 0.141452 0.106012
v 0.265776 0.051991 0.106088
v 0.253716 0.012326 0.084332
v 0.264420 0.050406 0.062616
v 0.201292 0.062510 0.055288
v 0.206172 0.147699 0.062551
v 0.166129 0.131398 0.084230
v 0.177035 0.116532 0.105978
v 0.242725 0.027228 0.106054
v 0.241369 0.025643 0.062582
v 0.182974 0.122779 0.062517
v 0.229831 0.096310 0.127852
v 0.286927 0.019049 0.084377
v 0.222740 0.085514 0.042929
v 0.175765 0.170705 0.084249
v 0.210694 0.075749 0.127824
v 0.189662 0.151135 0.117136
v 0.271477 0.040069 0.115061
v 0.267888 -0.001407 0.084349
v 0.270156 0.038468 0.053656
v 0.203602 0.064954 0.042900
v 0.197070 0.155969 0.053573
v 0.156530 0.150039 0.084220
v 0.170450 0.130496 0.117107
v 0.252413 0.019587 0.115032
v 0.251092 0.017986 0.053627
v 0.177858 0.135330 0.053545
v 0.247460 0.112089 0.055357
v 0.224335 0.087249 0.055322
v 0.245784 0.110253 0.042963
v 0.226646 0.089693 0.042935
v 0.256008 0.121439 0.113329
v 0.299760 0.061773 0.084400
v 0.247435 0.112063 0.055357
v 0.212370 0.181056 0.084299
v 0.232884 0.096599 0.113295
v 0.223251 0.166164 0.106046
v 0.288794 0.076702 0.106122
v 0.276734 0.037037 0.084366
v 0.287438 0.075117 0.062650
v 0.224310 0.087222 0.055322
v 0.229190 0.172410 0.062586
v 0.189147 0.156110 0.084265
v 0.200053 0.141244 0.106012
v 0.265743 0.051940 0.106088
v 0.264387 0.050355 0.062616
v 0.205992 0.147491 0.062551
v 0.254284 0.119624 0.125718
v 0.309945 0.043761 0.084411
v 0.245759 0.110226 0.042963
v 0.198784 0.195416 0.084283
v 0.235151 0.099062 0.123200
v 0.214114 0.174449 0.115002
v 0.294495 0.064780 0.115095
v 0.290906 0.023305 0.084383
v 0.293174 0.063180 0.053690
v 0.226621 0.089666 0.042935
v 0.220088 0.180681 0.053608
v 0.179548 0.174751 0.084254
v 0.194903 0.153810 0.114624
v 0.275431 0.044298 0.115066
v 0.274110 0.042698 0.053662
v 0.200877 0.160041 0.053579
v 0.270478 0.136801 0.055391
v 0.247353 0.111961 0.055357
v 0.268802 0.134965 0.042997
v 0.249664 0.114404 0.042969
v 0.279068 0.146195 0.113363
v 0.322820 0.086529 0.084434
v 0.270494 0.136818 0.055391
v 0.235430 0.205811 0.084333
v 0.255943 0.121354 0.113329
v 0.246311 0.190919 0.106080
v 0.311854 0.101458 0.106156
v 0.299793 0.061793 0.084400
v 0.310498 0.099873 0.062685
v 0.247369 0.111978 0.055357
v 0.252250 0.197166 0.062620
v 0.212206 0.180865 0.084299
v 0.223113 0.166000 0.106046
v 0.288803 0.076696 0.106122
v 0.287447 0.075111 0.062650
v 0.229051 0.172247 0.062585
v 0.277343 0.144380 0.125752
v 0.333005 0.068517 0.084445
v 0.268818 0.134982 0.042997
v 0.221843 0.220172 0.084317
v 0.258205 0.123820 0.125724
v 0.237174 0.199205 0.115036
v 0.317555 0.089536 0.115129
v 0.313965 0.048061 0.084417
v 0.316234 0.087936 0.053724
v 0.249680 0.114422 0.042969
v 0.243148 0.205436 0.053642
v 0.202607 0.199507 0.084288
v 0.217962 0.178566 0.115008
v 0.298491 0.069054 0.115101
v 0.297170 0.067454 0.053696
v 0.223936 0.184797 0.053613
v 0.293538 0.161557 0.055425
v 0.270413 0.136716 0.055391
v 0.291861 0.159720 0.043031
v 0.272723 0.139160 0.043003
v 0.302104 0.170926 0.113397
v 0.345856 0.111260 0.084468
v 0.293530 0.161549 0.055425
v 0.258466 0.230542 0.084367
v 0.278979 0.146085 0.113363
v 0.269347 0.215650 0.106114
v 0.334890 0.126189 0.106190
v 0.322830 0.086524 0.084434
v 0.333534 0.124604 0.062719
v 0.270406 0.136709 0.055391
v 0.275286 0.221897 0.062654
v 0.235243 0.205596 0.084333
v 0.246149 0.190731 0.106080
v 0.311839 0.101427 0.106156
v 0.310483 0.099842 0.062685
v 0.252087 0.196977 0.062619
v 0.300379 0.169111 0.125786
v 0.356041 0.093247 0.084479
v 0.291854 0.159713 0.043031
v 0.244879 0.244903 0.084351
v 0.281241 0.148550 0.125758
v 0.260210 0.223936 0.115070
v 0.340591 0.114267 0.115163
v 0.337002 0.072792 0.084451
v 0.339270 0.112667 0.053758
v 0.272716 0.139152 0.043003
v 0.266184 0.230167 0.053676
v 0.225644 0.224238 0.084322
v 0.240998 0.203297 0.115042
v 0.321527 0.093785 0.115135
v 0.320206 0.092184 0.053730
v 0.246972 0.209528 0.053647
v 0.316574 0.186288 0.055459
v 0.293449 0.161447 0.055425
v 0.314897 0.184451 0.043065
v 0.295760 0.163891 0.043037
v 0.325245 0.195769 0.113432
v 0.368997 0.136103 0.084502
v 0.316671 0.186392 0.055459
v 0.281606 0.255385 0.084401
v 0.302120 0.170928 0.113397
v 0.292488 0.240493 0.106149
v 0.358030 0.151032 0.106224
v 0.345970 0.111367 0.084468
v 0.356674 0.149447 0.062753
v 0.293546 0.161551 0.055425
v 0.298427 0.246740 0.062688
v 0.258383 0.230439 0.084367
v 0.269289 0.215573 0.106114
v 0.334980 0.126269 0.106190
v 0.333624 0.124685 0.062719
v 0.275228 0.221820 0.062654
v 0.323520 0.193954 0.125820
v 0.379181 0.118090 0.084513
v 0.314995 0.184556 0.043065
v 0.268020 0.269746 0.084385
v 0.304382 0.173393 0.125792
v 0.283350 0.248779 0.115104
v 0.363731 0.139110 0.115197
v 0.360142 0.097634 0.084485
v 0.362410 0.137509 0.053792
v 0.295857 0.163995 0.043037
v 0.289324 0.255010 0.053710
v 0.248784 0.249081 0.084357
v 0.264139 0.228140 0.115076
v 0.344667 0.118627 0.115169
v 0.343346 0.117027 0.053764
v 0.270113 0.234371 0.053682
v 0.339714 0.211131 0.055493
v 0.316589 0.186290 0.055459
v 0.338038 0.209294 0.043099
v 0.318900 0.188734 0.043071
v 0.324720 0.195180 0.104886
v 0.392030 0.160831 0.084536
v 0.339705 0.211120 0.055493
v 0.301596 0.170340 0.104851
v 0.368874 0.174372 0.105294
v 0.369004 0.136095 0.084502
v 0.379708 0.174175 0.062787
v 0.316580 0.186280 0.055459
v 0.346815 0.150464 0.105333
v 0.356657 0.149413 0.062753
v 0.322996 0.193365 0.120724
v 0.402215 0.142819 0.084548
v 0.338028 0.209284 0.043099
v 0.303858 0.172805 0.119221
v 0.374575 0.162450 0.114267
v 0.383176 0.122363 0.084519
v 0.385444 0.162238 0.053826
v 0.318890 0.188723 0.043071
v 0.359196 0.140197 0.113824
v 0.366380 0.141756 0.053798
v 0.203069 0.130876 0.113634
v 0.166315 0.131613 0.084231
v 0.237417 0.084229 0.113299
v 0.186106 0.126285 0.105991
v 0.233956 0.183899 0.123080
v 0.183135 0.122967 0.062517
v 0.143092 0.106666 0.084196
v 0.162907 0.101365 0.105957
v 0.159937 0.098048 0.062483
v 0.202927 0.130139 0.118336
v 0.152729 0.145973 0.084214
v 0.230498 0.091893 0.124604
v 0.179678 0.131928 0.113383
v 0.174033 0.131238 0.053539
v 0.133493 0.125308 0.084186
v 0.160466 0.111289 0.113355
v 0.269451 0.143003 0.130825
v 0.154822 0.110599 0.053511
v 0.224423 0.087358 0.055323
v 0.201298 0.062517 0.055288
v 0.222747 0.085522 0.042929
v 0.203609 0.064962 0.042900
v 0.272444 0.142062 0.126680
v 0.235507 0.184001 0.118235
v 0.232967 0.052096 0.112143
v 0.199487 0.096411 0.116193
v 0.216224 0.006989 0.119749
v 0.230056 0.054989 0.119113
v 0.204277 0.091784 0.122723
v 0.180385 0.038748 0.122129
v 0.223447 0.066798 0.117021
v 0.186971 0.111807 0.115805
v 0.179192 -0.000538 0.128173
v 0.218162 0.072042 0.124531
v 0.190792 0.106502 0.119229
v 0.138028 0.034332 0.123105
v 0.203690 0.088589 0.124439
v -0.449800 0.441413 0.230068
v -0.457999 0.453356 0.230068
v -0.628982 0.318414 0.230068
v -0.637181 0.330357 0.230068
v -0.628982 0.318414 0.081299
v -0.637181 0.330357 0.081299
v -0.449800 0.441413 0.081299
v -0.457999 0.453356 0.081299
v -0.422550 0.460119 0.230068
v -0.430748 0.472062 0.230068
v -0.656233 0.299708 0.230068
v -0.664431 0.311651 0.230068
v -0.656233 0.299708 0.081299
v -0.664431 0.311651 0.081299
v -0.422550 0.460119 0.081299
v -0.430748 0.472062 0.081299
v -0.449800 0.441413 0.261554
v -0.457999 0.453356 0.261554
v -0.628982 0.318414 0.261554
v -0.637181 0.330357 0.261554
v -0.628982 0.318414 0.049813
v -0.637181 0.330357 0.049813
v -0.449800 0.441413 0.049813
v -0.457999 0.453356 0.049813
v -0.059510 -0.276761 0.153086
v 0.036955 -0.393144 0.158806
v -0.059509 -0.276761 0.164527
v -0.011276 -0.334953 0.152062
v -0.011277 -0.334953 0.165551
v 0.378658 0.122004 0.153086
v 0.477745 0.008051 0.158806
v 0.378658 0.122004 0.164527
v 0.428202 0.065027 0.152062
v 0.428202 0.065026 0.165551
v -0.474851 0.740015 0.153086
v -0.331276 0.807263 0.158806
v -0.474851 0.740014 0.164527
v -0.378412 0.758116 0.152062
v -0.378412 0.758116 0.165551
v -0.513116 0.774228 0.158806
v -0.426517 0.800134 0.158806
v -0.084358 0.394421 0.153086
v 0.041752 0.475673 0.158806
v -0.084358 0.394421 0.164527
v -0.021304 0.435045 0.152062
v -0.021305 0.435046 0.165551
v 0.127899 0.169882 0.164527
v 0.202304 0.198499 0.152062
v 0.127899 0.169882 0.153086
v 0.202304 0.198499 0.165551
v 0.276711 0.227117 0.158806
v -0.550028 -0.041315 0.153086
v -0.419821 0.035166 0.158806
v -0.550029 -0.041314 0.164527
v -0.484925 -0.003073 0.152062
v -0.484924 -0.003075 0.165551
v -0.628182 0.058323 0.153086
v -0.497811 0.134595 0.158806
v -0.562997 0.096459 0.165551
v -0.562996 0.096459 0.152062
v -0.628182 0.058323 0.164527
v 0.190328 0.524808 0.153086
v 0.315378 0.440868 0.158806
v 0.190328 0.524808 0.164527
v 0.252853 0.482837 0.152062
v 0.252853 0.482837 0.165551
v 0.254724 0.683165 0.164527
v 0.311602 0.627309 0.152062
v 0.254725 0.683165 0.153086
v 0.311602 0.627309 0.165551
v 0.368481 0.571451 0.158806
v -0.291540 0.031178 0.153086
v -0.154099 -0.030413 0.158806
v -0.291540 0.031177 0.164527
v -0.222819 0.000382 0.152062
v -0.222820 0.000381 0.165551
v -0.326073 -0.077188 0.164527
v -0.248501 -0.080207 0.152062
v -0.326073 -0.077188 0.153086
v -0.248502 -0.080208 0.165551
v -0.170929 -0.083228 0.158806
v -0.398348 0.344694 0.153086
v -0.260435 0.411352 0.158806
v -0.329392 0.378023 0.165551
v -0.329391 0.378023 0.152062
v -0.398348 0.344694 0.164527
v -0.307766 0.229212 0.153086
v -0.177395 0.305483 0.158806
v -0.242581 0.267347 0.165551
v -0.242580 0.267348 0.152062
v -0.307766 0.229211 0.164527
v 0.659209 0.208664 0.164527
v 0.598330 0.160495 0.152062
v 0.659208 0.208664 0.153086
v 0.598331 0.160495 0.165551
v 0.537451 0.112323 0.158806
v 0.612893 0.318263 0.153086
v 0.462328 0.290101 0.158806
v 0.537611 0.304181 0.165551
v 0.537611 0.304181 0.152062
v 0.612894 0.318262 0.164527
v -0.096089 -0.290963 0.143497
v 0.012444 -0.422159 0.148114
v -0.096089 -0.290963 0.170472
v 0.012444 -0.422159 0.165855
v -0.042511 -0.245262 0.143497
v 0.066022 -0.376458 0.148114
v -0.042511 -0.245262 0.170472
v 0.066022 -0.376458 0.165855
v -0.038777 -0.360242 0.141085
v -0.038777 -0.360242 0.172884
v 0.014801 -0.314542 0.141085
v 0.014801 -0.314542 0.172884
v -0.114306 -0.284894 0.129188
v 0.011184 -0.436587 0.129188
v -0.579470 -0.694855 0.129188
v -0.468787 -0.828650 0.129188
v -0.579470 -0.694855 0.184781
v -0.468787 -0.828650 0.184781
v -0.114306 -0.284894 0.184781
v 0.011184 -0.436587 0.184781
v -0.097736 -0.271187 0.129188
v 0.027753 -0.422880 0.129188
v -0.097736 -0.271187 0.184781
v 0.027753 -0.422880 0.184781
v -0.524129 -0.761753 0.113222
v -0.046410 -0.366967 0.113222
v -0.524129 -0.761753 0.200746
v -0.046410 -0.366967 0.200746
v -0.029841 -0.353260 0.113222
v -0.029841 -0.353260 0.200746
v 0.000000 0.707107 0.000000
v -0.707107 0.000000 0.000000
v 0.707107 0.000000 0.000000
v 0.000000 -0.707106 0.000000
v 0.000000 0.556562 -0.040000
v -0.556562 0.000000 -0.040000
v 0.556561 0.000000 -0.040000
v 0.000000 -0.556561 -0.040000
v 0.000000 0.707107 0.000000
v -0.707107 0.000000 0.000000
v 0.707107 0.000000 0.000000
v 0.000000 -0.707106 0.000000
v 0.000000 0.556562 0.040000
v -0.556562 0.000000 0.040000
v 0.556561 0.000000 0.040000
v 0.000000 -0.556561 0.040000
v -0.093504 -0.254896 0.230068
v -0.104706 -0.264081 0.230068
v 0.044298 -0.422960 0.230068
v 0.033096 -0.432145 0.230068
v 0.044298 -0.422960 0.081299
v 0.033096 -0.432145 0.081299
v -0.093504 -0.254896 0.081299
v -0.104706 -0.264081 0.081299
v -0.114461 -0.229336 0.230068
v -0.125663 -0.238521 0.230068
v 0.065255 -0.448520 0.230068
v 0.054053 -0.457705 0.230068
v 0.065255 -0.448520 0.081299
v 0.054053 -0.457705 0.081299
v -0.114461 -0.229336 0.081299
v -0.125663 -0.238521 0.081299
v -0.093504 -0.254896 0.261554
v -0.104706 -0.264081 0.261554
v 0.044298 -0.422960 0.261554
v 0.033096 -0.432145 0.261554
v 0.044298 -0.422960 0.049813
v 0.033096 -0.432145 0.049813
v -0.093504 -0.254896 0.049813
v -0.104706 -0.264081 0.049813
v -0.477985 0.410513 0.149187
v -0.587722 0.334585 0.155930
v -0.477985 0.410513 0.162673
v -0.532854 0.372548 0.147979
v -0.532854 0.372548 0.163881
v 0.633679 -0.577253 0.149187
v 0.514451 -0.650319 0.155930
v 0.633680 -0.577253 0.162673
v 0.553649 -0.606002 0.147979
v 0.553649 -0.606002 0.163881
v 0.665350 -0.596934 0.155930
v 0.593465 -0.629998 0.155930
v 0.310472 -0.379078 0.149187
v 0.205701 -0.459916 0.155930
v 0.310472 -0.379078 0.162673
v 0.258088 -0.419496 0.147979
v 0.258088 -0.419496 0.163881
v 0.037704 -0.168963 0.149187
v -0.068809 -0.248460 0.155930
v 0.037704 -0.168963 0.162673
v -0.015552 -0.208710 0.147979
v -0.015552 -0.208711 0.163881
v -0.220589 0.081018 0.149187
v -0.328749 0.003119 0.155930
v -0.220589 0.081018 0.162673
v -0.274670 0.042068 0.147979
v -0.274670 0.042068 0.163881
v -0.483298 0.436722 0.142156
v -0.609139 0.350448 0.147232
v -0.483298 0.436722 0.171812
v -0.609139 0.350448 0.166736
v -0.454431 0.396299 0.142156
v -0.580273 0.310025 0.147232
v -0.454431 0.396299 0.171812
v -0.580273 0.310025 0.166736
v -0.549749 0.391164 0.139505
v -0.549749 0.391164 0.174464
v -0.520883 0.350741 0.139505
v -0.520883 0.350741 0.174464
v -0.475315 0.450889 0.126425
v -0.620817 0.351137 0.126425
v -0.736796 0.801583 0.126425
v -0.865130 0.713600 0.126425
v -0.736796 0.801583 0.187544
v -0.865130 0.713600 0.187544
v -0.475315 0.450889 0.187544
v -0.620817 0.351137 0.187544
v -0.466739 0.438380 0.126425
v -0.612241 0.338628 0.126425
v -0.466739 0.438380 0.187544
v -0.612241 0.338628 0.187544
v -0.800963 0.757592 0.108872
v -0.554038 0.396919 0.108872
v -0.800963 0.757592 0.205096
v -0.554038 0.396919 0.205096
v -0.545462 0.384410 0.108872
v -0.545462 0.384410 0.205096
v 0.000000 0.707107 0.000000
v 0.707107 0.000000 0.000000
v -0.707107 0.000000 0.000000
v 0.000000 -0.707106 0.000000
v 0.000000 0.556562 0.040000
v 0.556562 0.000000 0.040000
v -0.556561 0.000000 0.040000
v 0.000000 -0.556561 0.040000
v 0.000000 0.707107 0.000000
v 0.707107 0.000000 0.000000
v -0.707107 0.000000 0.000000
v 0.000000 -0.707106 0.000000
v 0.000000 0.556562 -0.040000
v 0.556562 0.000000 -0.040000
v -0.556561 0.000000 -0.040000
v 0.000000 -0.556561 -0.040000
v -0.449800 0.441413 0.230068
v -0.457999 0.453356 0.230068
v -0.628982 0.318414 0.230068
v -0.637181 0.330357 0.230068
v -0.628982 0.318414 0.081299
v -0.637181 0.330357 0.081299
v -0.449800 0.441413 0.081299
v -0.457999 0.453356 0.081299
v -0.422550 0.460119 0.230068
v -0.430748 0.472062 0.230068
v -0.656233 0.299708 0.230068
v -0.664431 0.311651 0.230068
v -0.656233 0.299708 0.081299
v -0.664431 0.311651 0.081299
v -0.422550 0.460119 0.081299
v -0.430748 0.472062 0.081299
v -0.449800 0.441413 0.261554
v -0.457999 0.453356 0.261554
v -0.628982 0.318414 0.261554
v -0.637181 0.330357 0.261554
v -0.628982 0.318414 0.049813
v -0.637181 0.330357 0.049813
v -0.449800 0.441413 0.049813
v -0.457999 0.453356 0.049813
v -0.547672 0.024595 0.055978
v -0.545679 -0.056752 0.000000
v -0.547672 0.024595 -0.055978
v -0.549665 0.105941 0.000000
v -1.028319 0.006897 0.055978
v -1.024627 -0.074372 0.000000
v -1.028319 0.006897 -0.055978
v -1.032012 0.088167 0.000000
v -2.883692 -0.155531 0.055978
v -2.870919 -0.235893 0.000000
v -2.883692 -0.155531 -0.055978
v -2.896466 -0.075169 0.000000
v -3.013550 -0.176236 0.050372
v -3.002055 -0.248551 0.000000
v -3.013550 -0.176236 -0.050372
v -3.025045 -0.103922 0.000000
v -3.030483 -0.178927 0.000000
v -1.773587 -0.041354 0.055978
v -2.484629 -0.107468 0.055978
v -1.767503 -0.122460 0.000000
v -2.474855 -0.188159 0.000000
v -1.773587 -0.041354 -0.055978
v -2.484629 -0.107468 -0.055978
v -1.779671 0.039752 0.000000
v -2.494404 -0.026778 0.000000
v -0.374190 0.028695 -0.055978
v -0.372197 -0.052652 0.000000
v -0.374190 0.028695 0.055978
v -0.376183 0.110041 0.000000
v -0.370919 0.028775 0.000000
v -0.419196 0.027630 0.055978
v -0.546177 -0.036415 0.041983
v -0.719608 0.020717 0.055978
v -0.549167 0.085605 0.041983
v -0.417204 -0.053717 0.000000
v -0.546177 -0.036415 -0.041983
v -0.717190 -0.060610 0.000000
v -0.419196 0.027630 -0.055978
v -0.549167 0.085605 -0.041983
v -0.719608 0.020717 -0.055978
v -0.421189 0.108976 0.000000
v -0.722026 0.102045 0.000000
v -1.369854 -0.012004 0.055978
v -1.031089 0.067849 0.041983
v -1.025550 -0.054055 0.041983
v -1.364714 -0.093194 0.000000
v -1.025550 -0.054055 -0.041983
v -1.369854 -0.012004 -0.055978
v -1.031089 0.067849 -0.041983
v -1.374995 0.069186 0.000000
v -2.973726 -0.169842 0.053381
v -2.893273 -0.095259 0.041983
v -2.761242 -0.138631 0.055978
v -2.874113 -0.215803 0.041983
v -2.961545 -0.246476 0.000000
v -2.749218 -0.219075 0.000000
v -2.874113 -0.215803 -0.041983
v -2.973726 -0.169842 -0.053381
v -2.761242 -0.138631 -0.055978
v -2.893273 -0.095259 -0.041983
v -2.985907 -0.093208 0.000000
v -2.773267 -0.058187 0.000000
v -3.026250 -0.178255 0.032041
v -3.022171 -0.122000 0.037780
v -3.004929 -0.230472 0.037780
v -3.018937 -0.224252 0.000000
v -3.004929 -0.230472 -0.037780
v -3.026250 -0.178255 -0.032041
v -3.022171 -0.122000 -0.037780
v -3.033561 -0.132257 0.000000
v -1.778150 0.019476 0.041983
v -1.769024 -0.102183 0.041983
v -2.168763 -0.075169 0.055978
v -2.477298 -0.167987 0.041983
v -2.491960 -0.046950 0.041983
v -1.769024 -0.102183 -0.041983
v -2.161411 -0.156128 0.000000
v -2.477298 -0.167987 -0.041983
v -1.778150 0.019476 -0.041983
v -2.168763 -0.075169 -0.055978
v -2.491960 -0.046950 -0.041983
v -2.176115 0.005789 0.000000
v -0.371736 0.028755 -0.022961
v -0.375685 0.089705 -0.041983
v -0.372696 -0.032315 -0.041983
v -0.370242 -0.032255 0.000000
v -0.372696 -0.032315 0.041983
v -0.371736 0.028755 0.022961
v -0.375685 0.089705 0.041983
v -0.373231 0.089765 0.000000
v -0.420691 0.088640 0.041983
v -0.721421 0.081713 0.041983
v -0.417702 -0.033380 0.041983
v -0.717795 -0.040278 0.041983
v -0.417702 -0.033380 -0.041983
v -0.717795 -0.040278 -0.041984
v -0.420691 0.088640 -0.041983
v -0.721421 0.081713 -0.041984
v -1.373710 0.048888 0.041983
v -1.365999 -0.072897 0.041983
v -1.365999 -0.072897 -0.041983
v -1.373710 0.048888 -0.041983
v -2.770261 -0.078298 0.041983
v -2.752224 -0.198964 0.041983
v -2.752224 -0.198964 -0.041984
v -2.770261 -0.078298 -0.041984
v -2.982862 -0.112366 0.040036
v -2.964590 -0.227318 0.040036
v -2.964590 -0.227318 -0.040036
v -2.982862 -0.112366 -0.040036
v -3.028761 -0.141217 0.025434
v -3.017153 -0.214244 0.025434
v -3.017153 -0.214244 -0.025435
v -3.028761 -0.141217 -0.025435
v -2.174277 -0.014450 0.041983
v -2.163250 -0.135889 0.041983
v -2.163250 -0.135889 -0.041983
v -2.174277 -0.014450 -0.041983
v -0.373480 0.073932 0.011936
v -0.371265 -0.016453 0.011936
v -0.371265 -0.016453 -0.011936
v -0.373480 0.073932 -0.011936
v -1.180572 0.000123 0.044555
v -1.198916 -0.073461 0.000131
v -1.203076 -0.000981 -0.044468
v -1.162144 0.073593 -0.000024
v -1.240716 -0.002519 0.044502
v -1.166773 0.055254 0.033371
v -1.194351 -0.055037 0.033488
v -1.258805 -0.076093 0.000078
v -1.198035 -0.055287 -0.033267
v -1.263221 -0.003623 -0.044521
v -1.151490 0.055834 -0.033367
v -1.222544 0.070940 -0.000077
v -1.227108 0.052603 0.033318
v -1.254304 -0.057671 0.033435
v -1.257988 -0.057922 -0.033320
v -1.211825 0.053183 -0.033421
v -1.185102 0.001954 0.066909
v -1.208294 -0.093628 0.000149
v -1.207480 -0.001199 -0.063500
v -1.161611 0.093373 -0.000049
v -1.234880 -0.000234 0.066865
v -1.168204 0.069546 0.050453
v -1.201879 -0.067680 0.047267
v -1.257817 -0.095806 0.000105
v -1.205538 -0.067966 -0.047028
v -1.257258 -0.003387 -0.063544
v -1.152805 0.068090 -0.047154
v -1.211643 0.091173 -0.000093
v -1.218173 0.067349 0.050409
v -1.251466 -0.069861 0.047223
v -1.255125 -0.070147 -0.047071
v -1.202774 0.065893 -0.047198
v -1.143162 0.001641 -0.044415
v -1.203306 -0.001001 -0.044468
v -1.147566 0.001423 -0.063448
v -1.197344 -0.000765 -0.063491
v -1.120723 0.002742 0.044608
v -1.139066 -0.070842 0.000184
v -1.143227 0.001639 -0.044415
v -1.102295 0.076212 0.000029
v -1.180867 0.000100 0.044555
v -1.106923 0.057873 0.033424
v -1.134502 -0.052417 0.033541
v -1.198956 -0.073474 0.000131
v -1.138186 -0.052668 -0.033215
v -1.203371 -0.001003 -0.044468
v -1.091641 0.058453 -0.033315
v -1.162695 0.073559 -0.000025
v -1.167259 0.055223 0.033371
v -1.194455 -0.055052 0.033488
v -1.198139 -0.055302 -0.033268
v -1.151976 0.055802 -0.033368
v -1.125162 0.002573 0.063632
v -1.148445 -0.091009 0.000201
v -1.147631 0.001421 -0.063448
v -1.101761 0.095992 0.000003
v -1.174937 0.000380 0.059765
v -1.108265 0.070165 0.047176
v -1.142030 -0.065061 0.047319
v -1.197968 -0.093187 0.000158
v -1.145689 -0.065347 -0.046975
v -1.197409 -0.000768 -0.063491
v -1.092956 0.070709 -0.047101
v -1.151794 0.093793 -0.000041
v -1.158233 0.067968 0.046596
v -1.191617 -0.067242 0.047276
v -1.195275 -0.067528 -0.047019
v -1.142925 0.068512 -0.047145
v -1.083313 0.004261 -0.044363
v -1.143457 0.001619 -0.044416
v -1.087716 0.004043 -0.063395
v -1.137494 0.001854 -0.063439
v -1.060767 0.005366 0.044661
v -1.079110 -0.068218 0.000237
v -1.083271 0.004263 -0.044363
v -1.042339 0.078836 0.000081
v -1.120911 0.002724 0.044608
v -1.046967 0.060497 0.033477
v -1.074545 -0.049794 0.033593
v -1.139000 -0.070850 0.000184
v -1.078230 -0.050044 -0.033162
v -1.143415 0.001621 -0.044416
v -1.031685 0.061077 -0.033262
v -1.102739 0.076183 0.000028
v -1.107303 0.057847 0.033424
v -1.134499 -0.052428 0.033541
v -1.138183 -0.052678 -0.033215
v -1.092020 0.058426 -0.033315
v -1.065206 0.005197 0.063685
v -1.088489 -0.088385 0.000254
v -1.087675 0.004044 -0.063395
v -1.041805 0.098616 0.000056
v -1.114984 0.003009 0.063641
v -1.048308 0.072789 0.047229
v -1.082074 -0.062437 0.047372
v -1.138012 -0.090563 0.000211
v -1.085732 -0.062723 -0.046922
v -1.137453 0.001856 -0.063439
v -1.033000 0.073333 -0.047049
v -1.091837 0.096416 0.000012
v -1.098277 0.070592 0.047185
v -1.131661 -0.064618 0.047329
v -1.135319 -0.064904 -0.046966
v -1.082969 0.071136 -0.047093
v -1.023357 0.006885 -0.044310
v -1.083501 0.004243 -0.044363
v -1.027760 0.006667 -0.063342
v -1.077538 0.004478 -0.063386
v -1.000872 0.007987 0.044714
v -1.019215 -0.065597 0.000290
v -1.023375 0.006884 -0.044310
v -0.982444 0.081457 0.000134
v -1.061016 0.005345 0.044661
v -0.987072 0.063118 0.033530
v -1.014650 -0.047172 0.033646
v -1.079104 -0.068229 0.000237
v -1.018334 -0.047422 -0.033109
v -1.083520 0.004242 -0.044363
v -0.971789 0.063698 -0.033209
v -1.042843 0.078804 0.000081
v -1.047407 0.060468 0.033476
v -1.074603 -0.049807 0.033593
v -1.078287 -0.050057 -0.033162
v -1.032125 0.061048 -0.033262
v -1.005311 0.007818 0.063738
v -1.028593 -0.085764 0.000307
v -1.027779 0.006666 -0.063342
v -0.981910 0.101237 0.000109
v -1.055089 0.005630 0.063694
v -0.988413 0.075410 0.047282
v -1.022178 -0.059816 0.047425
v -1.078116 -0.087942 0.000263
v -1.025837 -0.060101 -0.046869
v -1.077557 0.004477 -0.063386
v -0.973104 0.075954 -0.046996
v -1.031942 0.099038 0.000065
v -1.038382 0.073213 0.047238
v -1.071765 -0.061997 0.047381
v -1.075424 -0.062282 -0.046913
v -1.023073 0.073758 -0.047040
v -0.963461 0.009506 -0.044257
v -1.023605 0.006864 -0.044310
v -0.967865 0.009288 -0.063289
v -1.017643 0.007099 -0.063333
v -0.940704 0.010621 0.044767
v -0.959048 -0.062964 0.000343
v -0.963209 0.009517 -0.044257
v -0.922276 0.084091 0.000187
v -1.000849 0.007978 0.044714
v -0.926905 0.065751 0.033583
v -0.954483 -0.044539 0.033699
v -1.018937 -0.065595 0.000290
v -0.958167 -0.044789 -0.033056
v -1.023353 0.006875 -0.044310
v -0.911622 0.066331 -0.033156
v -0.982676 0.081437 0.000134
v -0.987240 0.063101 0.033530
v -1.014436 -0.047174 0.033647
v -1.018120 -0.047424 -0.033109
v -0.971958 0.063681 -0.033209
v -0.945144 0.010452 0.063791
v -0.968426 -0.083131 0.000360
v -0.967612 0.009299 -0.063289
v -0.921743 0.103870 0.000162
v -0.994922 0.008263 0.063747
v -0.928246 0.078043 0.047335
v -0.962011 -0.057183 0.047478
v -1.017949 -0.085309 0.000316
v -0.965670 -0.057468 -0.046816
v -1.017390 0.007111 -0.063333
v -0.912937 0.078588 -0.046943
v -0.971775 0.101671 0.000118
v -0.978215 0.075847 0.047291
v -1.011598 -0.059363 0.047434
v -1.015257 -0.059649 -0.046860
v -0.962906 0.076391 -0.046987
v -0.903294 0.012139 -0.044204
v -0.963438 0.009497 -0.044257
v -0.907698 0.011921 -0.063236
v -0.957476 0.009733 -0.063280
v -0.942099 0.010542 0.031644
v -0.899158 -0.060343 0.000396
v -0.903319 0.012138 -0.044204
v -1.002243 0.007900 0.031591
v -0.911796 -0.034687 0.032271
v -0.959048 -0.062974 0.000343
v -0.898278 -0.042168 -0.033003
v -0.963463 0.009496 -0.044257
v -0.969431 -0.037363 0.032331
v -0.958231 -0.044803 -0.033056
v -0.946538 0.010373 0.055965
v -0.908537 -0.080510 0.000413
v -0.907723 0.011920 -0.063236
v -0.996316 0.008185 0.053656
v -0.919324 -0.047330 0.046050
v -0.958060 -0.082688 0.000369
v -0.905780 -0.054847 -0.046763
v -0.957501 0.009732 -0.063280
v -0.966425 -0.053311 0.045370
v -0.955367 -0.057028 -0.046807
v -1.176272 0.045542 0.045075
v -1.222041 0.070972 -0.000077
v -1.190433 -0.012083 0.044562
v -1.203505 0.053646 0.033339
v -1.071357 0.063692 0.059582
v -1.211387 0.053212 -0.033420
v -1.282442 0.068318 -0.000130
v -1.263842 0.050996 0.033286
v -1.271723 0.050562 -0.033473
v -1.177365 0.045095 0.052297
v -1.221507 0.090751 -0.000102
v -1.189727 -0.001751 0.061922
v -1.204679 0.062156 0.044690
v -1.212702 0.065469 -0.047207
v -1.271540 0.088552 -0.000146
v -1.254648 0.059959 0.044646
v -1.076937 0.009527 0.071475
v -1.262671 0.063272 -0.047251
v -1.203059 -0.000980 -0.044468
v -1.263203 -0.003622 -0.044521
v -1.207462 -0.001198 -0.063500
v -1.257240 -0.003386 -0.063544
v -1.074301 0.006807 0.065110
v -1.069261 0.062716 0.052142
v -1.235892 -0.032743 0.042787
v -1.223517 0.022576 0.049004
v -1.313035 -0.054637 0.054465
v -1.236006 -0.028640 0.053489
v -1.223165 0.015924 0.059033
v -1.319214 -0.006971 0.058120
v -1.229769 -0.015465 0.050276
v -1.220342 0.042393 0.048409
v -1.369397 -0.035106 0.067401
v -1.229987 -0.008023 0.061809
v -1.222061 0.035898 0.053666
v -1.378483 0.018457 0.059618
v -1.227870 0.013968 0.061668
v -0.547672 0.024595 0.067042
v -0.545444 -0.066965 0.000000
v -0.547672 0.024595 -0.067042
v -0.549901 0.116154 0.000000
v -1.028319 0.006897 0.067042
v -1.024116 -0.084575 0.000000
v -1.028319 0.006897 -0.067042
v -1.032523 0.098370 0.000000
v -2.883848 -0.155556 0.067040
v -2.869627 -0.246027 0.000000
v -2.883848 -0.155556 -0.067040
v -2.898173 -0.065101 0.000000
v -3.019657 -0.177143 0.054050
v -3.008847 -0.249691 0.000000
v -3.019657 -0.177143 -0.054050
v -3.031875 -0.104818 0.000000
v -3.040309 -0.180425 0.000000
v -1.773587 -0.041354 0.067042
v -2.484629 -0.107468 0.067042
v -1.766698 -0.132644 0.000000
v -2.473763 -0.198318 0.000000
v -1.773587 -0.041354 -0.067042
v -2.484629 -0.107468 -0.067042
v -1.780478 0.049936 0.000000
v -2.495495 -0.016619 0.000000
v -0.368584 0.028832 -0.062352
v -0.366425 -0.058171 0.000000
v -0.368584 0.028832 0.062352
v -0.370680 0.115836 0.000000
v -0.359575 0.029053 0.000000
v -0.419196 0.027630 0.067042
v -0.546030 -0.042790 0.049990
v -0.719608 0.020717 0.067042
v -0.549314 0.091979 0.049990
v -0.416962 -0.063930 0.000000
v -0.546030 -0.042790 -0.049990
v -0.716847 -0.070819 0.000000
v -0.419196 0.027630 -0.067042
v -0.549314 0.091979 -0.049990
v -0.719608 0.020717 -0.067042
v -0.421431 0.119189 0.000000
v -0.722369 0.112254 0.000000
v -1.369854 -0.012004 0.067042
v -1.031408 0.074218 0.049990
v -1.025231 -0.060424 0.049990
v -1.364062 -0.103389 0.000000
v -1.025231 -0.060424 -0.049990
v -1.369854 -0.012004 -0.067042
v -1.031408 0.074218 -0.049990
v -1.375648 0.079381 0.000000
v -2.974908 -0.170030 0.064349
v -2.894391 -0.088983 0.049988
v -2.761242 -0.138631 0.067042
v -2.873358 -0.222137 0.049988
v -2.961536 -0.256660 0.000000
v -2.747947 -0.229212 0.000000
v -2.873358 -0.222137 -0.049988
v -2.974908 -0.170030 -0.064349
v -2.761242 -0.138631 -0.067042
v -2.894391 -0.088983 -0.049988
v -2.989055 -0.083523 0.000000
v -2.774536 -0.048050 0.000000
v -3.035639 -0.179683 0.032856
v -3.028529 -0.123598 0.040258
v -3.011490 -0.230799 0.040258
v -3.028969 -0.224034 0.000000
v -3.011490 -0.230799 -0.040258
v -3.035639 -0.179683 -0.032856
v -3.028529 -0.123598 -0.040258
v -3.043049 -0.135449 0.000000
v -1.778653 0.025833 0.049989
v -1.768521 -0.108541 0.049989
v -2.168763 -0.075169 0.067042
v -2.476617 -0.174329 0.049988
v -2.492642 -0.040608 0.049988
v -1.768521 -0.108541 -0.049989
v -2.160457 -0.166301 0.000000
v -2.476617 -0.174329 -0.049988
v -1.778653 0.025833 -0.049989
v -2.168763 -0.075169 -0.067042
v -2.492642 -0.040608 -0.049988
v -2.177071 0.015962 0.000000
v -0.360459 0.029031 -0.042959
v -0.370148 0.093424 -0.046573
v -0.366989 -0.035759 -0.046573
v -0.358917 -0.032620 0.000000
v -0.366989 -0.035759 0.046573
v -0.360459 0.029031 0.042959
v -0.370148 0.093424 0.046573
v -0.361937 0.090684 0.000000
v -0.420842 0.095014 0.049990
v -0.721636 0.088085 0.049990
v -0.417551 -0.039755 0.049990
v -0.717580 -0.046651 0.049990
v -0.417551 -0.039755 -0.049990
v -0.717580 -0.046651 -0.049990
v -0.420842 0.095014 -0.049990
v -0.721636 0.088085 -0.049990
v -1.374117 0.055252 0.049990
v -1.365592 -0.079260 0.049990
v -1.365592 -0.079260 -0.049990
v -1.374117 0.055252 -0.049990
v -2.771053 -0.071970 0.049989
v -2.751431 -0.205292 0.049989
v -2.751431 -0.205292 -0.049989
v -2.771053 -0.071970 -0.049989
v -2.985225 -0.106376 0.047957
v -2.964980 -0.233745 0.047957
v -2.964980 -0.233745 -0.047957
v -2.985225 -0.106376 -0.047957
v -3.038247 -0.143844 0.026438
v -3.027006 -0.214564 0.026438
v -3.027006 -0.214564 -0.026439
v -3.038247 -0.143844 -0.026439
v -2.174874 -0.008100 0.049988
v -2.162654 -0.142239 0.049988
v -2.162654 -0.142239 -0.049988
v -2.174874 -0.008100 -0.049988
v -0.362217 0.074795 0.031969
v -0.359974 -0.016763 0.031969
v -0.359974 -0.016763 -0.031969
v -0.362217 0.074795 -0.031969
v -0.340158 -0.021575 -0.010993
v -0.340158 0.087659 -0.007230
v -0.340158 -0.021575 0.010993
v -0.340158 0.087659 0.007230
v -0.424841 -0.022256 -0.010993
v -0.424841 0.086978 -0.007230
v -0.424841 -0.022256 0.010993
v -0.424841 0.086978 0.007230
v -0.340158 0.036107 -0.012959
v -0.340158 0.036107 0.012959
v -0.424841 0.035426 -0.012959
v -0.424841 0.035426 0.012959
v -0.327929 -0.032024 -0.022656
v -0.327929 0.094276 -0.022656
v 0.417403 -0.019592 -0.022656
v 0.417403 0.091806 -0.022656
v 0.417403 -0.019592 0.022656
v 0.417403 0.091806 0.022656
v -0.327929 -0.032024 0.022656
v -0.327929 0.094276 0.022656
v -0.353791 -0.032024 -0.022656
v -0.353791 0.094276 -0.022656
v -0.353791 -0.032024 0.022656
v -0.353791 0.094276 0.022656
v 0.417403 0.036107 -0.035669
v -0.327929 0.036310 -0.035669
v 0.417403 0.036107 0.035669
v -0.327929 0.036310 0.035669
v -0.353791 0.036310 -0.035669
v -0.353791 0.036310 0.035669
v -0.378619 -0.046978 0.055978
v -0.353545 -0.046978 0.055978
v -0.378619 0.114955 0.055978
v -0.353545 0.114955 0.055978
v -0.378619 0.114955 -0.055978
v -0.353545 0.114955 -0.055978
v -0.378619 -0.046978 -0.055978
v -0.353545 -0.046978 -0.055978
v -0.378619 -0.071605 0.055978
v -0.353545 -0.071605 0.055978
v -0.378619 0.139582 0.055978
v -0.353545 0.139582 0.055978
v -0.378619 0.139582 -0.055978
v -0.353545 0.139582 -0.055978
v -0.378619 -0.071605 -0.055978
v -0.353545 -0.071605 -0.055978
v -0.378619 -0.046978 0.079673
v -0.353545 -0.046978 0.079673
v -0.378619 0.114955 0.079673
v -0.353545 0.114955 0.079673
v -0.378619 0.114955 -0.079673
v -0.353545 0.114955 -0.079673
v -0.378619 -0.046978 -0.079673
v -0.353545 -0.046978 -0.079673
v -0.385680 -0.013462 -0.004803
v -0.385644 0.081580 0.000000
v -0.385680 -0.013462 0.004803
v -0.385658 0.034060 -0.005663
v -0.385658 0.034060 0.005663
v -2.857777 -0.212596 -0.004803
v -2.840453 -0.113785 0.000000
v -2.857777 -0.212596 0.004803
v -2.818049 -0.155665 -0.005663
v -2.818049 -0.155665 0.005663
v -2.916543 -0.220693 0.000000
v -2.890821 -0.166236 0.000000
v -2.262386 -0.125399 -0.004803
v -2.271113 -0.030949 0.000000
v -2.262386 -0.125399 0.004803
v -2.266748 -0.078176 -0.005663
v -2.266748 -0.078176 0.005663
v -1.701086 -0.065930 -0.004803
v -1.707127 0.028834 0.000000
v -1.701086 -0.065930 0.004803
v -1.704104 -0.018543 -0.005663
v -1.704104 -0.018543 0.005663
v -1.098745 -0.026308 -0.004803
v -1.101898 0.068653 0.000000
v -1.098745 -0.026308 0.004803
v -1.100318 0.021171 -0.005663
v -1.100318 0.021171 0.005663
v -0.340158 -0.021575 -0.010993
v -0.340158 0.087659 -0.007230
v -0.340158 -0.021575 0.010993
v -0.340158 0.087659 0.007230
v -0.424841 -0.022256 -0.010993
v -0.424841 0.086978 -0.007230
v -0.424841 -0.022256 0.010993
v -0.424841 0.086978 0.007230
v -0.340158 0.036107 -0.012959
v -0.340158 0.036107 0.012959
v -0.424841 0.035426 -0.012959
v -0.424841 0.035426 0.012959
v -0.327929 -0.032024 -0.022656
v -0.327929 0.094276 -0.022656
v 0.417403 -0.019592 -0.022656
v 0.417403 0.091806 -0.022656
v 0.417403 -0.019592 0.022656
v 0.417403 0.091806 0.022656
v -0.327929 -0.032024 0.022656
v -0.327929 0.094276 0.022656
v -0.353791 -0.032024 -0.022656
v -0.353791 0.094276 -0.022656
v -0.353791 -0.032024 0.022656
v -0.353791 0.094276 0.022656
v 0.417403 0.036107 -0.035669
v -0.327929 0.036310 -0.035669
v 0.417403 0.036107 0.035669
v -0.327929 0.036310 0.035669
v -0.353791 0.036310 -0.035669
v -0.353791 0.036310 0.035669
v -0.378619 -0.046978 0.055978
v -0.353545 -0.046978 0.055978
v -0.378619 0.114955 0.055978
v -0.353545 0.114955 0.055978
v -0.378619 0.114955 -0.055978
v -0.353545 0.114955 -0.055978
v -0.378619 -0.046978 -0.055978
v -0.353545 -0.046978 -0.055978
v -0.378619 -0.071605 0.055978
v -0.353545 -0.071605 0.055978
v -0.378619 0.139582 0.055978
v -0.353545 0.139582 0.055978
v -0.378619 0.139582 -0.055978
v -0.353545 0.139582 -0.055978
v -0.378619 -0.071605 -0.055978
v -0.353545 -0.071605 -0.055978
v -0.378619 -0.046978 0.079673
v -0.353545 -0.046978 0.079673
v -0.378619 0.114955 0.079673
v -0.353545 0.114955 0.079673
v -0.378619 0.114955 -0.079673
v -0.353545 0.114955 -0.079673
v -0.378619 -0.046978 -0.079673
v -0.353545 -0.046978 -0.079673
v -0.385680 -0.013462 -0.004803
v -0.385644 0.081580 0.000000
v -0.385680 -0.013462 0.004803
v -0.385658 0.034060 -0.005663
v -0.385658 0.034060 0.005663
v -1.098745 -0.026308 -0.004803
v -1.101898 0.068653 0.000000
v -1.098745 -0.026308 0.004803
v -1.100318 0.021171 -0.005663
v -1.100318 0.021171 0.005663
v -0.340158 -0.021575 -0.010993
v -0.340158 0.087659 -0.007230
v -0.340158 -0.021575 0.010993
v -0.340158 0.087659 0.007230
v -0.424841 -0.022256 -0.010993
v -0.424841 0.086978 -0.007230
v -0.424841 -0.022256 0.010993
v -0.424841 0.086978 0.007230
v -0.340158 0.036107 -0.012959
v -0.340158 0.036107 0.012959
v -0.424841 0.035426 -0.012959
v -0.424841 0.035426 0.012959
v -0.327929 -0.032024 -0.022656
v -0.327929 0.094276 -0.022656
v 0.417403 -0.019592 -0.022656
v 0.417403 0.091806 -0.022656
v 0.417403 -0.019592 0.022656
v 0.417403 0.091806 0.022656
v -0.327929 -0.032024 0.022656
v -0.327929 0.094276 0.022656
v -0.353791 -0.032024 -0.022656
v -0.353791 0.094276 -0.022656
v -0.353791 -0.032024 0.022656
v -0.353791 0.094276 0.022656
v 0.417403 0.036107 -0.035669
v -0.327929 0.036310 -0.035669
v 0.417403 0.036107 0.035669
v -0.327929 0.036310 0.035669
v -0.353791 0.036310 -0.035669
v -0.353791 0.036310 0.035669
v -0.378619 -0.046978 0.055978
v -0.353545 -0.046978 0.055978
v -0.378619 0.114955 0.055978
v -0.353545 0.114955 0.055978
v -0.378619 0.114955 -0.055978
v -0.353545 0.114955 -0.055978
v -0.378619 -0.046978 -0.055978
v -0.353545 -0.046978 -0.055978
v -0.378619 -0.071605 0.055978
v -0.353545 -0.071605 0.055978
v -0.378619 0.139582 0.055978
v -0.353545 0.139582 0.055978
v -0.378619 0.139582 -0.055978
v -0.353545 0.139582 -0.055978
v -0.378619 -0.071605 -0.055978
v -0.353545 -0.071605 -0.055978
v -0.378619 -0.046978 0.079673
v -0.353545 -0.046978 0.079673
v -0.378619 0.114955 0.079673
v -0.353545 0.114955 0.079673
v -0.378619 0.114955 -0.079673
v -0.353545 0.114955 -0.079673
v -0.378619 -0.046978 -0.079673
v -0.353545 -0.046978 -0.079673
v -2.857777 -0.212596 -0.004803
v -2.840453 -0.113785 0.000000
v -2.857777 -0.212596 0.004803
v -2.818049 -0.155665 -0.005663
v -2.818049 -0.155665 0.005663
v -2.916543 -0.220693 0.000000
v -2.890821 -0.166236 0.000000
v -2.262386 -0.125399 -0.004803
v -2.271113 -0.030949 0.000000
v -2.262386 -0.125399 0.004803
v -2.266748 -0.078176 -0.005663
v -2.266748 -0.078176 0.005663
v -1.701086 -0.065930 -0.004803
v -1.707127 0.028834 0.000000
v -1.701086 -0.065930 0.004803
v -1.704104 -0.018543 -0.005663
v -1.704104 -0.018543 0.005663
v -1.098745 -0.026308 -0.004803
v -1.101898 0.068653 0.000000
v -1.098745 -0.026308 0.004803
v -1.100318 0.021171 -0.005663
v -1.100318 0.021171 0.005663
v 0.000000 0.707107 0.000000
v 0.707107 0.000000 0.000000
v -0.707107 0.000000 0.000000
v 0.000000 -0.707106 0.000000
v 0.000000 0.556562 0.040000
v 0.556562 0.000000 0.040000
v -0.556561 0.000000 0.040000
v 0.000000 -0.556561 0.040000
v 0.000000 0.707107 0.000000
v 0.707107 0.000000 0.000000
v -0.707107 0.000000 0.000000
v 0.000000 -0.707106 0.000000
v 0.000000 0.556562 -0.040000
v 0.556562 0.000000 -0.040000
v -0.556561 0.000000 -0.040000
v 0.000000 -0.556561 -0.040000
# 1418 vertices

vt 0.83166 0.06151
vt 0.83166 0.09044
vt 0.90098 0.03036
vt 0.90012 0.03257
vt 0.84878 0.02293
vt 0.90012 0.02293
vt 0.96857 0.14832
vt 0.90012 0.14832
vt 0.96857 0.03257
vt 0.83166 0.14832
vt 0.90012 0.21583
vt 0.96857 0.21583
vt 0.83166 0.21583
vt 0.96857 0.38944
vt 0.90012 0.38944
vt 0.90012 0.29299
vt 0.96857 0.29299
vt 0.83166 0.38944
vt 0.83166 0.29299
vt 0.37720 0.97953
vt 0.36157 0.97953
vt 0.36180 0.98173
vt 0.37746 0.98173
vt 0.37726 0.99295
vt 0.36173 0.99296
vt 0.36158 0.99150
vt 0.37709 0.99150
vt 0.37741 0.98774
vt 0.36180 0.98774
vt 0.37710 0.98514
vt 0.36154 0.98514
vt 0.67226 0.40979
vt 0.68657 0.01696
vt 0.54397 0.40979
vt 0.54113 0.01696
vt 0.05573 0.98340
vt 0.05573 0.99109
vt 0.07334 0.99109
vt 0.07334 0.98340
vt 0.03773 0.98340
vt 0.03773 0.99109
vt 0.02013 0.99109
vt 0.02013 0.98340
vt 0.60811 0.40979
vt 0.60788 0.01696
vt 0.05402 0.98340
vt 0.05402 0.99109
vt 0.07322 0.98340
vt 0.07322 0.99109
vt 0.03653 0.98340
vt 0.03653 0.99109
vt 0.02024 0.98340
vt 0.02024 0.99109
vt 0.20324 0.97361
vt 0.20324 0.92719
vt 0.14391 0.92719
vt 0.14391 0.97361
vt 0.26684 0.92719
vt 0.26684 0.97361
vt 0.20324 0.91713
vt 0.26684 0.91713
vt 0.14391 0.91713
vt 0.28792 0.97361
vt 0.28792 0.92719
vt 0.28792 0.91713
vt 0.12033 0.97361
vt 0.12033 0.92719
vt 0.12033 0.91713
vt 0.20324 0.87897
vt 0.20324 0.89902
vt 0.26684 0.89902
vt 0.26684 0.87897
vt 0.14391 0.89902
vt 0.14391 0.87897
vt 0.28792 0.87897
vt 0.28792 0.89902
vt 0.12033 0.87897
vt 0.12033 0.89902
vt 0.20324 0.04968
vt 0.20324 0.08826
vt 0.26817 0.08826
vt 0.26817 0.04968
vt 0.14267 0.08826
vt 0.14267 0.04968
vt 0.20324 0.14062
vt 0.14267 0.14062
vt 0.26817 0.14062
vt 0.28969 0.04968
vt 0.28969 0.08826
vt 0.28969 0.14062
vt 0.11860 0.04968
vt 0.11860 0.08826
vt 0.11860 0.14062
vt 0.26817 0.02863
vt 0.20324 0.02863
vt 0.20324 0.03246
vt 0.26817 0.03246
vt 0.14267 0.03246
vt 0.28969 0.03246
vt 0.14267 0.02863
vt 0.11860 0.03246
vt 0.14267 0.56157
vt 0.20324 0.56157
vt 0.20324 0.39332
vt 0.14267 0.39332
vt 0.26817 0.56157
vt 0.26817 0.39332
vt 0.20324 0.25865
vt 0.14267 0.25865
vt 0.26817 0.25865
vt 0.28969 0.56157
vt 0.28969 0.39332
vt 0.28969 0.25865
vt 0.11860 0.56157
vt 0.11860 0.39332
vt 0.11860 0.25865
vt 0.27370 0.99010
vt 0.20324 0.99010
vt 0.26684 0.99010
vt 0.14391 0.99010
vt 0.28792 0.99010
vt 0.12033 0.99010
vt 0.62277 0.72123
vt 0.62137 0.72119
vt 0.62195 0.72121
vt 0.62133 0.74204
vt 0.62209 0.69645
vt 0.62160 0.69885
vt 0.97965 0.99064
vt 0.97794 0.99149
vt 0.98305 0.99149
vt 0.98135 0.99064
vt 0.98305 0.98894
vt 0.98135 0.98979
vt 0.97794 0.98894
vt 0.97965 0.98979
vt 0.76465 0.69243
vt 0.71950 0.66985
vt 0.67435 0.69243
vt 0.71950 0.71500
vt 0.98302 0.98756
vt 0.97799 0.98756
vt 0.97967 0.98672
vt 0.98135 0.98672
vt 0.98302 0.98504
vt 0.98135 0.98589
vt 0.97799 0.98504
vt 0.97967 0.98589
vt 0.76469 0.69239
vt 0.71954 0.66981
vt 0.67439 0.69239
vt 0.71954 0.71496
vt 0.94670 0.79593
vt 0.95431 0.79593
vt 0.95431 0.79960
vt 0.94670 0.79960
vt 0.92958 0.79490
vt 0.94670 0.79777
vt 0.94149 0.80158
vt 0.95116 0.80158
vt 0.94149 0.79692
vt 0.95116 0.79692
vt 0.93247 0.80158
vt 0.93247 0.79692
vt 0.92889 0.80158
vt 0.92889 0.79692
vt 0.95436 0.80158
vt 0.95436 0.79692
vt 0.93961 0.79960
vt 0.93961 0.79593
vt 0.93679 0.79960
vt 0.93679 0.79593
vt 0.49865 0.86994
vt 0.49865 0.94962
vt 0.72916 0.94962
vt 0.72916 0.86994
vt 0.46359 0.94962
vt 0.46359 0.86994
vt 0.76421 0.86994
vt 0.76421 0.94962
vt 0.72916 0.96649
vt 0.49865 0.96649
vt 0.49865 0.85307
vt 0.72916 0.85307
vt 0.96292 0.39079
vt 0.89855 0.39079
vt 0.89855 0.29621
vt 0.96292 0.29621
vt 0.83417 0.39079
vt 0.83417 0.29621
vt 0.83417 0.06920
vt 0.83417 0.09758
vt 0.89935 0.03865
vt 0.89855 0.04083
vt 0.85026 0.03137
vt 0.89855 0.03137
vt 0.96292 0.15433
vt 0.89855 0.15433
vt 0.96292 0.04083
vt 0.83417 0.15433
vt 0.96292 0.23754
vt 0.96292 0.22054
vt 0.89855 0.22054
vt 0.89855 0.23314
vt 0.83417 0.22877
vt 0.83417 0.22054
vt 0.89855 0.27736
vt 0.96292 0.27727
vt 0.83417 0.27744
vt 0.89855 0.19909
vt 0.96292 0.19696
vt 0.83417 0.20122
vt 0.89855 0.25639
vt 0.83417 0.25745
vt 0.96292 0.25533
vt 0.37972 0.98044
vt 0.36409 0.98044
vt 0.36432 0.98264
vt 0.37998 0.98264
vt 0.37978 0.99386
vt 0.36425 0.99387
vt 0.36410 0.99241
vt 0.37961 0.99241
vt 0.37993 0.98865
vt 0.36432 0.98865
vt 0.37962 0.98605
vt 0.36406 0.98605
vt 0.67194 0.40224
vt 0.68622 0.01399
vt 0.54383 0.40224
vt 0.54099 0.01399
vt 0.04246 0.98142
vt 0.04246 0.99185
vt 0.05562 0.99185
vt 0.05562 0.98142
vt 0.02902 0.98142
vt 0.02902 0.99185
vt 0.01586 0.99185
vt 0.01586 0.98142
vt 0.60788 0.40224
vt 0.60765 0.01399
vt 0.04119 0.98142
vt 0.04119 0.99185
vt 0.05553 0.98142
vt 0.05553 0.99185
vt 0.02812 0.98142
vt 0.02812 0.99185
vt 0.01595 0.98142
vt 0.01595 0.99185
vt 0.20201 0.97683
vt 0.20201 0.92979
vt 0.13958 0.92979
vt 0.13958 0.97683
vt 0.26894 0.92979
vt 0.26894 0.97683
vt 0.20201 0.91360
vt 0.26894 0.91360
vt 0.13958 0.91360
vt 0.29113 0.97683
vt 0.29113 0.92979
vt 0.29113 0.91360
vt 0.11477 0.97683
vt 0.11477 0.92979
vt 0.11477 0.91360
vt 0.20201 0.85221
vt 0.20201 0.88446
vt 0.26894 0.88446
vt 0.26894 0.85221
vt 0.13958 0.88446
vt 0.13958 0.85221
vt 0.29113 0.85221
vt 0.29113 0.88446
vt 0.11477 0.85221
vt 0.11477 0.88446
vt 0.20201 0.04082
vt 0.20201 0.08026
vt 0.26928 0.08026
vt 0.26928 0.04082
vt 0.13926 0.08026
vt 0.13926 0.04082
vt 0.20201 0.13379
vt 0.13926 0.13379
vt 0.26928 0.13379
vt 0.29158 0.04082
vt 0.29158 0.08026
vt 0.29158 0.13379
vt 0.11432 0.04082
vt 0.11432 0.08026
vt 0.11432 0.13379
vt 0.26928 0.01930
vt 0.20201 0.01930
vt 0.20201 0.02321
vt 0.26928 0.02321
vt 0.13926 0.02321
vt 0.29158 0.02321
vt 0.13926 0.01930
vt 0.11432 0.02321
vt 0.13926 0.56418
vt 0.20201 0.56418
vt 0.20201 0.39216
vt 0.13926 0.39216
vt 0.26928 0.56418
vt 0.26928 0.39216
vt 0.20201 0.25447
vt 0.13926 0.25447
vt 0.26928 0.25447
vt 0.29158 0.56418
vt 0.29158 0.39216
vt 0.29158 0.25447
vt 0.11432 0.56418
vt 0.11432 0.39216
vt 0.11432 0.25447
vt 0.27616 0.99353
vt 0.20201 0.99353
vt 0.26894 0.99353
vt 0.13958 0.99353
vt 0.29113 0.99353
vt 0.11477 0.99353
vt 0.60807 0.72492
vt 0.60667 0.72488
vt 0.60725 0.72490
vt 0.60663 0.74573
vt 0.60739 0.70014
vt 0.60690 0.70254
vt 0.46491 0.96887
vt 0.46491 0.92241
vt 0.18787 0.92367
vt 0.18787 0.97014
vt 0.76182 0.92114
vt 0.76182 0.96760
vt 0.76182 0.85908
vt 0.46491 0.86023
vt 0.18787 0.86139
vt 0.86027 0.96717
vt 0.86027 0.92071
vt 0.86027 0.85870
vt 0.07784 0.97056
vt 0.07784 0.92410
vt 0.07784 0.86177
vt 0.46491 0.62457
vt 0.46491 0.74840
vt 0.76182 0.74759
vt 0.76182 0.62416
vt 0.18787 0.74921
vt 0.18787 0.62499
vt 0.86027 0.62402
vt 0.86027 0.74733
vt 0.07784 0.62512
vt 0.07784 0.74948
vt 0.76182 0.04261
vt 0.46491 0.04101
vt 0.46491 0.07393
vt 0.76182 0.07560
vt 0.18787 0.03942
vt 0.18787 0.07226
vt 0.46491 0.11863
vt 0.18787 0.11716
vt 0.76182 0.12010
vt 0.86027 0.04314
vt 0.86027 0.07616
vt 0.86027 0.12058
vt 0.07784 0.03889
vt 0.07784 0.07171
vt 0.07784 0.11668
vt 0.76182 0.02411
vt 0.46491 0.02210
vt 0.46491 0.02630
vt 0.76182 0.02766
vt 0.46491 0.02228
vt 0.18787 0.02494
vt 0.76182 0.02326
vt 0.86027 0.02812
vt 0.18787 0.02095
vt 0.07784 0.02449
vt 0.46491 0.02070
vt 0.18787 0.47814
vt 0.46491 0.47798
vt 0.46491 0.33435
vt 0.18787 0.33416
vt 0.76182 0.47783
vt 0.76182 0.33454
vt 0.46491 0.21939
vt 0.18787 0.21854
vt 0.76182 0.22024
vt 0.86027 0.47778
vt 0.86027 0.33461
vt 0.86027 0.22053
vt 0.07784 0.47819
vt 0.07784 0.33410
vt 0.07784 0.21826
vt 0.79383 0.98486
vt 0.46491 0.98603
vt 0.46491 0.98514
vt 0.76182 0.98387
vt 0.46491 0.98674
vt 0.18787 0.98641
vt 0.76182 0.98476
vt 0.86027 0.98345
vt 0.18787 0.98730
vt 0.07784 0.98683
vt 0.46491 0.98632
vt 0.37393 0.97745
vt 0.35830 0.97745
vt 0.35853 0.97965
vt 0.37419 0.97965
vt 0.37399 0.99087
vt 0.35846 0.99088
vt 0.35831 0.98942
vt 0.37382 0.98942
vt 0.37414 0.98566
vt 0.35853 0.98566
vt 0.37383 0.98306
vt 0.35827 0.98306
vt 0.67200 0.40161
vt 0.68585 0.01022
vt 0.54779 0.40161
vt 0.54503 0.01022
vt 0.06576 0.97977
vt 0.06576 0.99351
vt 0.09003 0.99351
vt 0.09003 0.97977
vt 0.04095 0.97977
vt 0.04095 0.99351
vt 0.01667 0.99351
vt 0.01667 0.97977
vt 0.60989 0.40161
vt 0.60967 0.01022
vt 0.06340 0.97977
vt 0.06340 0.99351
vt 0.08987 0.97977
vt 0.08987 0.99351
vt 0.03928 0.97977
vt 0.03928 0.99351
vt 0.01683 0.97977
vt 0.01683 0.99351
vt 0.83368 0.06350
vt 0.83368 0.09242
vt 0.90064 0.03236
vt 0.89981 0.03458
vt 0.85022 0.02494
vt 0.89981 0.02494
vt 0.96594 0.15026
vt 0.89981 0.15026
vt 0.96594 0.03458
vt 0.83368 0.15026
vt 0.89981 0.21775
vt 0.96594 0.21775
vt 0.83368 0.21775
vt 0.96594 0.39129
vt 0.89981 0.39129
vt 0.89981 0.29487
vt 0.96594 0.29487
vt 0.83368 0.39129
vt 0.83368 0.29487
# 454 texture vertices

vn 0.01429 0.01116 -0.99984
vn -0.09341 -0.07298 0.99295
vn 0.01429 0.01116 0.99984
vn -0.05763 -0.04503 -0.99732
vn -0.02165 -0.01692 0.99962
vn 0.52527 0.85094 -0.00004
vn -0.00645 -0.17106 0.98524
vn 0.52442 0.85146 -0.00003
vn 0.00361 -0.10128 -0.99485
vn 0.00361 -0.10128 0.99485
vn 0.52782 0.84936 -0.00004
vn 0.07630 -0.20208 0.97639
vn 0.01073 0.01547 -0.99982
vn -0.07229 -0.10444 0.99190
vn 0.01047 0.01564 0.99982
vn -0.03936 -0.05440 -0.99774
vn -0.02197 -0.03181 0.99925
vn 0.01238 0.01380 -0.99983
vn -0.08087 -0.09021 0.99263
vn 0.01195 0.01438 0.99983
vn -0.03455 -0.03801 -0.99868
vn -0.03292 -0.04017 0.99865
vn 0.01355 0.01220 -0.99983
vn -0.08855 -0.07973 0.99288
vn 0.01355 0.01220 0.99983
vn -0.02053 -0.01848 -0.99962
vn -0.05463 -0.04919 0.99729
vn 0.81380 0.58115 0.00000
vn -0.81381 -0.58114 0.00000
vn -0.01113 -0.00795 -0.99991
vn -0.04909 -0.03505 0.99818
vn -0.04908 -0.03505 -0.99818
vn -0.01113 -0.00794 0.99991
vn 0.81339 0.58172 0.00000
vn -0.82700 -0.56219 0.00000
vn 0.80169 0.59775 0.00000
vn -0.82922 -0.55892 0.00000
vn 0.80169 0.59775 0.00000
vn 0.81339 0.58172 0.00000
vn 0.82478 0.56546 0.00000
vn -0.82478 -0.56546 0.00000
vn 0.82478 0.56546 0.00000
vn -0.82478 -0.56546 0.00000
vn 0.00000 0.00000 -1.00000
vn 0.01357 0.01087 -0.99985
vn -0.56545 0.82478 0.00000
vn -0.00824 -0.00417 0.99996
vn -0.06795 -0.04658 -0.99660
vn 0.04192 0.02874 0.99871
vn -0.00001 -0.00001 -1.00000
vn -0.61503 0.51070 -0.60077
vn 0.00001 0.00001 1.00000
vn 0.61498 -0.51076 0.60077
vn -0.00002 -0.00001 -1.00000
vn -0.59009 0.53969 0.60043
vn 0.00002 0.00001 1.00000
vn 0.59010 -0.53970 -0.60042
vn -0.01132 -0.01158 -0.99987
vn -0.51412 0.61650 0.59633
vn -0.01130 -0.01156 0.99987
vn 0.47102 -0.65350 -0.59252
vn -0.49398 -0.50708 -0.70630
vn -0.86798 -0.49660 0.00000
vn -0.49394 -0.50705 0.70635
vn -0.17138 -0.98521 0.00002
vn -0.69716 -0.71692 0.00000
vn -0.00001 -0.00001 -1.00000
vn -0.00001 -0.00001 -1.00000
vn -0.56027 0.57185 -0.59924
vn -0.53444 0.59777 -0.59754
vn 0.00001 0.00001 1.00000
vn 0.00001 0.00001 1.00000
vn 0.56221 -0.56980 0.59938
vn 0.53440 -0.59782 0.59752
vn 0.63980 0.76650 0.05598
vn 0.58727 0.80939 0.00000
vn 0.63980 0.76650 -0.05601
vn 0.69141 0.72246 -0.00002
vn 0.64080 0.76770 -0.00001
vn -0.00002 -0.00002 -1.00000
vn -0.39328 0.32656 -0.85947
vn -0.00002 -0.00001 -1.00000
vn 0.35375 -0.29396 -0.88795
vn -0.61450 0.51133 -0.60078
vn -0.39326 0.32658 0.85947
vn -0.60537 0.52217 0.60072
vn 0.00001 0.00001 1.00000
vn 0.39325 -0.32659 0.85947
vn 0.00001 0.00001 1.00000
vn 0.61449 -0.51133 0.60079
vn 0.60193 -0.52622 -0.60065
vn -0.00001 -0.00001 -1.00000
vn 0.37738 -0.34516 -0.85933
vn -0.37739 0.34513 -0.85934
vn -0.57685 0.55426 0.60003
vn -0.37737 0.34516 0.85934
vn 0.00001 0.00001 1.00000
vn 0.37740 -0.34514 0.85933
vn 0.57682 -0.55429 -0.60004
vn -0.08596 -0.08791 -0.99241
vn 0.29801 -0.42327 -0.85559
vn -0.00000 -0.00001 -1.00000
vn -0.29948 0.35237 -0.88665
vn -0.63741 0.48857 0.59583
vn -0.51625 0.61460 -0.59645
vn -0.33349 0.39093 0.85788
vn -0.08594 -0.08789 0.99242
vn 0.00002 0.00002 1.00000
vn 0.29803 -0.42325 0.85559
vn 0.31710 -0.76100 -0.56598
vn 0.51643 -0.61445 0.59645
vn -0.65891 -0.67677 -0.32836
vn -0.21820 -0.74551 -0.62976
vn -0.71989 -0.16505 -0.67418
vn -0.81296 -0.58232 0.00001
vn -0.71987 -0.16503 0.67421
vn -0.65890 -0.67676 0.32840
vn -0.21817 -0.74549 0.62979
vn -0.56813 -0.82294 0.00001
vn 0.35971 -0.36458 -0.85889
vn -0.32470 0.32697 -0.88750
vn -0.00002 -0.00002 -1.00000
vn -0.34220 0.38274 -0.85814
vn 0.34216 -0.38279 -0.85814
vn -0.35978 0.36452 0.85889
vn -0.54519 0.58724 -0.59827
vn -0.34218 0.38277 0.85814
vn 0.35973 -0.36456 0.85889
vn 0.00001 0.00001 1.00000
vn 0.34218 -0.38277 0.85814
vn 0.54778 -0.58462 0.59846
vn 0.64007 0.76681 0.04798
vn 0.65948 0.75008 0.04970
vn 0.62010 0.78294 0.04972
vn 0.62072 0.78403 -0.00001
vn 0.62012 0.78293 -0.04972
vn 0.64007 0.76682 -0.04799
vn 0.65949 0.75007 -0.04975
vn 0.66045 0.75087 -0.00002
vn 0.39290 -0.32698 -0.85948
vn 0.44124 -0.37621 -0.81472
vn -0.39294 0.32695 -0.85948
vn -0.38710 0.33388 -0.85946
vn -0.39291 0.32699 0.85948
vn -0.38708 0.33390 0.85946
vn 0.39293 -0.32696 0.85948
vn 0.38708 -0.33392 0.85946
vn 0.36893 -0.35453 -0.85918
vn -0.36898 0.35450 -0.85918
vn -0.36896 0.35452 0.85918
vn 0.36896 -0.35452 0.85918
vn 0.33080 -0.39364 -0.85768
vn -0.33073 0.39371 -0.85768
vn -0.33070 0.39373 0.85768
vn 0.33082 -0.39362 0.85768
vn 0.17291 -0.52112 -0.83578
vn -0.46315 0.35511 -0.81203
vn -0.43722 0.27966 0.85477
vn 0.17294 -0.52110 0.83579
vn -0.59454 -0.74917 -0.29201
vn -0.73208 -0.61130 -0.30062
vn -0.73207 -0.61129 0.30065
vn -0.59452 -0.74916 0.29205
vn 0.35061 -0.37421 -0.85851
vn -0.39947 0.42245 -0.81361
vn -0.35068 0.37413 0.85852
vn 0.35063 -0.37419 0.85851
vn 0.64725 0.76056 -0.05126
vn 0.63262 0.77277 -0.05123
vn 0.63262 0.77277 0.05121
vn 0.64724 0.76056 0.05123
vn -0.08528 0.25586 0.96295
vn 0.25586 0.08529 0.96295
vn -0.25585 -0.08529 0.96295
vn 0.08529 -0.25586 0.96295
vn 0.06396 0.19188 0.97933
vn 0.15315 -0.05105 0.98688
vn -0.15315 0.05105 0.98688
vn -0.06396 -0.19188 0.97933
vn -0.08528 0.25586 -0.96295
vn 0.25586 0.08529 -0.96295
vn -0.25585 -0.08529 -0.96295
vn 0.08529 -0.25586 -0.96295
vn 0.06396 0.19188 -0.97933
vn 0.15315 -0.05105 -0.98688
vn -0.15315 0.05105 -0.98688
vn -0.06396 -0.19188 -0.97933
vn 0.79231 0.58024 0.18858
vn 0.86508 0.50076 -0.02951
vn 0.68433 0.70217 -0.19659
vn 0.69078 0.71157 0.12844
vn -0.78917 -0.58105 0.19899
vn 0.75992 0.62887 0.16443
vn 0.82830 0.53400 0.16958
vn -0.68531 -0.72823 -0.00487
vn 0.74671 0.61850 -0.24472
vn -0.62719 -0.73358 -0.26171
vn 0.63690 0.77052 -0.02574
vn -0.87968 -0.46774 -0.08595
vn -0.82788 -0.53451 0.17004
vn -0.72546 -0.66145 0.19026
vn -0.65941 -0.73524 -0.15685
vn -0.73346 -0.56898 -0.37188
vn 0.79077 0.57858 0.19979
vn 0.87008 0.49194 -0.03097
vn 0.69280 0.66164 -0.28681
vn 0.71953 0.68088 0.13669
vn -0.78208 -0.58210 0.22251
vn 0.74155 0.65692 0.13623
vn 0.84844 0.51061 0.13940
vn -0.69434 -0.71636 0.06872
vn 0.80517 0.54537 -0.23297
vn -0.65686 -0.72848 -0.19457
vn 0.66593 0.73958 0.09782
vn -0.84870 -0.48032 -0.22135
vn -0.85483 -0.49971 0.13984
vn -0.71756 -0.66451 0.20867
vn -0.67983 -0.72740 -0.09339
vn -0.72972 -0.56873 -0.37955
vn 0.62053 0.75918 -0.19642
vn -0.65467 -0.70906 -0.26199
vn 0.65430 0.74852 -0.10775
vn -0.66062 -0.65709 -0.36306
vn 0.79103 0.57985 0.19507
vn 0.86509 0.50075 -0.02951
vn 0.68433 0.70217 -0.19660
vn 0.68943 0.71244 0.13084
vn -0.76452 -0.56247 0.31485
vn 0.75632 0.63038 0.17494
vn 0.82800 0.53399 0.17107
vn -0.68771 -0.72531 0.03123
vn 0.74671 0.61849 -0.24473
vn -0.62719 -0.73358 -0.26170
vn 0.63690 0.77052 -0.02574
vn -0.88738 -0.45644 -0.06498
vn -0.82428 -0.50735 0.25133
vn -0.72863 -0.63634 0.25331
vn -0.65941 -0.73524 -0.15684
vn -0.73346 -0.56898 -0.37188
vn 0.78884 0.57853 0.20745
vn 0.87008 0.49194 -0.03097
vn 0.69280 0.66163 -0.28682
vn 0.71930 0.68067 0.13892
vn -0.76656 -0.56302 0.30885
vn 0.73861 0.65836 0.14494
vn 0.84823 0.51083 0.13984
vn -0.69552 -0.71773 0.03328
vn 0.80517 0.54536 -0.23298
vn -0.65686 -0.72848 -0.19457
vn 0.66592 0.73958 0.09781
vn -0.85047 -0.48137 -0.21210
vn -0.85507 -0.48197 0.19118
vn -0.71183 -0.67514 0.19361
vn -0.67983 -0.72740 -0.09339
vn -0.72972 -0.56873 -0.37955
vn 0.62054 0.75918 -0.19641
vn -0.65467 -0.70907 -0.26198
vn 0.65430 0.74852 -0.10776
vn -0.66062 -0.65709 -0.36306
vn 0.79103 0.57985 0.19507
vn 0.86509 0.50076 -0.02951
vn 0.68433 0.70217 -0.19659
vn 0.68944 0.71243 0.13084
vn -0.77867 -0.57281 0.25606
vn 0.75632 0.63038 0.17494
vn 0.82800 0.53399 0.17107
vn -0.68531 -0.72823 -0.00487
vn 0.74671 0.61850 -0.24472
vn -0.62719 -0.73358 -0.26170
vn 0.63690 0.77052 -0.02574
vn -0.88696 -0.45710 -0.06612
vn -0.82897 -0.51226 0.22449
vn -0.72315 -0.65893 0.20702
vn -0.65941 -0.73524 -0.15684
vn -0.73346 -0.56898 -0.37188
vn 0.78884 0.57853 0.20745
vn 0.87007 0.49195 -0.03097
vn 0.69280 0.66164 -0.28682
vn 0.71931 0.68066 0.13892
vn -0.77522 -0.57020 0.27186
vn 0.73861 0.65836 0.14494
vn 0.84823 0.51083 0.13984
vn -0.69434 -0.71636 0.06872
vn 0.80517 0.54537 -0.23297
vn -0.65686 -0.72848 -0.19457
vn 0.66593 0.73957 0.09783
vn -0.85038 -0.48132 -0.21258
vn -0.85696 -0.48165 0.18337
vn -0.71982 -0.66006 0.21490
vn -0.67983 -0.72740 -0.09339
vn -0.72972 -0.56873 -0.37955
vn 0.62053 0.75918 -0.19642
vn -0.65467 -0.70906 -0.26201
vn 0.65430 0.74852 -0.10775
vn -0.66062 -0.65709 -0.36307
vn 0.79103 0.57985 0.19506
vn 0.86509 0.50076 -0.02951
vn 0.68433 0.70217 -0.19659
vn 0.68943 0.71244 0.13084
vn -0.77867 -0.57281 0.25604
vn 0.75632 0.63038 0.17493
vn 0.82800 0.53400 0.17107
vn -0.68531 -0.72823 -0.00487
vn 0.74671 0.61850 -0.24472
vn -0.62718 -0.73358 -0.26171
vn 0.63690 0.77052 -0.02575
vn -0.88696 -0.45710 -0.06612
vn -0.82897 -0.51226 0.22449
vn -0.72316 -0.65893 0.20701
vn -0.65941 -0.73524 -0.15685
vn -0.73346 -0.56898 -0.37188
vn 0.78884 0.57853 0.20744
vn 0.87008 0.49194 -0.03097
vn 0.69280 0.66164 -0.28681
vn 0.71930 0.68067 0.13892
vn -0.77522 -0.57020 0.27185
vn 0.73862 0.65836 0.14494
vn 0.84823 0.51083 0.13984
vn -0.69434 -0.71636 0.06872
vn 0.80517 0.54537 -0.23297
vn -0.65686 -0.72848 -0.19458
vn 0.66592 0.73958 0.09781
vn -0.85038 -0.48132 -0.21258
vn -0.85697 -0.48165 0.18337
vn -0.71982 -0.66006 0.21489
vn -0.67983 -0.72740 -0.09339
vn -0.72972 -0.56873 -0.37956
vn 0.62054 0.75918 -0.19642
vn -0.65467 -0.70907 -0.26199
vn 0.65430 0.74852 -0.10776
vn -0.66062 -0.65709 -0.36306
vn 0.79103 0.57985 0.19507
vn 0.86509 0.50075 -0.02951
vn 0.68433 0.70217 -0.19660
vn 0.68943 0.71244 0.13084
vn -0.77867 -0.57281 0.25604
vn 0.75632 0.63038 0.17494
vn 0.82800 0.53399 0.17107
vn -0.68771 -0.72531 0.03122
vn 0.74671 0.61850 -0.24472
vn -0.62719 -0.73358 -0.26170
vn 0.63690 0.77052 -0.02575
vn -0.88696 -0.45709 -0.06612
vn -0.82897 -0.51226 0.22449
vn -0.73317 -0.64020 0.22936
vn -0.65942 -0.73524 -0.15684
vn -0.73346 -0.56898 -0.37188
vn 0.78884 0.57853 0.20744
vn 0.87008 0.49193 -0.03097
vn 0.69280 0.66164 -0.28681
vn 0.71930 0.68067 0.13892
vn -0.77522 -0.57020 0.27185
vn 0.73861 0.65837 0.14494
vn 0.84823 0.51083 0.13984
vn -0.69552 -0.71774 0.03328
vn 0.80517 0.54537 -0.23297
vn -0.65686 -0.72848 -0.19456
vn 0.66592 0.73958 0.09782
vn -0.85038 -0.48131 -0.21258
vn -0.85697 -0.48165 0.18338
vn -0.71035 -0.67780 0.18973
vn -0.67983 -0.72740 -0.09338
vn -0.72972 -0.56873 -0.37955
vn 0.62054 0.75918 -0.19642
vn -0.65467 -0.70906 -0.26200
vn 0.65430 0.74852 -0.10776
vn -0.66062 -0.65709 -0.36307
vn 0.42046 0.89510 0.14835
vn 0.83161 0.54021 0.12883
vn 0.68433 0.70217 -0.19659
vn -0.39487 -0.89313 0.21541
vn 0.54532 0.74711 0.38006
vn -0.66209 -0.74356 -0.09359
vn 0.74671 0.61850 -0.24472
vn -0.62719 -0.73358 -0.26170
vn -0.51305 -0.85729 -0.04289
vn -0.65941 -0.73524 -0.15684
vn 0.45969 0.80409 0.37700
vn 0.86142 0.48716 0.14361
vn 0.69280 0.66164 -0.28681
vn -0.46613 -0.88451 -0.01890
vn 0.61718 0.15742 0.77091
vn -0.69219 -0.71447 -0.10198
vn 0.80517 0.54536 -0.23297
vn -0.65686 -0.72848 -0.19457
vn -0.60313 -0.78176 -0.15839
vn -0.67983 -0.72740 -0.09339
vn -0.85179 0.51412 -0.10067
vn 0.63819 0.76735 -0.06242
vn 0.34822 -0.69800 0.62573
vn 0.27236 0.86426 -0.42294
vn 0.63690 0.77052 -0.02575
vn -0.72907 -0.37508 0.57252
vn -0.52761 -0.62450 0.57588
vn -0.73346 -0.56897 -0.37190
vn -0.86690 0.49580 0.05152
vn 0.72427 0.68512 -0.07776
vn -0.09837 -0.35520 0.92960
vn 0.34249 0.90070 -0.26730
vn 0.66592 0.73958 0.09781
vn -0.74698 -0.15212 0.64721
vn -0.52209 -0.01193 0.85281
vn 0.59164 -0.50891 0.62528
vn -0.72971 -0.56872 -0.37957
vn 0.62054 0.75918 -0.19641
vn -0.65467 -0.70906 -0.26201
vn 0.65430 0.74852 -0.10776
vn -0.66061 -0.65709 -0.36308
vn 0.63391 -0.51701 0.57519
vn -0.81647 0.52023 -0.25048
vn 0.85605 -0.24061 0.45747
vn -0.66180 0.29040 0.69115
vn 0.52820 -0.14111 0.83731
vn 0.37330 -0.10910 0.92127
vn -0.32532 0.13608 0.93576
vn -0.19094 0.08763 0.97768
vn 0.65641 -0.31811 0.68405
vn -0.35891 0.30970 0.88049
vn 0.22381 -0.08114 0.97125
vn 0.37384 -0.15483 0.91448
vn -0.26120 0.24117 0.93467
vn -0.19897 0.18230 0.96290
vn -0.06638 0.08803 0.99390
vn 0.56594 -0.82445 0.00000
vn -0.56594 0.82445 0.00000
vn 0.56594 -0.82445 0.00000
vn -0.56594 0.82445 0.00000
vn 0.56594 -0.82445 0.00000
vn -0.56594 0.82445 0.00000
vn 0.56594 -0.82445 0.00000
vn -0.56594 0.82445 0.00000
vn 0.56594 -0.82445 0.00000
vn 0.00000 0.00000 1.00000
vn 0.56594 -0.82445 0.00000
vn -0.56594 0.82445 0.00000
vn 0.00000 -0.00000 -1.00000
vn -0.56594 0.82445 0.00000
vn 0.56594 -0.82445 0.00000
vn -0.56594 0.82445 0.00000
vn -0.82445 -0.56594 0.00000
vn 0.56594 -0.82445 0.00000
vn -0.56594 0.82445 0.00000
vn 0.82445 0.56594 0.00000
vn -0.00913 0.01003 -0.99991
vn 0.05990 -0.06581 0.99603
vn -0.00913 0.01003 0.99991
vn 0.03693 -0.04057 -0.99849
vn 0.01389 -0.01527 0.99979
vn -0.00913 0.01003 -0.99991
vn 0.05991 -0.06582 0.99603
vn -0.00913 0.01003 0.99991
vn 0.01390 -0.01527 -0.99979
vn 0.03693 -0.04058 0.99849
vn -0.66464 -0.74716 -0.00006
vn 0.02733 0.11014 0.99354
vn -0.66401 -0.74772 -0.00004
vn 0.01090 0.06507 -0.99782
vn 0.01091 0.06508 0.99782
vn -0.66654 -0.74547 -0.00006
vn -0.02713 0.13057 0.99107
vn -0.00961 -0.00987 -0.99991
vn 0.06504 0.06691 0.99564
vn -0.00945 -0.00997 0.99991
vn 0.03505 0.03482 -0.99878
vn 0.01977 0.02038 0.99960
vn -0.01009 -0.00954 0.99990
vn 0.01536 0.01452 -0.99978
vn -0.01009 -0.00954 -0.99990
vn 0.04082 0.03859 0.99842
vn 0.06620 0.06258 0.99584
vn -0.01077 -0.00845 -0.99991
vn 0.07064 0.05541 0.99596
vn -0.01077 -0.00845 0.99991
vn 0.01639 0.01285 -0.99978
vn 0.04356 0.03416 0.99847
vn -0.01077 -0.00845 -0.99991
vn 0.07064 0.05541 0.99596
vn 0.01639 0.01285 0.99978
vn 0.04355 0.03416 -0.99847
vn -0.01077 -0.00845 0.99991
vn -0.01286 0.00523 -0.99990
vn 0.08439 -0.03432 0.99584
vn -0.01286 0.00523 0.99990
vn 0.01957 -0.00796 -0.99978
vn 0.05204 -0.02116 0.99842
vn -0.01286 0.00523 0.99990
vn 0.05203 -0.02116 -0.99842
vn -0.01286 0.00523 -0.99990
vn 0.01958 -0.00796 0.99978
vn 0.08439 -0.03432 0.99584
vn -0.01304 0.00415 -0.99991
vn 0.08553 -0.02725 -0.99596
vn -0.01304 0.00415 0.99991
vn 0.05274 -0.01680 -0.99847
vn 0.01984 -0.00632 0.99978
vn -0.01304 0.00415 0.99991
vn 0.01984 -0.00632 -0.99978
vn -0.01304 0.00415 -0.99991
vn 0.05274 -0.01681 0.99847
vn 0.08553 -0.02725 -0.99596
vn -0.01077 -0.00845 -0.99991
vn 0.07064 0.05541 0.99596
vn 0.04356 0.03416 0.99847
vn 0.01638 0.01285 -0.99978
vn -0.01077 -0.00845 0.99991
vn -0.01077 -0.00845 -0.99991
vn 0.07064 0.05541 0.99596
vn 0.01639 0.01285 0.99978
vn 0.04355 0.03416 -0.99847
vn -0.01077 -0.00845 0.99991
vn 0.01260 0.00533 0.99991
vn -0.01918 -0.00811 -0.99978
vn 0.01260 0.00533 -0.99991
vn -0.06369 -0.02691 0.99761
vn -0.08268 -0.03494 -0.99596
vn 0.01260 0.00533 -0.99991
vn -0.08269 -0.03494 -0.99596
vn -0.03509 -0.01483 0.99927
vn -0.05098 -0.02154 -0.99847
vn 0.01260 0.00533 0.99991
vn -0.64896 0.76082 0.00000
vn 0.64896 -0.76082 0.00000
vn 0.00726 -0.00851 -0.99994
vn 0.03195 -0.03746 0.99879
vn 0.03195 -0.03746 -0.99879
vn 0.00726 -0.00851 0.99994
vn -0.64937 0.76047 0.00000
vn 0.63502 -0.77249 0.00000
vn -0.66119 0.75022 0.00000
vn 0.63262 -0.77446 0.00000
vn -0.66119 0.75022 0.00000
vn 0.63262 -0.77446 0.00000
vn -0.63740 0.77053 0.00000
vn 0.63742 -0.77051 0.00000
vn -0.63740 0.77053 0.00000
vn 0.00000 -0.00000 -1.00000
vn -0.00956 0.01026 -0.99990
vn -0.77052 -0.63742 0.00000
vn 0.00421 -0.00632 0.99997
vn 0.04295 -0.05191 -0.99773
vn -0.02632 0.03182 0.99915
vn 0.08528 0.25586 -0.96295
vn -0.25586 0.08529 -0.96295
vn 0.25585 -0.08529 -0.96295
vn -0.08529 -0.25586 -0.96295
vn -0.06396 0.19188 -0.97933
vn -0.15315 -0.05105 -0.98688
vn 0.15315 0.05105 -0.98688
vn 0.06396 -0.19188 -0.97933
vn 0.08528 0.25586 0.96295
vn -0.25586 0.08529 0.96295
vn 0.25585 -0.08529 0.96295
vn -0.08529 -0.25586 0.96295
vn -0.06396 0.19188 0.97933
vn -0.15315 -0.05105 0.98688
vn 0.15315 0.05105 0.98688
vn 0.06396 -0.19188 0.97933
vn 0.77329 0.63405 0.00000
vn -0.77329 -0.63405 0.00000
vn 0.77329 0.63405 0.00000
vn -0.77329 -0.63405 0.00000
vn 0.77329 0.63405 0.00000
vn -0.77329 -0.63405 0.00000
vn 0.77329 0.63405 0.00000
vn -0.77329 -0.63405 0.00000
vn 0.77329 0.63405 0.00000
vn 0.77330 0.63405 0.00000
vn -0.77329 -0.63405 0.00000
vn 0.77330 0.63405 0.00000
vn 0.77329 0.63405 0.00000
vn -0.77329 -0.63405 0.00000
vn 0.77329 0.63405 0.00000
vn -0.77329 -0.63405 0.00000
vn 0.63405 -0.77329 0.00000
vn 0.77329 0.63405 0.00000
vn -0.63405 0.77329 0.00000
vn 0.02305 -0.99973 0.00000
vn -0.02311 0.99973 0.00000
vn 0.00000 -0.00000 1.00000
vn 0.04999 -0.99875 0.00000
vn 0.00205 -0.04578 -0.99895
vn -0.04999 0.99875 0.00000
vn -0.01406 -0.00224 0.99990
vn 0.12645 -0.99197 0.00000
vn -0.01406 -0.00224 -0.99990
vn -0.16721 0.98592 0.00000
vn -0.64146 -0.10197 0.76035
vn -0.82125 -0.57057 0.00000
vn -0.64145 -0.10197 -0.76036
vn -0.95768 0.28783 0.00000
vn -0.98760 -0.15699 0.00000
vn 0.00000 -0.00000 1.00000
vn -0.00513 0.04558 0.99895
vn 0.07882 -0.99689 0.00000
vn 0.10682 -0.99428 0.00000
vn 0.00000 -0.00000 -1.00000
vn -0.00000 0.00000 -1.00000
vn -0.07895 0.99688 0.00000
vn -0.10686 0.99427 0.00000
vn 0.99765 0.02444 -0.06403
vn 0.99544 -0.09541 0.00000
vn 0.99765 0.02444 0.06403
vn 0.98957 0.14407 0.00000
vn 0.99970 0.02449 0.00000
vn 0.00000 -0.00000 1.00000
vn 0.01436 -0.62279 0.78226
vn -0.00000 -0.00000 1.00000
vn -0.01439 0.62279 0.78226
vn 0.02364 -0.99972 0.00000
vn 0.01437 -0.62279 -0.78226
vn 0.03361 -0.99944 0.00000
vn 0.00000 -0.00000 -1.00000
vn -0.01439 0.62279 -0.78226
vn -0.00147 0.03272 -0.99946
vn -0.02364 0.99972 0.00000
vn -0.03366 0.99943 0.00000
vn -0.00000 0.00000 1.00000
vn -0.03114 0.62222 0.78223
vn 0.03114 -0.62222 0.78222
vn 0.06387 -0.99796 0.00000
vn 0.03393 -0.67415 -0.73782
vn -0.00000 0.00000 -1.00000
vn -0.03115 0.62222 -0.78223
vn -0.06390 0.99796 -0.00000
vn -0.05081 -0.00808 0.99868
vn -0.10923 0.61334 0.78223
vn 0.00368 -0.03257 0.99946
vn 0.07370 -0.61884 0.78205
vn 0.08360 -0.99650 0.00000
vn 0.12443 -0.99223 0.00000
vn 0.07370 -0.61884 -0.78205
vn -0.05081 -0.00808 -0.99868
vn 0.00001 0.00000 -1.00000
vn -0.10924 0.61333 -0.78223
vn -0.23102 0.97295 0.00000
vn -0.12426 0.99225 0.00000
vn -0.92032 -0.14629 0.36279
vn -0.60311 0.45244 0.65693
vn -0.43211 -0.61738 0.65736
vn -0.90053 -0.43479 0.00000
vn -0.43211 -0.61739 -0.65736
vn -0.92032 -0.14629 -0.36279
vn -0.60310 0.45245 -0.65693
vn -0.99096 0.13413 0.00000
vn -0.04918 0.62113 0.78216
vn 0.04912 -0.62113 0.78216
vn -0.00001 0.00000 1.00000
vn 0.06657 -0.61965 0.78205
vn -0.07197 0.67137 0.73762
vn 0.04912 -0.62113 -0.78216
vn 0.09343 -0.99563 -0.00000
vn 0.06657 -0.61965 -0.78205
vn -0.04918 0.62113 -0.78216
vn -0.00001 0.00000 -1.00000
vn -0.06659 0.61965 -0.78205
vn -0.09357 0.99561 0.00000
vn 0.99819 0.02446 -0.05486
vn 0.99595 0.06975 -0.05682
vn 0.99816 -0.02091 -0.05683
vn 0.99977 -0.02129 0.00000
vn 0.99816 -0.02091 0.05683
vn 0.99819 0.02446 0.05486
vn 0.99595 0.06975 0.05682
vn 0.99753 0.07021 0.00000
vn -0.01472 0.62278 0.78226
vn -0.02097 0.62261 0.78225
vn 0.01472 -0.62277 0.78227
vn 0.02094 -0.62261 0.78225
vn 0.01472 -0.62277 -0.78227
vn 0.01888 -0.54512 -0.83815
vn -0.01472 0.62278 -0.78226
vn -0.02097 0.62261 -0.78225
vn -0.03981 0.62172 0.78223
vn 0.03979 -0.62173 0.78222
vn 0.03979 -0.62173 -0.78222
vn -0.03981 0.62172 -0.78223
vn -0.06719 0.54145 0.83805
vn 0.07752 -0.61826 0.78214
vn 0.07752 -0.61826 -0.78214
vn -0.07743 0.61827 -0.78214
vn -0.16226 0.60338 0.78077
vn 0.03379 -0.62386 0.78080
vn 0.03379 -0.62386 -0.78080
vn -0.16226 0.60338 -0.78077
vn -0.94487 0.01775 0.32696
vn -0.89280 -0.30986 0.32696
vn -0.89279 -0.30986 -0.32696
vn -0.94487 0.01775 -0.32696
vn -0.05830 0.62045 0.78208
vn 0.05823 -0.62045 0.78208
vn 0.05823 -0.62045 -0.78208
vn -0.05830 0.62045 -0.78208
vn 0.99743 0.04134 0.05858
vn 0.99825 0.00755 0.05857
vn 0.99825 0.00755 -0.05857
vn 0.99743 0.04134 -0.05858
vn 0.94817 -0.23710 0.21157
vn 0.91283 -0.40706 -0.03239
vn 0.97322 0.04379 -0.22568
vn 0.98790 0.04662 0.14790
vn -0.94665 0.23235 0.22332
vn 0.97233 -0.14006 0.18699
vn 0.92517 -0.33007 0.18739
vn -0.99710 -0.07586 -0.00566
vn 0.95121 -0.13336 -0.27822
vn -0.94257 -0.15216 -0.29733
vn 0.98189 0.18708 -0.03000
vn -0.88613 0.45490 -0.08849
vn -0.92545 0.32898 0.18794
vn -0.97439 0.05710 0.21752
vn -0.97690 -0.11596 -0.17949
vn -0.89429 0.17299 -0.41269
vn 0.94534 -0.23699 0.22397
vn 0.90624 -0.42146 -0.03318
vn 0.94529 -0.01704 -0.32579
vn 0.98720 -0.02645 0.15728
vn -0.94240 0.22234 0.24989
vn 0.98428 -0.08305 0.15584
vn 0.91328 -0.37773 0.15243
vn -0.99562 -0.04967 0.07919
vn 0.92142 -0.28887 -0.25987
vn -0.96871 -0.11026 -0.22235
vn 0.98728 0.11275 0.11206
vn -0.65260 0.73489 -0.18450
vn -0.90589 0.39518 0.15230
vn -0.97021 0.04368 0.23831
vn -0.99085 -0.08145 -0.10765
vn -0.88907 0.17429 -0.42330
vn 0.95558 0.19238 -0.22331
vn -0.95017 -0.08845 -0.29892
vn 0.98265 0.13884 -0.12294
vn -0.91223 -0.01672 -0.40934
vn 0.94680 -0.23597 0.21884
vn 0.91282 -0.40706 -0.03240
vn 0.97322 0.04379 -0.22569
vn 0.98735 0.04939 0.15066
vn -0.90954 0.22335 0.35052
vn 0.97084 -0.13373 0.19894
vn 0.92496 -0.32972 0.18904
vn -0.99695 -0.06921 0.03601
vn 0.95121 -0.13337 -0.27823
vn -0.94257 -0.15216 -0.29733
vn 0.98189 0.18708 -0.03000
vn -0.87807 0.47382 -0.06708
vn -0.89447 0.35249 0.27510
vn -0.95343 0.09185 0.28730
vn -0.97690 -0.11596 -0.17949
vn -0.89429 0.17299 -0.41269
vn 0.94383 -0.23471 0.23258
vn 0.90624 -0.42147 -0.03318
vn 0.94529 -0.01704 -0.32580
vn 0.98679 -0.02644 0.15984
vn -0.91159 0.22523 0.34390
vn 0.98311 -0.07759 0.16577
vn 0.91340 -0.37724 0.15294
vn -0.99802 -0.04998 0.03828
vn 0.92142 -0.28888 -0.25988
vn -0.96871 -0.11026 -0.22235
vn 0.98728 0.11275 0.11206
vn -0.29951 0.93579 0.18601
vn -0.88704 0.41280 0.20676
vn -0.97496 0.02298 0.22118
vn -0.99085 -0.08145 -0.10765
vn -0.88907 0.17429 -0.42329
vn 0.95558 0.19237 -0.22330
vn -0.95017 -0.08845 -0.29891
vn 0.98265 0.13884 -0.12294
vn -0.91223 -0.01672 -0.40934
vn 0.94680 -0.23597 0.21884
vn 0.91283 -0.40706 -0.03240
vn 0.97322 0.04380 -0.22568
vn 0.98735 0.04938 0.15067
vn -0.93040 0.22884 0.28632
vn 0.97084 -0.13373 0.19894
vn 0.92496 -0.32972 0.18904
vn -0.99710 -0.07586 -0.00566
vn 0.95121 -0.13337 -0.27823
vn -0.94257 -0.15216 -0.29732
vn 0.98189 0.18707 -0.02999
vn -0.87854 0.47277 -0.06823
vn -0.90278 0.35277 0.24605
vn -0.97002 0.05726 0.23618
vn -0.97690 -0.11596 -0.17949
vn -0.89429 0.17299 -0.41270
vn 0.94383 -0.23471 0.23258
vn 0.90624 -0.42146 -0.03318
vn 0.94529 -0.01704 -0.32580
vn 0.98679 -0.02644 0.15984
vn -0.92524 0.22745 0.30363
vn 0.98311 -0.07759 0.16577
vn 0.91340 -0.37724 0.15294
vn -0.99562 -0.04967 0.07919
vn 0.92142 -0.28887 -0.25987
vn -0.96871 -0.11025 -0.22235
vn 0.98728 0.11274 0.11207
vn -0.65779 0.73478 -0.16559
vn -0.88782 0.41539 0.19807
vn -0.96812 0.05179 0.24505
vn -0.99085 -0.08145 -0.10765
vn -0.88907 0.17429 -0.42329
vn 0.95558 0.19238 -0.22330
vn -0.95017 -0.08844 -0.29893
vn 0.98266 0.13884 -0.12293
vn -0.91223 -0.01671 -0.40934
vn 0.94680 -0.23597 0.21883
vn 0.91283 -0.40706 -0.03239
vn 0.97322 0.04380 -0.22568
vn 0.98735 0.04939 0.15066
vn -0.93041 0.22885 0.28630
vn 0.97084 -0.13374 0.19893
vn 0.92496 -0.32972 0.18904
vn -0.99710 -0.07586 -0.00566
vn 0.95121 -0.13336 -0.27822
vn -0.94257 -0.15216 -0.29733
vn 0.98189 0.18708 -0.03001
vn -0.87854 0.47277 -0.06823
vn -0.90278 0.35277 0.24604
vn -0.97002 0.05726 0.23617
vn -0.97690 -0.11596 -0.17949
vn -0.89429 0.17300 -0.41269
vn 0.94383 -0.23471 0.23258
vn 0.90624 -0.42146 -0.03318
vn 0.94529 -0.01704 -0.32579
vn 0.98679 -0.02643 0.15984
vn -0.92525 0.22745 0.30361
vn 0.98311 -0.07759 0.16577
vn 0.91340 -0.37724 0.15294
vn -0.99562 -0.04967 0.07919
vn 0.92142 -0.28887 -0.25987
vn -0.96871 -0.11026 -0.22235
vn 0.98728 0.11275 0.11206
vn -0.65779 0.73478 -0.16559
vn -0.88782 0.41539 0.19807
vn -0.96813 0.05180 0.24504
vn -0.99085 -0.08145 -0.10765
vn -0.88906 0.17430 -0.42330
vn 0.95558 0.19237 -0.22331
vn -0.95017 -0.08845 -0.29891
vn 0.98265 0.13884 -0.12295
vn -0.91223 -0.01672 -0.40934
vn 0.94680 -0.23597 0.21884
vn 0.91282 -0.40706 -0.03239
vn 0.97322 0.04380 -0.22568
vn 0.98735 0.04939 0.15066
vn -0.93041 0.22885 0.28630
vn 0.97084 -0.13373 0.19894
vn 0.92496 -0.32972 0.18904
vn -0.99695 -0.06920 0.03601
vn 0.95121 -0.13336 -0.27822
vn -0.94257 -0.15216 -0.29732
vn 0.98189 0.18708 -0.03000
vn -0.87854 0.47277 -0.06823
vn -0.90278 0.35277 0.24605
vn -0.96091 0.09286 0.26082
vn -0.97690 -0.11596 -0.17948
vn -0.89429 0.17300 -0.41270
vn 0.94383 -0.23471 0.23258
vn 0.90623 -0.42148 -0.03318
vn 0.94529 -0.01704 -0.32578
vn 0.98679 -0.02643 0.15984
vn -0.92525 0.22745 0.30361
vn 0.98311 -0.07759 0.16577
vn 0.91340 -0.37725 0.15294
vn -0.99802 -0.04998 0.03828
vn 0.92142 -0.28887 -0.25987
vn -0.96871 -0.11025 -0.22235
vn 0.98728 0.11275 0.11206
vn -0.65779 0.73478 -0.16559
vn -0.88782 0.41539 0.19807
vn -0.97601 0.01802 0.21700
vn -0.99085 -0.08144 -0.10765
vn -0.88907 0.17429 -0.42330
vn 0.95558 0.19237 -0.22329
vn -0.95017 -0.08844 -0.29893
vn 0.98265 0.13884 -0.12294
vn -0.91223 -0.01671 -0.40934
vn 0.81994 0.55149 0.15348
vn 0.93462 -0.32557 0.14313
vn 0.97322 0.04380 -0.22567
vn -0.79152 -0.57018 0.21997
vn 0.86978 0.25223 0.42410
vn -0.98656 -0.12292 -0.10767
vn 0.95121 -0.13337 -0.27822
vn -0.94258 -0.15215 -0.29732
vn -0.90537 -0.42124 -0.05347
vn -0.97690 -0.11597 -0.17949
vn 0.81430 0.41384 0.40699
vn 0.68925 -0.63405 0.35060
vn 0.94529 -0.01704 -0.32579
vn -0.86658 -0.49824 -0.02833
vn 0.52800 -0.40945 0.74402
vn -0.99181 -0.04987 -0.11760
vn 0.92142 -0.28888 -0.25987
vn -0.96871 -0.11026 -0.22236
vn -0.95493 -0.23762 -0.17788
vn -0.99085 -0.08146 -0.10766
vn 0.16972 0.97531 -0.14128
vn 0.98179 0.17727 -0.06832
vn -0.18187 -0.85985 0.47705
vn 0.67883 0.61948 -0.39424
vn -0.16099 0.98464 -0.06755
vn 0.98189 0.18708 -0.03000
vn -0.70881 0.38237 0.59277
vn -0.76950 -0.11120 0.62889
vn -0.89428 0.17300 -0.41271
vn 0.17290 0.98110 0.08686
vn 0.99576 -0.02699 -0.08789
vn -0.41169 -0.68306 0.60328
vn 0.77188 0.57051 -0.28059
vn 0.98728 0.11275 0.11206
vn -0.58675 0.54476 0.59913
vn -0.36726 0.44881 0.81467
vn 0.05819 -0.88379 0.46426
vn -0.88906 0.17430 -0.42331
vn 0.95558 0.19237 -0.22330
vn -0.95017 -0.08845 -0.29893
vn 0.98265 0.13884 -0.12294
vn -0.91222 -0.01671 -0.40935
vn 0.07344 -0.90570 0.41751
vn -0.14531 0.97489 -0.16877
vn 0.30419 -0.88840 0.34382
vn -0.19909 0.81343 0.54653
vn 0.18170 -0.82469 0.53560
vn -0.04148 0.63518 0.77125
vn 0.08084 -0.25917 0.96244
vn 0.12608 -0.46840 0.87448
vn -0.02234 0.49645 0.86778
vn -0.01821 0.38330 0.92345
vn 0.00936 0.16445 0.98634
vn 0.00114 -0.05052 0.99872
vn 0.02305 -0.99973 0.00000
vn 0.00114 -0.05052 -0.99872
vn -0.02294 0.99974 0.00000
vn 0.00000 -0.00000 1.00000
vn 0.04999 -0.99875 0.00000
vn 0.00000 -0.00000 -1.00000
vn -0.04999 0.99875 0.00000
vn -0.01948 -0.00309 0.99981
vn 0.12591 -0.99204 0.00000
vn -0.01948 -0.00309 -0.99981
vn -0.16773 0.98583 0.00000
vn -0.64303 -0.10221 0.75899
vn -0.52036 -0.85395 0.00000
vn -0.64302 -0.10221 -0.75900
vn -0.75949 0.65052 0.00000
vn -0.98760 -0.15698 0.00000
vn -0.00000 0.00000 1.00000
vn -0.00515 0.05032 0.99872
vn 0.07882 -0.99689 0.00000
vn 0.10682 -0.99428 0.00000
vn -0.00000 0.00000 -1.00000
vn -0.00515 0.05032 -0.99872
vn -0.07895 0.99688 0.00000
vn -0.10686 0.99427 0.00000
vn 0.92684 0.02267 -0.37478
vn 0.95944 -0.28192 0.00000
vn 0.92684 0.02267 0.37478
vn 0.94456 0.32834 0.00000
vn 0.99970 0.02449 0.00000
vn 0.04341 0.00106 0.99906
vn 0.01574 -0.68184 0.73133
vn -0.00082 0.03611 0.99935
vn -0.01345 0.57886 0.81532
vn 0.06798 -0.99769 0.00000
vn 0.01574 -0.68184 -0.73133
vn 0.03361 -0.99944 0.00000
vn 0.04341 0.00106 -0.99906
vn -0.01345 0.57886 -0.81532
vn -0.00082 0.03611 -0.99935
vn 0.02066 0.99979 0.00000
vn -0.03735 0.99930 0.00000
vn -0.00000 -0.00000 1.00000
vn -0.03159 0.63116 0.77501
vn 0.03159 -0.63117 0.77500
vn 0.06387 -0.99796 -0.00000
vn 0.03159 -0.63117 -0.77500
vn -0.00000 -0.00000 -1.00000
vn -0.03159 0.63116 -0.77501
vn -0.06390 0.99796 0.00000
vn -0.15593 -0.02479 0.98746
vn -0.11608 0.67210 0.73130
vn 0.00000 0.00000 1.00000
vn 0.08343 -0.67711 0.73114
vn 0.02786 -0.99961 0.00000
vn 0.12443 -0.99223 -0.00000
vn 0.08343 -0.67711 -0.73114
vn -0.15593 -0.02479 -0.98746
vn 0.00000 0.00000 -1.00000
vn -0.11608 0.67210 -0.73130
vn -0.28341 0.95900 0.00000
vn -0.12429 0.99225 0.00000
vn -0.91105 -0.14481 0.38602
vn -0.60953 0.35194 0.71036
vn -0.47037 -0.52359 0.71036
vn -0.89730 -0.44141 0.00000
vn -0.47036 -0.52359 -0.71036
vn -0.91105 -0.14481 -0.38602
vn -0.60952 0.35195 -0.71036
vn -0.98995 0.14143 0.00000
vn -0.04989 0.63005 0.77495
vn 0.04982 -0.63006 0.77495
vn 0.00367 -0.03597 0.99935
vn 0.06753 -0.62853 0.77485
vn -0.07310 0.67832 0.73112
vn 0.04982 -0.63006 -0.77495
vn 0.09343 -0.99563 -0.00000
vn 0.06753 -0.62853 -0.77485
vn -0.04989 0.63005 -0.77495
vn 0.00367 -0.03597 -0.99935
vn -0.07310 0.67832 -0.73112
vn -0.09356 0.99561 0.00000
vn 0.97811 0.02396 -0.20671
vn 0.94458 0.24260 -0.22118
vn 0.95526 -0.19624 -0.22129
vn 0.98514 -0.17177 0.00000
vn 0.95526 -0.19624 0.22129
vn 0.97811 0.02396 0.20671
vn 0.94458 0.24260 0.22118
vn 0.97558 0.21966 0.00000
vn 0.02850 0.63218 0.77430
vn -0.02141 0.70081 0.71303
vn 0.05841 -0.63009 0.77433
vn 0.01814 -0.55695 0.83035
vn 0.05841 -0.63009 -0.77433
vn 0.01814 -0.55695 -0.83035
vn 0.02850 0.63218 -0.77430
vn -0.02141 0.70081 -0.71303
vn -0.04038 0.63066 0.77501
vn 0.04036 -0.63066 0.77501
vn 0.04036 -0.63066 -0.77501
vn -0.04038 0.63066 -0.77501
vn -0.07857 0.62715 0.77493
vn 0.07864 -0.62714 0.77493
vn 0.07864 -0.62714 -0.77493
vn -0.07857 0.62715 -0.77493
vn -0.25210 0.58975 0.76723
vn -0.05684 -0.63884 0.76724
vn -0.05684 -0.63884 -0.76724
vn -0.25210 0.58975 -0.76723
vn -0.93645 0.09995 0.33625
vn -0.85931 -0.38538 0.33625
vn -0.85931 -0.38538 -0.33626
vn -0.93645 0.09995 -0.33626
vn -0.05259 0.55496 0.83021
vn 0.05906 -0.62935 0.77488
vn 0.05906 -0.62935 -0.77488
vn -0.05259 0.55496 -0.83021
vn 0.97361 0.12313 0.19217
vn 0.97845 -0.07538 0.19222
vn 0.97845 -0.07538 -0.19222
vn 0.97361 0.12313 -0.19217
vn 0.00804 -0.99997 0.00000
vn -0.00804 0.99997 0.00000
vn -0.00011 0.01414 -0.99990
vn -0.00050 0.06242 0.99805
vn -0.00050 0.06242 -0.99805
vn -0.00011 0.01414 0.99990
vn 0.00834 -0.99997 0.00000
vn 0.00166 1.00000 0.00000
vn 0.01668 -0.99986 0.00000
vn 0.00331 0.99999 0.00000
vn 0.00331 0.99999 0.00000
vn 0.00000 -1.00000 0.00000
vn 0.00000 1.00000 0.00000
vn 0.00000 -0.00000 -1.00000
vn 0.00056 -0.01798 -0.99984
vn 1.00000 0.00000 0.00000
vn 0.00053 0.00946 0.99996
vn 0.00000 0.08525 -0.99636
vn 0.00000 -0.05267 0.99861
vn -1.00000 0.00000 0.00000
vn -1.00000 0.00000 0.00000
vn 1.00000 0.00000 0.00000
vn 0.00000 -1.00000 -0.00000
vn 0.00033 -0.01810 -0.99984
vn -0.00214 0.11835 0.99297
vn 0.00033 -0.01809 0.99984
vn -0.00132 0.07302 -0.99733
vn -0.00049 0.02744 0.99962
vn 0.14070 -0.99005 0.00000
vn -0.05396 0.10540 0.99296
vn 0.14210 -0.98985 0.00000
vn -0.03394 0.05627 -0.99784
vn -0.03394 0.05627 0.99784
vn 0.13649 -0.99064 0.00000
vn -0.08686 0.05691 0.99459
vn 0.00220 -0.01771 -0.99984
vn -0.01491 0.11945 0.99273
vn 0.00230 -0.01761 0.99984
vn -0.00743 0.06361 -0.99795
vn -0.00454 0.03636 0.99933
vn 0.00143 -0.01805 -0.99984
vn -0.00935 0.11808 0.99296
vn 0.00167 -0.01804 0.99984
vn -0.00385 0.05014 -0.99873
vn -0.00476 0.05009 0.99873
vn 0.00076 -0.01809 -0.99984
vn -0.00496 0.11826 0.99297
vn 0.00076 -0.01808 0.99984
vn -0.00115 0.02742 -0.99962
vn -0.00306 0.07297 0.99733
vn 0.00033 -0.01810 -0.99984
vn -0.00214 0.11836 0.99297
vn 0.00033 -0.01810 0.99984
vn -0.00050 0.02744 -0.99962
vn -0.00132 0.07302 0.99733
vn 0.00119 -0.01807 -0.99984
vn -0.00777 0.11817 0.99296
vn 0.00119 -0.01807 0.99984
vn -0.00180 0.02740 -0.99962
vn -0.00480 0.07292 0.99733
vn 0.07630 -0.20208 -0.97639
vn -0.00645 -0.17106 -0.98524
vn 0.08850 -0.19242 -0.97731
vn 0.06042 -0.12224 -0.99066
vn 0.06042 -0.12224 0.99066
vn 0.08851 -0.19242 0.97731
vn 0.55259 0.83346 -0.00001
vn 0.58180 0.81333 0.00000
vn -0.07131 -0.10668 -0.99173
vn 0.63955 0.76875 0.00000
vn 0.66799 0.74417 0.00000
vn -0.07806 -0.09394 -0.99251
vn 0.78805 0.61561 0.00000
vn 0.74353 0.66870 0.00000
vn 0.74353 0.66870 0.00000
vn -0.09340 -0.07297 -0.99295
vn -0.08855 -0.07972 -0.99288
vn -0.08685 -0.06202 -0.99429
vn -0.08685 -0.06202 -0.99429
vn 0.02677 0.01911 -0.99946
vn 0.02677 0.01912 -0.99946
vn 0.02678 0.01912 0.99946
vn 0.02678 0.01912 0.99946
vn -0.08686 -0.06202 0.99429
vn -0.08686 -0.06202 0.99429
vn 0.56545 -0.82478 0.00001
vn 0.56545 -0.82478 0.00000
vn 0.56545 -0.82478 0.00000
vn 0.56545 -0.82478 0.00000
vn 0.56545 -0.82478 -0.00001
vn 0.56545 -0.82478 0.00000
vn 0.16339 0.11629 -0.97968
vn 0.14715 0.10524 -0.98350
vn -0.17865 -0.12138 -0.97640
vn -0.17506 -0.11935 -0.97730
vn -0.56545 0.82478 0.00000
vn -0.56545 0.82478 0.00000
vn -0.56546 0.82478 0.00000
vn -0.05985 -0.04032 0.99739
vn 0.16338 0.11628 0.97969
vn 0.14782 0.10424 0.98351
vn -0.17735 -0.12083 0.97670
vn -0.18250 -0.12301 0.97548
vn -0.17475 -0.11981 -0.97730
vn 0.14918 0.10227 -0.98351
vn 0.14917 0.10227 0.98351
vn -0.17474 -0.11980 0.97730
vn -0.61501 0.51071 0.60078
vn -0.61448 0.51135 0.60078
vn -0.60538 0.52215 -0.60073
vn 0.61513 -0.51059 -0.60076
vn 0.61447 -0.51134 -0.60079
vn 0.60534 -0.52222 0.60072
vn -0.59010 0.53967 -0.60045
vn -0.57686 0.55424 -0.60004
vn 0.59011 -0.53969 0.60042
vn 0.57684 -0.55428 0.60003
vn -0.51776 0.61321 -0.59658
vn -0.67156 0.44580 -0.59184
vn -0.51624 0.61462 0.59644
vn 0.47103 -0.65349 0.59252
vn 0.31712 -0.76098 0.56599
vn 0.51641 -0.61446 -0.59646
vn -0.73293 0.35751 -0.57880
vn -0.73289 0.35755 0.57882
vn -0.56232 0.56968 0.59938
vn -0.54791 0.58450 0.59847
vn -0.53443 0.59779 0.59752
vn 0.56218 -0.56981 -0.59939
vn 0.54776 -0.58463 -0.59847
vn 0.53438 -0.59782 -0.59753
vn -0.00000 0.00000 1.00000
vn 0.39291 -0.32698 0.85948
vn -0.39290 0.32699 0.85948
vn -0.61446 0.51136 0.60079
vn -0.39293 0.32696 -0.85948
vn -0.61447 0.51137 -0.60077
vn -0.00003 -0.00003 -1.00000
vn 0.39289 -0.32701 -0.85948
vn 0.61447 -0.51137 -0.60078
vn 0.61446 -0.51136 0.60079
vn 0.69163 0.66125 0.29052
vn 0.67712 0.65221 0.34078
vn 0.70420 0.66841 0.23943
vn 0.00820 -0.00901 0.99993
vn 0.36897 -0.34461 0.86320
vn 0.36897 -0.34461 0.86320
vn 0.00820 -0.00901 0.99993
vn -0.38619 0.35831 0.84998
vn -0.38619 0.35831 0.84998
vn -0.59594 0.55391 0.58142
vn -0.59594 0.55391 0.58142
vn 0.56131 -0.52333 0.64114
vn 0.56131 -0.52332 0.64114
vn 0.56365 -0.52373 -0.63875
vn 0.36344 -0.33708 -0.86850
vn 0.36344 -0.33708 -0.86850
vn 0.56365 -0.52373 -0.63875
vn 0.11682 -0.10738 -0.98733
vn 0.11682 -0.10738 -0.98733
vn -0.56126 0.52332 -0.64119
vn -0.56126 0.52332 -0.64119
vn -0.36064 0.33689 -0.86974
vn -0.36064 0.33689 -0.86974
vn -0.11414 0.10760 -0.98762
vn -0.11414 0.10760 -0.98762
vn -0.01187 -0.07067 0.99743
vn -0.08411 -0.00913 0.99641
vn 0.24546 -0.27215 0.93042
vn 0.43016 -0.40148 0.80856
vn -0.30372 0.22944 0.92472
vn -0.44389 0.40232 0.80069
vn -0.56525 0.51981 0.64054
vn -0.56363 0.52375 0.63875
vn 0.56131 -0.52333 0.64114
vn 0.56131 -0.52333 0.64114
vn 0.56365 -0.52374 -0.63875
vn 0.56365 -0.52373 -0.63875
vn 0.43956 -0.40802 -0.80019
vn 0.28169 -0.26092 -0.92335
vn 0.11682 -0.10738 -0.98733
vn 0.11682 -0.10738 -0.98733
vn -0.56126 0.52332 -0.64119
vn -0.56126 0.52332 -0.64119
vn -0.36064 0.33689 -0.86974
vn -0.36064 0.33689 -0.86974
vn -0.11414 0.10760 -0.98762
vn -0.11414 0.10760 -0.98762
vn -0.00136 -0.00011 1.00000
vn 0.36068 -0.33690 0.86972
vn 0.36068 -0.33690 0.86972
vn -0.00136 -0.00011 1.00000
vn -0.36343 0.33709 0.86850
vn -0.36343 0.33709 0.86850
vn -0.56362 0.52376 0.63875
vn -0.56363 0.52376 0.63875
vn 0.56131 -0.52333 0.64114
vn 0.56131 -0.52333 0.64114
vn 0.56365 -0.52374 -0.63875
vn 0.36344 -0.33708 -0.86850
vn 0.36344 -0.33708 -0.86850
vn 0.56365 -0.52373 -0.63875
vn 0.11682 -0.10738 -0.98733
vn 0.11682 -0.10738 -0.98733
vn -0.56126 0.52332 -0.64119
vn -0.56126 0.52332 -0.64119
vn -0.36064 0.33689 -0.86974
vn -0.36064 0.33689 -0.86974
vn -0.11414 0.10760 -0.98762
vn -0.11414 0.10760 -0.98762
vn -0.00136 -0.00011 1.00000
vn 0.36068 -0.33690 0.86972
vn 0.36068 -0.33690 0.86972
vn -0.00136 -0.00011 1.00000
vn -0.36343 0.33709 0.86850
vn -0.36343 0.33709 0.86850
vn -0.56362 0.52376 0.63875
vn -0.56362 0.52376 0.63875
vn 0.56131 -0.52333 0.64114
vn 0.56131 -0.52333 0.64114
vn 0.56365 -0.52374 -0.63875
vn 0.36344 -0.33708 -0.86850
vn 0.36344 -0.33708 -0.86850
vn 0.56365 -0.52373 -0.63875
vn 0.11682 -0.10738 -0.98733
vn 0.11682 -0.10738 -0.98733
vn -0.56126 0.52332 -0.64120
vn -0.56126 0.52331 -0.64119
vn -0.36064 0.33689 -0.86974
vn -0.36064 0.33689 -0.86974
vn -0.11414 0.10760 -0.98762
vn -0.11414 0.10760 -0.98762
vn -0.00136 -0.00011 1.00000
vn 0.43688 -0.40773 0.80181
vn 0.27892 -0.26088 0.92420
vn -0.00136 -0.00011 1.00000
vn -0.36343 0.33709 0.86850
vn -0.36343 0.33710 0.86850
vn -0.56362 0.52376 0.63875
vn -0.56363 0.52375 0.63875
vn 0.56132 -0.52333 0.64113
vn 0.56131 -0.52333 0.64114
vn 0.56365 -0.52374 -0.63875
vn 0.36344 -0.33708 -0.86850
vn 0.36344 -0.33708 -0.86850
vn 0.56365 -0.52373 -0.63875
vn 0.11682 -0.10738 -0.98733
vn 0.11682 -0.10738 -0.98733
vn -0.56126 0.52332 -0.64119
vn -0.56126 0.52332 -0.64119
vn -0.43683 0.40771 -0.80184
vn -0.27889 0.26087 -0.92421
vn -0.11414 0.10760 -0.98762
vn -0.11414 0.10760 -0.98762
vn 0.05729 -0.09002 0.99429
vn 0.24009 -0.20631 0.94857
vn 0.03493 -0.10518 0.99384
vn 0.48444 -0.45192 0.74906
vn 0.52756 -0.43034 0.73245
vn 0.56365 -0.52373 -0.63875
vn 0.36344 -0.33708 -0.86850
vn 0.36344 -0.33708 -0.86850
vn 0.56365 -0.52373 -0.63875
vn 0.11682 -0.10738 -0.98733
vn 0.11682 -0.10738 -0.98733
vn -0.19509 0.01916 0.98060
vn -0.18861 0.02222 0.98180
vn -0.18883 0.02341 0.98173
vn 0.04618 0.97197 -0.23053
vn 0.04271 0.98685 0.15590
vn -0.29646 0.21150 0.93133
vn -0.51687 0.48014 0.70874
vn -0.79658 -0.47352 -0.37582
vn -0.79260 -0.40837 -0.45280
vn -0.43683 0.40771 -0.80184
vn -0.56126 0.52331 -0.64120
vn -0.56126 0.52332 -0.64120
vn -0.27889 0.26087 -0.92421
vn -0.11414 0.10760 -0.98762
vn -0.11414 0.10760 -0.98762
vn -0.56594 0.82445 0.00000
vn -0.82445 -0.56594 0.00000
vn 0.00000 0.00000 -1.00000
vn -0.67307 0.73958 0.00003
vn -0.67307 0.73958 0.00006
vn -0.67307 0.73958 0.00000
vn 0.05989 -0.06580 -0.99603
vn 0.05989 -0.06581 -0.99603
vn -0.02713 0.13055 -0.99107
vn 0.02733 0.11013 -0.99354
vn -0.03716 0.12422 -0.99156
vn -0.02645 0.07865 -0.99655
vn -0.02645 0.07866 0.99655
vn -0.03716 0.12424 0.99156
vn -0.68467 -0.72886 -0.00002
vn -0.70600 -0.70821 0.00000
vn 0.06464 0.06834 -0.99557
vn 0.08554 -0.02726 0.99596
vn 0.08554 -0.02726 0.99596
vn -0.95279 0.30363 0.00001
vn -0.95279 0.30363 0.00003
vn -0.95279 0.30363 0.00000
vn 0.07063 0.05540 -0.99596
vn 0.07063 0.05540 -0.99596
vn -0.78683 -0.61717 -0.00001
vn -0.78683 -0.61717 -0.00001
vn -0.78683 -0.61717 0.00000
vn -0.72670 -0.68695 0.00000
vn 0.06619 0.06257 -0.99584
vn 0.08438 -0.03431 -0.99584
vn 0.08438 -0.03431 -0.99584
vn -0.92634 0.37670 -0.00004
vn -0.92634 0.37670 0.00000
vn -0.92633 0.37670 -0.00008
vn 0.07063 0.05540 -0.99596
vn 0.07063 0.05540 -0.99596
vn -0.78683 -0.61717 -0.00003
vn -0.78683 -0.61717 -0.00005
vn -0.78683 -0.61717 0.00000
vn -0.08270 -0.03495 0.99596
vn -0.08269 -0.03494 0.99596
vn 0.92113 0.38926 -0.00006
vn 0.92113 0.38926 -0.00008
vn 0.92113 0.38926 -0.00005
vn 0.05656 -0.06631 -0.99620
vn 0.05656 -0.06631 -0.99620
vn -0.01740 0.02040 -0.99964
vn -0.01740 0.02040 -0.99964
vn -0.01740 0.02040 0.99964
vn -0.01740 0.02040 0.99964
vn 0.05656 -0.06631 0.99620
vn 0.05656 -0.06630 0.99620
vn 0.77052 0.63742 -0.00001
vn 0.77052 0.63742 0.00000
vn 0.77052 0.63742 -0.00000
vn 0.77052 0.63742 -0.00000
vn 0.77052 0.63742 0.00001
vn 0.77052 0.63741 0.00000
vn -0.10665 0.12536 -0.98636
vn -0.09627 0.11274 -0.98895
vn 0.11265 -0.13709 -0.98413
vn 0.11064 -0.13431 -0.98474
vn -0.77052 -0.63742 0.00000
vn -0.77052 -0.63741 0.00000
vn -0.77052 -0.63741 0.00000
vn -0.77051 -0.63742 0.00000
vn 0.03722 -0.04558 0.99827
vn -0.10664 0.12535 0.98636
vn -0.09567 0.11323 0.98895
vn 0.11205 -0.13609 0.98434
vn 0.11441 -0.14007 0.98351
vn 0.11092 -0.13408 -0.98474
vn -0.09449 0.11422 -0.98895
vn -0.09448 0.11421 0.98895
vn 0.11091 -0.13407 0.98475
vn 0.00000 0.00000 -1.00000
vn 0.63405 -0.77329 0.00000
vn 0.63405 -0.77329 0.00000
vn -0.77330 -0.63405 0.00000
vn -0.63405 0.77329 0.00000
vn -0.63405 0.77329 0.00000
vn 0.63405 -0.77329 0.00000
vn -0.63405 0.77329 0.00000
vn 0.00000 0.00000 1.00000
vn 0.63405 -0.77329 0.00000
vn 0.63405 -0.77329 0.00000
vn 0.05116 -0.99869 0.00000
vn -0.26403 0.96452 0.00000
vn 0.00000 -0.00000 -1.00000
vn -0.01474 0.62278 -0.78226
vn 0.01474 -0.62277 -0.78227
vn 0.02366 -0.99972 0.00000
vn 0.01474 -0.62277 0.78227
vn 0.00000 -0.00000 1.00000
vn -0.01474 0.62278 0.78226
vn -0.02366 0.99972 0.00000
vn 0.94361 -0.01672 0.33064
vn 0.92235 -0.01022 0.38623
vn 0.96149 -0.02316 0.27388
vn 0.02915 -0.10063 0.99450
vn 0.03682 -0.07166 0.99675
vn 0.02145 -0.12951 0.99135
vn -0.00009 -0.01797 0.99984
vn 0.02677 -0.62437 0.78067
vn 0.02677 -0.62437 0.78067
vn -0.00009 -0.01797 0.99984
vn -0.02858 0.63471 0.77222
vn -0.02858 0.63471 0.77222
vn -0.04387 0.99854 -0.03139
vn 0.04394 -0.99903 0.00133
vn 0.04394 -0.99903 0.00133
vn 0.02758 -0.61125 -0.79096
vn 0.02758 -0.61125 -0.79096
vn 0.01137 -0.23921 -0.97090
vn 0.01137 -0.23921 -0.97090
vn -0.02608 0.60918 -0.79260
vn -0.02608 0.60918 -0.79260
vn -0.00955 0.23669 -0.97154
vn -0.00955 0.23669 -0.97154
vn -0.04890 -0.06495 0.99669
vn -0.05896 0.07982 0.99506
vn -0.00751 -0.46510 0.88523
vn 0.03046 -0.70664 0.70692
vn -0.05455 0.48014 0.87550
vn -0.03785 0.71942 0.69355
vn -0.04305 0.98285 -0.17931
vn 0.04307 -0.98286 0.17927
vn 0.04341 -0.98331 -0.17666
vn 0.03228 -0.72001 -0.69321
vn 0.02229 -0.48940 -0.87178
vn 0.01137 -0.23921 -0.97090
vn 0.01137 -0.23921 -0.97090
vn -0.84405 0.35594 -0.40111
vn -0.02608 0.60918 -0.79260
vn -0.02608 0.60918 -0.79260
vn -0.00955 0.23669 -0.97154
vn -0.00955 0.23669 -0.97154
vn -0.00094 0.00129 1.00000
vn 0.02610 -0.60921 0.79258
vn 0.02610 -0.60921 0.79258
vn -0.00094 0.00129 1.00000
vn -0.02757 0.61125 0.79096
vn -0.02757 0.61125 0.79096
vn -0.04392 0.99903 -0.00136
vn 0.04394 -0.99903 0.00133
vn 0.04394 -0.99903 0.00133
vn 0.02758 -0.61125 -0.79096
vn 0.02758 -0.61125 -0.79096
vn 0.01138 -0.23921 -0.97090
vn 0.01137 -0.23920 -0.97090
vn -0.02608 0.60918 -0.79260
vn -0.02608 0.60918 -0.79260
vn -0.00955 0.23669 -0.97154
vn -0.00955 0.23669 -0.97154
vn -0.00094 0.00129 1.00000
vn 0.02610 -0.60921 0.79258
vn 0.02609 -0.60921 0.79258
vn -0.00094 0.00129 1.00000
vn -0.02757 0.61125 0.79096
vn -0.02757 0.61125 0.79096
vn -0.04392 0.99903 -0.00136
vn 0.04394 -0.99903 0.00133
vn 0.04394 -0.99903 0.00133
vn 0.02758 -0.61125 -0.79096
vn 0.02758 -0.61125 -0.79096
vn 0.01137 -0.23921 -0.97090
vn 0.01137 -0.23921 -0.97090
vn -0.02608 0.60918 -0.79260
vn -0.02608 0.60918 -0.79260
vn -0.00955 0.23669 -0.97154
vn -0.00955 0.23669 -0.97154
vn -0.00094 0.00129 1.00000
vn 0.03098 -0.71823 0.69512
vn 0.02065 -0.48715 0.87307
vn -0.00094 0.00129 1.00000
vn -0.02757 0.61125 0.79096
vn -0.02757 0.61125 0.79096
vn -0.04392 0.99903 -0.00136
vn 0.04341 -0.98331 -0.17666
vn 0.04307 -0.98286 0.17927
vn 0.02758 -0.61125 -0.79096
vn 0.02758 -0.61125 -0.79096
vn 0.01137 -0.23921 -0.97090
vn 0.01137 -0.23921 -0.97090
vn -0.03096 0.71819 -0.69515
vn -0.02064 0.48713 -0.87309
vn -0.00955 0.23669 -0.97154
vn -0.00955 0.23669 -0.97154
vn -0.01613 -0.15919 0.98712
vn 0.02322 -0.41168 0.91103
vn -0.03912 -0.15209 0.98759
vn 0.06584 -0.81533 0.57525
vn 0.03907 -0.87873 -0.47572
vn 0.02758 -0.61125 -0.79096
vn 0.02758 -0.61125 -0.79096
vn 0.03907 -0.87873 -0.47572
vn 0.01137 -0.23921 -0.97090
vn 0.01137 -0.23920 -0.97090
vn -0.11164 0.22711 0.96745
vn -0.10582 0.22365 0.96891
vn -0.10525 0.22511 0.96863
vn -0.08052 0.23875 0.96774
vn -0.06173 0.47042 0.88028
vn -0.03723 0.83589 0.54763
vn -0.50172 0.70465 -0.50173
vn -0.77623 0.41786 -0.47207
vn -0.03096 0.71819 -0.69515
vn -0.03815 0.87747 -0.47810
vn -0.02065 0.48713 -0.87309
vn -0.00955 0.23669 -0.97154
vn -0.00955 0.23669 -0.97154
vn 0.09222 0.00225 -0.99574
vn 0.07555 0.63016 -0.77278
vn 0.10539 -0.62580 -0.77283
vn 0.11322 -0.99357 0.00000
vn 0.10539 -0.62580 0.77284
vn 0.09222 0.00225 0.99574
vn 0.07555 0.63016 0.77278
vn 0.06592 0.99782 0.00000
vn -0.00089 0.11045 -0.99388
vn 0.00027 -0.03406 -0.99942
vn 0.00027 -0.03406 0.99942
vn -0.00089 0.11045 0.99388
vn 0.00153 -0.20733 -0.97827
vn 0.00156 -0.18707 -0.98235
vn 0.00039 0.22328 -0.97476
vn 0.00024 0.21904 -0.97572
vn 0.00026 0.07472 0.99720
vn 0.00153 -0.20733 0.97827
vn 0.00104 -0.18707 0.98235
vn 0.00027 0.22186 0.97508
vn 0.00075 0.22750 0.97378
vn 0.00000 0.21904 -0.97572
vn 0.00000 -0.18707 -0.98235
vn 0.00000 -0.18707 0.98235
vn 0.00000 0.21904 0.97572
vn 0.00000 -1.00000 0.00000
vn -0.08686 0.05691 -0.99459
vn -0.05396 0.10540 -0.99296
vn -0.08701 0.04110 -0.99536
vn -0.05618 0.02260 -0.99816
vn -0.05618 0.02260 0.99816
vn -0.08701 0.04110 0.99536
vn 0.13175 -0.99128 0.00000
vn 0.11856 -0.99295 0.00000
vn -0.01571 0.11997 -0.99265
vn 0.09213 -0.99575 0.00000
vn 0.07889 -0.99688 0.00000
vn -0.01092 0.11800 -0.99295
vn 0.01801 -0.99984 0.00000
vn 0.04184 -0.99912 0.00000
vn -0.00214 0.11833 -0.99297
vn -0.00495 0.11826 -0.99297
vn -0.00214 0.11835 -0.99297
vn 0.06564 -0.99784 0.00000
vn -0.00777 0.11818 -0.99296
# 1587 normal vertices

g item_blade
f 10/3/10 7/2/7 12/1/12
f 7/2/1113 9/4/9 12/1/1112
f 6/6/6 8/6/8 11/5/11
f 6/6/1115 11/5/1114 12/1/1112
f 9/4/9 6/6/1115 12/1/1112
f 8/6/1116 10/3/10 12/1/12
f 11/5/1117 8/6/1116 12/1/12
f 9/4/9 16/8/16 13/7/13
f 6/9/1115 9/4/9 13/7/13
f 10/3/10 8/9/1116 15/7/15
f 17/8/17 10/3/10 15/7/15
f 8/9/8 6/9/6 13/7/1118
f 15/7/1119 8/9/8 13/7/1118
f 10/3/10 17/8/17 14/10/14
f 7/2/7 10/3/10 14/10/14
f 9/4/9 7/2/1113 14/10/1120
f 16/8/16 9/4/9 14/10/1120
f 13/7/13 16/8/16 21/11/21
f 18/12/18 13/7/13 21/11/21
f 17/8/17 15/7/15 20/12/20
f 22/11/22 17/8/17 20/12/20
f 15/7/1119 13/7/1118 18/12/1121
f 20/12/1122 15/7/1119 18/12/1121
f 14/10/14 17/8/17 22/11/22
f 19/13/19 14/10/14 22/11/22
f 16/8/16 14/10/1120 19/13/1123
f 21/11/21 16/8/16 19/13/1123
f 26/16/26 4/15/4 1/14/1
f 23/17/23 26/16/26 1/14/1
f 18/12/18 21/11/21 26/16/26
f 23/17/23 18/12/18 26/16/26
f 25/17/25 3/14/3 5/15/5
f 27/16/27 25/17/25 5/15/5
f 22/11/22 20/12/20 25/17/25
f 27/16/27 22/11/22 25/17/25
f 23/17/1125 1/14/1124 3/14/1124
f 25/17/1126 23/17/1125 3/14/1124
f 20/12/1122 18/12/1121 23/17/1125
f 25/17/1126 20/12/1122 23/17/1125
f 27/16/27 5/15/5 2/18/2
f 24/19/24 27/16/27 2/18/2
f 19/13/19 22/11/22 27/16/27
f 24/19/24 19/13/19 27/16/27
f 24/19/1128 2/18/1127 4/15/4
f 26/16/26 24/19/1128 4/15/4
f 21/11/21 19/13/1123 24/19/1128
f 26/16/26 21/11/21 24/19/1128
f 28/22/28 30/21/28 34/20/28
f 32/23/28 28/22/28 34/20/28
f 31/26/29 29/25/29 33/24/29
f 35/27/29 31/26/29 33/24/29
f 29/25/1129 36/29/30 38/28/32
f 33/24/1130 29/25/1129 38/28/32
f 36/29/30 28/22/1132 32/23/1131
f 38/28/32 36/29/30 32/23/1131
f 30/21/1133 37/31/31 39/30/33
f 34/20/1134 30/21/1133 39/30/33
f 37/31/31 31/26/1136 35/27/1135
f 39/30/33 37/31/31 35/27/1135
f 35/27/1139 33/24/1138 38/28/1137
f 32/23/1140 35/27/1139 38/28/1137
f 39/30/1141 35/27/1139 32/23/1140
f 34/20/1142 39/30/1141 32/23/1140
f 40/33/34 42/32/36 44/32/38
f 46/33/39 40/33/34 44/32/38
f 47/35/35 45/34/37 43/34/37
f 41/35/35 47/35/35 43/34/37
f 40/38/34 46/37/39 50/36/42
f 48/39/40 40/38/34 50/36/42
f 47/42/35 41/41/35 49/40/41
f 51/43/43 47/42/35 49/40/41
f 53/45/45 52/44/44 42/32/1143
f 40/33/1144 53/45/45 42/32/1143
f 53/45/45 41/35/1146 43/34/1145
f 52/44/44 53/45/45 43/34/1145
f 42/32/1148 52/44/1147 54/44/46
f 44/32/1148 42/32/1148 54/44/46
f 52/44/1147 43/34/1149 45/34/1149
f 54/44/46 52/44/1147 45/34/1149
f 44/32/1151 54/44/1150 55/45/47
f 46/33/1152 44/32/1151 55/45/47
f 54/44/1150 45/34/1154 47/35/1153
f 55/45/47 54/44/1150 47/35/1153
f 41/41/1146 53/47/45 56/46/48
f 49/40/1155 41/41/1146 56/46/48
f 53/47/45 40/49/1144 48/48/1156
f 56/46/48 53/47/45 48/48/1156
f 46/37/1152 55/51/47 57/50/49
f 50/36/1157 46/37/1152 57/50/49
f 55/51/47 47/53/1153 51/52/1158
f 57/50/49 55/51/47 51/52/1158
f 91/56/83 58/55/50 88/54/80
f 148/57/140 91/56/83 88/54/80
f 88/54/80 58/55/50 89/58/81
f 150/59/142 88/54/80 89/58/81
f 89/58/81 58/55/50 90/60/82
f 151/61/143 89/58/81 90/60/82
f 90/60/82 58/55/50 91/56/83
f 149/62/141 90/60/82 91/56/83
f 89/58/81 59/64/51 92/63/84
f 150/59/142 89/58/81 92/63/84
f 92/63/1160 59/64/1159 93/58/85
f 152/59/144 92/63/1160 93/58/85
f 93/58/85 59/64/1159 94/65/86
f 153/61/145 93/58/85 94/65/86
f 94/65/1161 59/64/51 89/58/81
f 151/61/143 94/65/1161 89/58/81
f 93/58/85 60/55/52 95/54/87
f 152/59/144 93/58/85 95/54/87
f 95/54/87 60/55/52 96/56/88
f 154/57/146 95/54/87 96/56/88
f 96/56/88 60/55/52 97/60/89
f 155/62/147 96/56/88 97/60/89
f 97/60/89 60/55/52 93/58/85
f 153/61/145 97/60/89 93/58/85
f 96/56/88 61/67/53 98/66/90
f 154/57/146 96/56/88 98/66/90
f 98/66/1163 61/67/1162 91/56/83
f 148/57/140 98/66/1163 91/56/83
f 61/67/1162 99/68/91 149/62/141
f 91/56/83 61/67/1162 149/62/141
f 99/68/1164 61/67/53 96/56/88
f 155/62/147 99/68/1164 96/56/88
f 102/71/94 62/70/54 100/69/92
f 157/72/149 102/71/94 100/69/92
f 100/69/92 62/70/54 101/73/93
f 156/74/148 100/69/92 101/73/93
f 101/73/93 62/70/54 90/60/82
f 149/62/141 101/73/93 90/60/82
f 90/60/82 62/70/54 102/71/94
f 151/61/143 90/60/82 102/71/94
f 104/71/96 63/76/55 103/75/95
f 158/72/150 104/71/96 103/75/95
f 103/75/1166 63/76/1165 102/71/94
f 157/72/149 103/75/1166 102/71/94
f 102/71/94 63/76/1165 94/65/1161
f 151/61/143 102/71/94 94/65/1161
f 94/65/86 63/76/55 104/71/96
f 153/61/145 94/65/86 104/71/96
f 106/73/98 64/70/56 105/69/97
f 159/74/151 106/73/98 105/69/97
f 105/69/97 64/70/56 104/71/96
f 158/72/150 105/69/97 104/71/96
f 104/71/96 64/70/56 97/60/89
f 153/61/145 104/71/96 97/60/89
f 97/60/89 64/70/56 106/73/98
f 155/62/147 97/60/89 106/73/98
f 101/73/93 65/78/57 107/77/99
f 156/74/148 101/73/93 107/77/99
f 107/77/1168 65/78/1167 106/73/98
f 159/74/151 107/77/1168 106/73/98
f 106/73/98 65/78/1167 99/68/1164
f 155/62/147 106/73/98 99/68/1164
f 99/68/91 65/78/57 101/73/93
f 149/62/141 99/68/91 101/73/93
f 111/81/103 66/80/58 108/79/100
f 165/82/157 111/81/103 108/79/100
f 108/79/100 66/80/58 109/83/101
f 164/84/156 108/79/100 109/83/101
f 109/83/101 66/80/58 110/85/102
f 160/86/152 109/83/101 110/85/102
f 110/85/102 66/80/58 111/81/103
f 161/87/153 110/85/102 111/81/103
f 114/81/106 67/89/59 112/88/104
f 166/82/158 114/81/106 112/88/104
f 67/89/1169 111/81/103 165/82/157
f 112/88/1170 67/89/1169 165/82/157
f 111/81/103 67/89/1169 113/90/105
f 161/87/153 111/81/103 113/90/105
f 113/90/1171 67/89/59 114/81/106
f 162/87/154 113/90/1171 114/81/106
f 117/83/109 68/80/60 115/79/107
f 167/84/159 117/83/109 115/79/107
f 115/79/107 68/80/60 114/81/106
f 166/82/158 115/79/107 114/81/106
f 114/81/106 68/80/60 116/85/108
f 162/87/154 114/81/106 116/85/108
f 116/85/108 68/80/60 117/83/109
f 163/86/155 116/85/108 117/83/109
f 109/83/101 69/92/61 118/91/110
f 164/84/156 109/83/101 118/91/110
f 118/91/1173 69/92/1172 117/83/109
f 167/84/159 118/91/1173 117/83/109
f 117/83/109 69/92/1172 119/93/111
f 163/86/155 117/83/109 119/93/111
f 119/93/1174 69/92/61 109/83/101
f 160/86/152 119/93/1174 109/83/101
f 70/96/62 120/95/112 169/94/161
f 122/97/114 70/96/62 169/94/161
f 70/96/62 121/98/113 168/95/160
f 120/95/112 70/96/62 168/95/160
f 121/98/113 70/96/62 108/79/100
f 164/84/156 121/98/113 108/79/100
f 108/79/100 70/96/62 122/97/114
f 165/82/157 108/79/100 122/97/114
f 124/97/116 71/99/63 123/94/115
f 170/94/162 124/97/116 123/94/115
f 123/94/115 71/99/63 122/97/114
f 169/94/161 123/94/115 122/97/114
f 122/97/114 71/99/1175 112/88/1170
f 165/82/157 122/97/114 112/88/1170
f 112/88/104 71/99/1176 124/97/116
f 166/82/158 112/88/104 124/97/116
f 72/96/64 125/95/117 171/95/163
f 126/98/118 72/96/64 171/95/163
f 72/96/64 124/97/116 170/94/162
f 125/95/117 72/96/64 170/94/162
f 124/97/116 72/96/64 115/79/107
f 166/82/158 124/97/116 115/79/107
f 115/79/107 72/96/64 126/98/118
f 167/84/159 115/79/107 126/98/118
f 121/98/113 73/101/65 127/100/119
f 168/95/160 121/98/113 127/100/119
f 127/100/119 73/101/65 126/98/118
f 171/95/163 127/100/119 126/98/118
f 126/98/118 73/101/65 118/91/1173
f 167/84/159 126/98/118 118/91/1173
f 118/91/110 73/101/65 121/98/113
f 164/84/156 118/91/110 121/98/113
f 74/95/66 120/95/112 168/95/160
f 127/100/119 74/95/66 168/95/160
f 74/95/66 123/94/115 169/94/161
f 120/95/112 74/95/66 169/94/161
f 74/95/66 125/95/117 170/94/162
f 123/94/115 74/95/66 170/94/162
f 74/95/66 127/100/119 171/95/163
f 125/95/117 74/95/66 171/95/163
f 130/104/122 75/103/67 128/102/120
f 172/105/164 130/104/122 128/102/120
f 128/102/120 75/103/67 100/69/92
f 156/74/148 128/102/120 100/69/92
f 100/69/92 75/103/67 129/106/121
f 157/72/149 100/69/92 129/106/121
f 129/106/121 75/103/67 130/104/122
f 173/107/165 129/106/121 130/104/122
f 132/109/124 76/108/68 130/104/122
f 172/105/164 132/109/124 130/104/122
f 130/104/122 76/108/68 131/110/123
f 173/107/165 130/104/122 131/110/123
f 131/110/123 76/108/68 110/85/102
f 161/87/153 131/110/123 110/85/102
f 110/85/102 76/108/68 132/109/124
f 160/86/152 110/85/102 132/109/124
f 77/111/69 129/106/121 173/107/165
f 134/112/126 77/111/69 173/107/165
f 129/106/121 77/111/69 103/75/1166
f 157/72/149 129/106/121 103/75/1166
f 103/75/95 77/111/1177 133/106/125
f 158/72/150 103/75/95 133/106/125
f 133/106/125 77/111/1177 134/112/1178
f 174/107/166 133/106/125 134/112/1178
f 131/110/123 78/113/70 134/112/126
f 173/107/165 131/110/123 134/112/126
f 134/112/1178 78/113/1179 135/110/127
f 174/107/166 134/112/1178 135/110/127
f 135/110/127 78/113/1179 113/90/1171
f 162/87/154 135/110/127 113/90/1171
f 113/90/105 78/113/70 131/110/123
f 161/87/153 113/90/105 131/110/123
f 137/104/129 79/103/71 133/106/125
f 174/107/166 137/104/129 133/106/125
f 133/106/125 79/103/71 105/69/97
f 158/72/150 133/106/125 105/69/97
f 105/69/97 79/103/71 136/102/128
f 159/74/151 105/69/97 136/102/128
f 136/102/128 79/103/71 137/104/129
f 175/105/167 136/102/128 137/104/129
f 135/110/127 80/108/72 137/104/129
f 174/107/166 135/110/127 137/104/129
f 137/104/129 80/108/72 138/109/130
f 175/105/167 137/104/129 138/109/130
f 138/109/130 80/108/72 116/85/108
f 163/86/155 138/109/130 116/85/108
f 116/85/108 80/108/72 135/110/127
f 162/87/154 116/85/108 135/110/127
f 139/115/131 81/114/73 136/102/128
f 175/105/167 139/115/131 136/102/128
f 136/102/128 81/114/73 107/77/1168
f 159/74/151 136/102/128 107/77/1168
f 107/77/99 81/114/1180 128/102/120
f 156/74/148 107/77/99 128/102/120
f 128/102/120 81/114/1180 139/115/1181
f 172/105/164 128/102/120 139/115/1181
f 138/109/130 82/116/74 139/115/131
f 175/105/167 138/109/130 139/115/131
f 139/115/1181 82/116/1182 132/109/124
f 172/105/164 139/115/1181 132/109/124
f 132/109/124 82/116/1182 119/93/1174
f 160/86/152 132/109/124 119/93/1174
f 119/93/111 82/116/74 138/109/130
f 163/86/155 119/93/111 138/109/130
f 83/118/75 140/118/132 178/117/170
f 142/119/134 83/118/75 178/117/170
f 83/118/75 141/120/133 179/118/171
f 140/118/132 83/118/75 179/118/171
f 141/120/1184 83/118/1183 95/54/87
f 154/57/146 141/120/1184 95/54/87
f 95/54/87 83/118/1183 142/119/1185
f 152/59/144 95/54/87 142/119/1185
f 144/119/136 84/121/76 143/119/135
f 177/117/169 144/119/136 143/119/135
f 143/119/135 84/121/76 142/119/134
f 178/117/170 143/119/135 142/119/134
f 142/119/1185 84/121/1186 92/63/1160
f 152/59/144 142/119/1185 92/63/1160
f 92/63/84 84/121/1188 144/119/1187
f 150/59/142 92/63/84 144/119/1187
f 85/118/77 145/118/137 176/118/168
f 146/120/138 85/118/77 176/118/168
f 85/118/77 144/119/136 177/117/169
f 145/118/137 85/118/77 177/117/169
f 144/119/1187 85/118/1189 88/54/80
f 150/59/142 144/119/1187 88/54/80
f 88/54/80 85/118/1189 146/120/1190
f 148/57/140 88/54/80 146/120/1190
f 141/120/133 86/122/78 147/120/139
f 179/118/171 141/120/133 147/120/139
f 147/120/139 86/122/78 146/120/138
f 176/118/168 147/120/139 146/120/138
f 146/120/1190 86/122/1191 98/66/1163
f 148/57/140 146/120/1190 98/66/1163
f 98/66/90 86/122/1192 141/120/1184
f 154/57/146 98/66/90 141/120/1184
f 87/125/79 140/124/132 179/123/171
f 147/126/139 87/125/79 179/123/171
f 87/125/79 143/128/135 178/127/170
f 140/124/132 87/125/79 178/127/170
f 87/125/79 145/124/137 177/127/169
f 143/128/135 87/125/79 177/127/169
f 87/125/79 147/126/139 176/123/168
f 145/124/137 87/125/79 176/123/168
f 181/131/173 180/130/172 184/129/176
f 185/132/177 181/131/173 184/129/176
f 183/133/175 181/131/173 185/132/177
f 187/134/179 183/133/175 185/132/177
f 182/135/174 183/133/175 187/134/179
f 186/136/178 182/135/174 187/134/179
f 180/130/172 182/135/174 186/136/178
f 184/129/176 180/130/172 186/136/178
f 186/139/178 187/138/179 185/137/177
f 184/140/176 186/139/178 185/137/177
f 192/143/184 188/142/180 189/141/181
f 193/144/185 192/143/184 189/141/181
f 193/144/185 189/141/181 191/145/183
f 195/146/187 193/144/185 191/145/183
f 195/146/187 191/145/183 190/147/182
f 194/148/186 195/146/187 190/147/182
f 194/148/186 190/147/182 188/142/180
f 192/143/184 194/148/186 188/142/180
f 193/151/185 195/150/187 194/149/186
f 192/152/184 193/151/185 194/149/186
f 412/154/403 407/153/398 398/153/390
f 396/156/388 405/156/396 400/155/388
f 398/157/390 418/157/409 412/157/403
f 412/157/1194 418/157/1193 400/157/1193
f 400/157/388 419/157/410 396/157/388
f 418/157/1193 419/157/1195 400/157/1193
f 425/154/416 424/153/415 421/153/412
f 420/156/411 423/156/414 422/155/413
f 425/154/416 422/155/413 423/156/414
f 424/153/415 425/154/416 423/156/414
f 431/154/422 430/153/421 427/153/418
f 426/156/417 429/156/420 428/155/419
f 428/155/419 429/156/420 432/158/423
f 431/154/422 428/155/419 432/158/423
f 430/153/421 431/154/422 432/158/423
f 202/160/194 196/159/188 212/159/204
f 218/160/210 202/160/194 212/159/204
f 209/162/201 225/162/217 216/161/208
f 200/161/192 209/162/201 216/161/208
f 225/162/1198 218/160/1197 212/159/1196
f 216/161/1199 225/162/1198 212/159/1196
f 201/163/193 217/163/209 212/159/204
f 196/159/188 201/163/193 212/159/204
f 208/164/200 200/161/192 216/161/208
f 224/164/216 208/164/200 216/161/208
f 224/164/1200 216/161/1199 212/159/1196
f 217/163/1201 224/164/1200 212/159/1196
f 199/165/191 215/165/207 217/163/209
f 201/163/193 199/165/191 217/163/209
f 207/166/199 208/164/200 224/164/216
f 223/166/215 207/166/199 224/164/216
f 224/164/1200 217/163/1201 215/165/1202
f 223/166/1203 224/164/1200 215/165/1202
f 197/167/189 202/160/194 218/160/210
f 213/167/205 197/167/189 218/160/210
f 209/162/201 203/168/195 219/168/211
f 225/162/217 209/162/201 219/168/211
f 225/162/1198 219/168/1205 213/167/1204
f 218/160/1197 225/162/1198 213/167/1204
f 197/167/189 213/167/205 220/160/212
f 204/160/196 197/167/189 220/160/212
f 203/168/195 210/162/202 226/162/218
f 219/168/211 203/168/195 226/162/218
f 226/162/1208 220/160/1207 213/167/1206
f 219/168/1209 226/162/1208 213/167/1206
f 204/160/196 220/160/212 214/159/206
f 198/159/190 204/160/196 214/159/206
f 210/162/202 205/161/197 221/161/213
f 226/162/218 210/162/202 221/161/213
f 226/162/1208 221/161/1211 214/159/1210
f 220/160/1207 226/162/1208 214/159/1210
f 199/165/191 206/163/198 222/163/214
f 215/165/207 199/165/191 222/163/214
f 211/164/203 207/166/199 223/166/215
f 227/164/219 211/164/203 223/166/215
f 227/164/1214 223/166/1213 215/165/1212
f 222/163/1215 227/164/1214 215/165/1212
f 206/163/198 228/159/220 230/159/222
f 222/163/214 206/163/198 230/159/222
f 211/164/203 227/164/219 231/161/223
f 229/161/221 211/164/203 231/161/223
f 227/164/1214 222/163/1215 230/159/1216
f 231/161/1217 227/164/1214 230/159/1216
f 238/160/230 232/159/224 248/159/240
f 254/160/246 238/160/230 248/159/240
f 245/162/237 261/162/253 252/161/244
f 236/161/228 245/162/237 252/161/244
f 254/160/1220 248/159/1219 252/161/1218
f 261/162/1221 254/160/1220 252/161/1218
f 237/163/229 253/163/245 248/159/240
f 232/159/224 237/163/229 248/159/240
f 244/164/236 236/161/228 252/161/244
f 260/164/252 244/164/236 252/161/244
f 260/164/1222 252/161/1218 248/159/1219
f 253/163/1223 260/164/1222 248/159/1219
f 235/165/227 251/165/243 253/163/245
f 237/163/229 235/165/227 253/163/245
f 243/166/235 244/164/236 260/164/252
f 259/166/251 243/166/235 260/164/252
f 253/163/1223 251/165/1225 259/166/1224
f 260/164/1222 253/163/1223 259/166/1224
f 233/167/225 238/160/230 254/160/246
f 249/167/241 233/167/225 254/160/246
f 239/168/231 255/168/247 261/162/253
f 245/162/237 239/168/231 261/162/253
f 261/162/1221 255/168/1227 249/167/1226
f 254/160/1220 261/162/1221 249/167/1226
f 233/167/225 249/167/241 256/160/248
f 240/160/232 233/167/225 256/160/248
f 239/168/231 246/162/238 262/162/254
f 255/168/247 239/168/231 262/162/254
f 256/160/1230 249/167/1229 255/168/1228
f 262/162/1231 256/160/1230 255/168/1228
f 240/160/232 256/160/248 250/159/242
f 234/159/226 240/160/232 250/159/242
f 246/162/238 241/161/233 257/161/249
f 262/162/254 246/162/238 257/161/249
f 262/162/1231 257/161/1233 250/159/1232
f 256/160/1230 262/162/1231 250/159/1232
f 235/165/227 242/163/234 258/163/250
f 251/165/243 235/165/227 258/163/250
f 247/164/239 243/166/235 259/166/251
f 263/164/255 247/164/239 259/166/251
f 263/164/1236 259/166/1235 251/165/1234
f 258/163/1237 263/164/1236 251/165/1234
f 242/163/234 264/159/256 266/159/258
f 258/163/250 242/163/234 266/159/258
f 247/164/239 263/164/255 267/161/259
f 265/161/257 247/164/239 267/161/259
f 263/164/1236 258/163/1237 266/159/1238
f 267/161/1239 263/164/1236 266/159/1238
f 274/160/266 268/159/260 284/159/276
f 290/160/282 274/160/266 284/159/276
f 281/162/273 297/162/289 288/161/280
f 272/161/264 281/162/273 288/161/280
f 297/162/1242 290/160/1241 284/159/1240
f 288/161/1243 297/162/1242 284/159/1240
f 273/163/265 289/163/281 284/159/276
f 268/159/260 273/163/265 284/159/276
f 280/164/272 272/161/264 288/161/280
f 296/164/288 280/164/272 288/161/280
f 296/164/1244 288/161/1243 284/159/1240
f 289/163/1245 296/164/1244 284/159/1240
f 271/165/263 287/165/279 289/163/281
f 273/163/265 271/165/263 289/163/281
f 279/166/271 280/164/272 296/164/288
f 295/166/287 279/166/271 296/164/288
f 296/164/1244 289/163/1245 287/165/1246
f 295/166/1247 296/164/1244 287/165/1246
f 269/167/261 274/160/266 290/160/282
f 285/167/277 269/167/261 290/160/282
f 281/162/273 275/168/267 291/168/283
f 297/162/289 281/162/273 291/168/283
f 297/162/1242 291/168/1249 285/167/1248
f 290/160/1241 297/162/1242 285/167/1248
f 269/167/261 285/167/277 292/160/284
f 276/160/268 269/167/261 292/160/284
f 275/168/267 282/162/274 298/162/290
f 291/168/283 275/168/267 298/162/290
f 298/162/1252 292/160/1251 285/167/1250
f 291/168/1253 298/162/1252 285/167/1250
f 276/160/268 292/160/284 286/159/278
f 270/159/262 276/160/268 286/159/278
f 282/162/274 277/161/269 293/161/285
f 298/162/290 282/162/274 293/161/285
f 298/162/1252 293/161/1255 286/159/1254
f 292/160/1251 298/162/1252 286/159/1254
f 271/165/263 278/163/270 294/163/286
f 287/165/279 271/165/263 294/163/286
f 283/164/275 279/166/271 295/166/287
f 299/164/291 283/164/275 295/166/287
f 299/164/1258 295/166/1257 287/165/1256
f 294/163/1259 299/164/1258 287/165/1256
f 278/163/270 300/159/292 302/159/294
f 294/163/286 278/163/270 302/159/294
f 283/164/275 299/164/291 303/161/295
f 301/161/293 283/164/275 303/161/295
f 299/164/1258 294/163/1259 302/159/1260
f 303/161/1261 299/164/1258 302/159/1260
f 310/160/302 304/159/296 320/159/312
f 326/160/318 310/160/302 320/159/312
f 317/162/309 333/162/325 324/161/316
f 308/161/300 317/162/309 324/161/316
f 333/162/1264 326/160/1263 320/159/1262
f 324/161/1265 333/162/1264 320/159/1262
f 309/163/301 325/163/317 320/159/312
f 304/159/296 309/163/301 320/159/312
f 316/164/308 308/161/300 324/161/316
f 332/164/324 316/164/308 324/161/316
f 332/164/1266 324/161/1265 320/159/1262
f 325/163/1267 332/164/1266 320/159/1262
f 307/165/299 323/165/315 325/163/317
f 309/163/301 307/165/299 325/163/317
f 315/166/307 316/164/308 332/164/324
f 331/166/323 315/166/307 332/164/324
f 332/164/1266 325/163/1267 323/165/1268
f 331/166/1269 332/164/1266 323/165/1268
f 305/167/297 310/160/302 326/160/318
f 321/167/313 305/167/297 326/160/318
f 317/162/309 311/168/303 327/168/319
f 333/162/325 317/162/309 327/168/319
f 333/162/1264 327/168/1271 321/167/1270
f 326/160/1263 333/162/1264 321/167/1270
f 305/167/297 321/167/313 328/160/320
f 312/160/304 305/167/297 328/160/320
f 311/168/303 318/162/310 334/162/326
f 327/168/319 311/168/303 334/162/326
f 334/162/1274 328/160/1273 321/167/1272
f 327/168/1275 334/162/1274 321/167/1272
f 312/160/304 328/160/320 322/159/314
f 306/159/298 312/160/304 322/159/314
f 318/162/310 313/161/305 329/161/321
f 334/162/326 318/162/310 329/161/321
f 334/162/1274 329/161/1277 322/159/1276
f 328/160/1273 334/162/1274 322/159/1276
f 307/165/299 314/163/306 330/163/322
f 323/165/315 307/165/299 330/163/322
f 319/164/311 315/166/307 331/166/323
f 335/164/327 319/164/311 331/166/323
f 335/164/1280 331/166/1279 323/165/1278
f 330/163/1281 335/164/1280 323/165/1278
f 314/163/306 336/159/328 338/159/330
f 330/163/322 314/163/306 338/159/330
f 319/164/311 335/164/327 339/161/331
f 337/161/329 319/164/311 339/161/331
f 335/164/1280 330/163/1281 338/159/1282
f 339/161/1283 335/164/1280 338/159/1282
f 346/160/338 340/159/332 356/159/348
f 362/160/354 346/160/338 356/159/348
f 353/162/345 369/162/361 360/161/352
f 344/161/336 353/162/345 360/161/352
f 369/162/1286 362/160/1285 356/159/1284
f 360/161/1287 369/162/1286 356/159/1284
f 345/163/337 361/163/353 356/159/348
f 340/159/332 345/163/337 356/159/348
f 352/164/344 344/161/336 360/161/352
f 368/164/360 352/164/344 360/161/352
f 368/164/1288 360/161/1287 356/159/1284
f 361/163/1289 368/164/1288 356/159/1284
f 343/165/335 359/165/351 361/163/353
f 345/163/337 343/165/335 361/163/353
f 351/166/343 352/164/344 368/164/360
f 367/166/359 351/166/343 368/164/360
f 368/164/1288 361/163/1289 359/165/1290
f 367/166/1291 368/164/1288 359/165/1290
f 341/167/333 346/160/338 362/160/354
f 357/167/349 341/167/333 362/160/354
f 347/168/339 363/168/355 369/162/361
f 353/162/345 347/168/339 369/162/361
f 363/168/1293 357/167/1292 362/160/1285
f 369/162/1286 363/168/1293 362/160/1285
f 341/167/333 357/167/349 364/160/356
f 348/160/340 341/167/333 364/160/356
f 347/168/339 354/162/346 370/162/362
f 363/168/355 347/168/339 370/162/362
f 370/162/1296 364/160/1295 357/167/1294
f 363/168/1297 370/162/1296 357/167/1294
f 348/160/340 364/160/356 358/159/350
f 342/159/334 348/160/340 358/159/350
f 354/162/346 349/161/341 365/161/357
f 370/162/362 354/162/346 365/161/357
f 370/162/1296 365/161/1299 358/159/1298
f 364/160/1295 370/162/1296 358/159/1298
f 343/165/335 350/163/342 366/163/358
f 359/165/351 343/165/335 366/163/358
f 355/164/347 351/166/343 367/166/359
f 371/164/363 355/164/347 367/166/359
f 371/164/1302 367/166/1301 359/165/1300
f 366/163/1303 371/164/1302 359/165/1300
f 350/163/342 372/159/364 374/159/366
f 366/163/358 350/163/342 374/159/366
f 355/164/347 371/164/363 375/161/367
f 373/161/365 355/164/347 375/161/367
f 366/163/1303 374/159/1305 375/161/1304
f 371/164/1302 366/163/1303 375/161/1304
f 380/160/372 376/159/368 386/159/378
f 390/160/382 380/160/372 386/159/378
f 384/162/376 394/162/386 389/161/381
f 379/161/371 384/162/376 389/161/381
f 394/162/1307 390/160/382 386/159/1306
f 389/161/1308 394/162/1307 386/159/1306
f 377/167/369 380/160/372 390/160/382
f 387/167/379 377/167/369 390/160/382
f 381/168/373 391/168/383 394/162/386
f 384/162/376 381/168/373 394/162/386
f 391/168/1310 387/167/1309 390/160/382
f 394/162/1307 391/168/1310 390/160/382
f 377/167/369 387/167/379 392/160/384
f 382/160/374 377/167/369 392/160/384
f 381/168/373 385/162/377 395/162/387
f 391/168/383 381/168/373 395/162/387
f 395/162/1313 392/160/1312 387/167/1311
f 391/168/1314 395/162/1313 387/167/1311
f 382/160/374 392/160/384 388/159/380
f 378/159/370 382/160/374 388/159/380
f 385/162/377 383/161/375 393/161/385
f 395/162/387 385/162/377 393/161/385
f 395/162/1313 393/161/1316 388/159/1315
f 392/160/1312 395/162/1313 388/159/1315
f 412/154/1319 400/155/1318 405/156/1317
f 407/153/398 412/154/1319 405/156/1317
f 396/156/1320 399/169/391 408/169/399
f 405/156/1321 396/156/1320 408/169/399
f 403/170/394 398/153/390 407/153/398
f 411/170/402 403/170/394 407/153/398
f 407/153/398 405/156/1317 408/169/1322
f 411/170/402 407/153/398 408/169/1322
f 397/171/389 406/171/397 408/169/399
f 399/169/391 397/171/389 408/169/399
f 403/170/394 411/170/402 410/172/401
f 402/172/393 403/170/394 410/172/401
f 411/170/402 408/169/1322 406/171/1323
f 410/172/401 411/170/402 406/171/1323
f 397/171/389 401/169/392 409/169/400
f 406/171/397 397/171/389 409/169/400
f 404/170/395 402/172/1325 410/172/1324
f 413/170/404 404/170/395 410/172/1324
f 410/172/1328 406/171/1327 409/169/1326
f 413/170/1329 410/172/1328 409/169/1326
f 401/169/392 414/156/405 416/156/407
f 409/169/400 401/169/392 416/156/407
f 404/170/395 413/170/404 417/153/408
f 415/153/406 404/170/395 417/153/408
f 413/170/1329 409/169/1326 416/156/1330
f 417/153/1331 413/170/1329 416/156/1330
f 433/175/424 435/174/426 437/173/428
f 439/176/430 433/175/424 437/173/428
f 440/176/431 438/173/429 436/174/427
f 434/175/425 440/176/431 436/174/427
f 437/173/428 435/174/426 443/177/434
f 445/178/434 437/173/428 443/177/434
f 438/173/436 437/173/436 445/178/436
f 446/178/436 438/173/436 445/178/436
f 436/174/427 438/173/429 446/178/435
f 444/177/435 436/174/427 446/178/435
f 435/174/433 436/174/433 444/177/433
f 443/177/433 435/174/433 444/177/433
f 444/177/440 446/178/440 445/178/440
f 443/177/440 444/177/440 445/178/440
f 433/175/424 439/176/430 447/179/432
f 441/180/432 433/175/424 447/179/432
f 434/175/433 433/175/433 441/180/433
f 442/180/433 434/175/433 441/180/433
f 440/176/431 434/175/425 442/180/437
f 448/179/437 440/176/431 442/180/437
f 439/176/436 440/176/436 448/179/436
f 447/179/436 439/176/436 448/179/436
f 448/179/443 442/180/443 441/180/443
f 447/179/443 448/179/443 441/180/443
f 435/174/426 433/175/424 449/181/438
f 451/182/438 435/174/426 449/181/438
f 436/174/440 435/174/440 451/182/440
f 452/182/440 436/174/440 451/182/440
f 434/175/425 436/174/427 452/182/439
f 450/181/439 434/175/425 452/182/439
f 433/175/443 434/175/443 450/181/443
f 449/181/443 433/175/443 450/181/443
f 450/181/433 452/182/433 451/182/433
f 449/181/433 450/181/433 451/182/433
f 439/176/430 437/173/428 453/183/441
f 455/184/441 439/176/430 453/183/441
f 440/176/443 439/176/443 455/184/443
f 456/184/443 440/176/443 455/184/443
f 438/173/429 440/176/431 456/184/1332
f 454/183/442 438/173/429 456/184/1332
f 437/173/1333 438/173/1333 454/183/1333
f 453/183/1333 437/173/1333 454/183/1333
f 454/183/436 456/184/436 455/184/436
f 453/183/1334 454/183/436 455/184/436
g item_damaged
f 465/187/452 460/186/447 457/185/444
f 462/188/449 465/187/452 457/185/444
f 464/188/451 459/185/446 461/186/448
f 466/187/453 464/188/451 461/186/448
f 462/188/1335 457/185/1336 459/185/1335
f 464/188/1337 462/188/1335 459/185/1335
f 466/187/453 461/186/448 458/189/445
f 463/190/450 466/187/453 458/189/445
f 463/190/1339 458/189/1338 460/186/447
f 465/187/452 463/190/1339 460/186/447
f 471/193/458 468/192/455 473/191/460
f 468/192/1341 470/194/457 473/191/1340
f 467/196/454 469/196/456 472/195/459
f 467/196/1343 472/195/1342 473/191/1340
f 470/194/457 467/196/1343 473/191/1340
f 469/196/1344 471/193/458 473/191/460
f 472/195/1345 469/196/1344 473/191/460
f 470/194/457 477/198/464 474/197/461
f 467/199/1343 470/194/457 474/197/461
f 471/193/458 469/199/1344 476/197/463
f 478/198/465 471/193/458 476/197/463
f 469/199/456 467/199/454 474/197/1346
f 476/197/1347 469/199/456 474/197/1346
f 471/193/458 478/198/465 475/200/462
f 468/192/455 471/193/458 475/200/462
f 470/194/457 468/192/1341 475/200/1348
f 477/198/464 470/194/457 475/200/1348
f 508/203/495 506/202/493 509/201/496
f 512/204/499 508/203/495 509/201/496
f 507/203/494 505/206/492 513/205/500
f 510/204/497 507/203/494 513/205/500
f 505/206/1349 508/203/495 512/204/499
f 513/205/1350 505/206/1349 512/204/499
f 504/202/491 507/203/494 510/204/497
f 511/201/498 504/202/491 510/204/497
f 506/202/1351 504/202/1352 511/201/1351
f 509/201/1353 506/202/1351 511/201/1351
f 486/188/473 488/187/475 491/207/478
f 493/208/480 486/188/473 491/207/478
f 488/187/475 485/190/472 490/209/477
f 491/207/478 488/187/475 490/209/477
f 485/190/1354 487/187/474 492/207/479
f 490/209/1355 485/190/1354 492/207/479
f 487/187/474 484/188/471 489/208/476
f 492/207/479 487/187/474 489/208/476
f 484/188/1356 486/188/1357 493/208/1356
f 489/208/1358 484/188/1356 493/208/1356
f 474/197/461 477/198/464 480/210/467
f 481/211/468 474/197/461 480/210/467
f 478/198/465 476/197/463 479/211/466
f 482/210/469 478/198/465 479/211/466
f 476/197/1347 474/197/1346 481/211/1359
f 479/211/1359 476/197/1347 481/211/1359
f 475/200/462 478/198/465 482/210/469
f 483/212/470 475/200/462 482/210/469
f 477/198/464 475/200/1348 483/212/1360
f 480/210/467 477/198/464 483/212/1360
f 496/202/483 498/203/485 502/210/489
f 499/211/486 496/202/483 502/210/489
f 498/203/485 495/206/482 503/212/490
f 502/210/489 498/203/485 503/212/490
f 495/206/1361 497/203/484 500/210/487
f 503/212/1362 495/206/1361 500/210/487
f 497/203/484 494/202/481 501/211/488
f 500/210/487 497/203/484 501/211/488
f 494/202/1363 496/202/1364 499/211/1363
f 501/211/1365 494/202/1363 499/211/1363
f 520/209/507 515/214/502 516/213/503
f 521/207/508 520/209/507 516/213/503
f 522/207/509 517/213/504 515/214/1366
f 520/209/1367 522/207/509 515/214/1366
f 519/208/506 514/215/501 517/213/504
f 522/207/509 519/208/506 517/213/504
f 521/207/508 516/213/503 518/215/505
f 523/208/510 521/207/508 518/215/505
f 514/215/1368 519/208/1369 523/208/1368
f 518/215/1370 514/215/1368 523/208/1368
f 528/205/515 530/214/517 532/213/519
f 525/204/512 528/205/515 532/213/519
f 527/204/514 531/213/518 530/214/1371
f 528/205/1372 527/204/514 530/214/1371
f 524/201/511 533/215/520 531/213/518
f 527/204/514 524/201/511 531/213/518
f 525/204/512 532/213/519 529/215/516
f 526/201/513 525/204/512 529/215/516
f 533/215/1373 524/201/1374 526/201/1373
f 529/215/1375 533/215/1373 526/201/1373
f 530/214/1371 528/205/1372 527/204/514
f 531/213/518 530/214/1371 527/204/514
f 534/218/521 536/217/521 540/216/521
f 538/219/521 534/218/521 540/216/521
f 537/222/522 535/221/522 539/220/522
f 541/223/522 537/222/522 539/220/522
f 535/221/1376 542/225/523 544/224/525
f 539/220/1377 535/221/1376 544/224/525
f 542/225/523 534/218/1379 538/219/1378
f 544/224/525 542/225/523 538/219/1378
f 536/217/1380 543/227/524 545/226/526
f 540/216/1381 536/217/1380 545/226/526
f 543/227/524 537/222/1383 541/223/1382
f 545/226/526 543/227/524 541/223/1382
f 541/223/1386 539/220/1385 544/224/1384
f 538/219/1387 541/223/1386 544/224/1384
f 545/226/1388 541/223/1386 538/219/1387
f 540/216/1389 545/226/1388 538/219/1387
f 546/229/527 548/228/529 550/228/531
f 552/229/527 546/229/527 550/228/531
f 553/231/528 551/230/532 549/230/530
f 547/231/528 553/231/528 549/230/530
f 546/234/527 552/233/527 556/232/535
f 554/235/533 546/234/527 556/232/535
f 553/238/528 547/237/528 555/236/534
f 557/239/534 553/238/528 555/236/534
f 559/241/537 558/240/536 548/228/1390
f 546/229/1391 559/241/537 548/228/1390
f 559/241/537 547/231/1393 549/230/1392
f 558/240/536 559/241/537 549/230/1392
f 548/228/1395 558/240/1394 560/240/538
f 550/228/1396 548/228/1395 560/240/538
f 558/240/1394 549/230/1397 551/230/1397
f 560/240/538 558/240/1394 551/230/1397
f 550/228/1399 560/240/1398 561/241/539
f 552/229/1400 550/228/1399 561/241/539
f 560/240/1398 551/230/1402 553/231/1401
f 561/241/539 560/240/1398 553/231/1401
f 547/237/1393 559/243/537 562/242/540
f 555/236/1403 547/237/1393 562/242/540
f 559/243/537 546/245/1391 554/244/1404
f 562/242/540 559/243/537 554/244/1404
f 552/233/1400 561/247/539 563/246/541
f 556/232/1405 552/233/1400 563/246/541
f 561/247/539 553/249/1401 557/248/1406
f 563/246/541 561/247/539 557/248/1406
f 565/131/543 564/130/542 568/129/546
f 569/132/547 565/131/543 568/129/546
f 567/133/545 565/131/543 569/132/547
f 571/134/549 567/133/545 569/132/547
f 566/135/544 567/133/545 571/134/549
f 570/136/548 566/135/544 571/134/549
f 564/130/542 566/135/544 570/136/548
f 568/129/546 564/130/542 570/136/548
f 570/139/548 571/138/549 569/137/547
f 568/140/546 570/139/548 569/137/547
f 576/143/554 572/142/550 573/141/551
f 577/144/555 576/143/554 573/141/551
f 577/144/555 573/141/551 575/145/553
f 579/146/557 577/144/555 575/145/553
f 579/146/557 575/145/553 574/147/552
f 578/148/556 579/146/557 574/147/552
f 578/148/556 574/147/552 572/142/550
f 576/143/554 578/148/556 572/142/550
f 577/151/555 579/150/557 578/149/556
f 576/152/554 577/151/555 578/149/556
f 580/175/558 582/174/560 584/173/562
f 586/176/564 580/175/558 584/173/562
f 587/176/565 585/173/563 583/174/561
f 581/175/559 587/176/565 583/174/561
f 584/173/562 582/174/560 590/177/567
f 592/178/569 584/173/562 590/177/567
f 585/173/436 584/173/1407 592/178/436
f 593/178/436 585/173/436 592/178/436
f 583/174/561 585/173/563 593/178/568
f 591/177/568 583/174/561 593/178/568
f 582/174/433 583/174/433 591/177/433
f 590/177/433 582/174/433 591/177/433
f 591/177/1408 593/178/1409 592/178/1408
f 590/177/1409 591/177/1408 592/178/1408
f 580/175/558 586/176/564 594/179/570
f 588/180/566 580/175/558 594/179/570
f 581/175/433 580/175/433 588/180/433
f 589/180/433 581/175/433 588/180/433
f 587/176/565 581/175/559 589/180/1410
f 595/179/571 587/176/565 589/180/1410
f 586/176/436 587/176/436 595/179/436
f 594/179/436 586/176/436 595/179/436
f 595/179/1411 589/180/1412 588/180/1411
f 594/179/1412 595/179/1411 588/180/1411
f 582/174/560 580/175/558 596/181/572
f 598/182/572 582/174/560 596/181/572
f 583/174/1413 582/174/574 598/182/1413
f 599/182/574 583/174/1413 598/182/1413
f 581/175/559 583/174/561 599/182/573
f 597/181/573 581/175/559 599/182/573
f 580/175/1414 581/175/1414 597/181/1414
f 596/181/1414 580/175/1414 597/181/1414
f 597/181/433 599/182/433 598/182/433
f 596/181/1415 597/181/433 598/182/433
f 586/176/564 584/173/562 600/183/575
f 602/184/575 586/176/564 600/183/575
f 587/176/576 586/176/576 602/184/576
f 603/184/576 587/176/576 602/184/576
f 585/173/563 587/176/565 603/184/573
f 601/183/573 585/173/563 603/184/573
f 584/173/1416 585/173/1417 601/183/1416
f 600/183/1417 584/173/1416 601/183/1416
f 601/183/436 603/184/436 602/184/436
f 600/183/436 601/183/436 602/184/436
g item_bladens
f 613/3/10 610/2/7 615/1/12
f 610/2/1113 612/4/9 615/1/1112
f 609/6/6 611/6/8 614/5/11
f 609/6/1115 614/5/1114 615/1/1112
f 612/4/9 609/6/1115 615/1/1112
f 611/6/1116 613/3/10 615/1/12
f 614/5/1117 611/6/1116 615/1/12
f 612/4/9 619/8/16 616/7/13
f 609/9/1115 612/4/9 616/7/13
f 613/3/10 611/9/1116 618/7/15
f 620/8/17 613/3/10 618/7/15
f 611/9/8 609/9/6 616/7/1118
f 618/7/1119 611/9/8 616/7/1118
f 613/3/10 620/8/17 617/10/14
f 610/2/7 613/3/10 617/10/14
f 612/4/9 610/2/1113 617/10/1120
f 619/8/16 612/4/9 617/10/1120
f 616/7/13 619/8/16 624/11/21
f 621/12/18 616/7/13 624/11/21
f 620/8/17 618/7/15 623/12/20
f 625/11/22 620/8/17 623/12/20
f 618/7/1119 616/7/1118 621/12/1121
f 623/12/1122 618/7/1119 621/12/1121
f 617/10/14 620/8/17 625/11/22
f 622/13/19 617/10/14 625/11/22
f 619/8/16 617/10/1120 622/13/1123
f 624/11/21 619/8/16 622/13/1123
f 629/16/26 607/15/4 604/14/1
f 626/17/23 629/16/26 604/14/1
f 621/12/18 624/11/21 629/16/26
f 626/17/23 621/12/18 629/16/26
f 628/17/25 606/14/3 608/15/5
f 630/16/27 628/17/25 608/15/5
f 625/11/22 623/12/20 628/17/25
f 630/16/27 625/11/22 628/17/25
f 626/17/1125 604/14/1124 606/14/1124
f 628/17/1126 626/17/1125 606/14/1124
f 623/12/1122 621/12/1121 626/17/1125
f 628/17/1126 623/12/1122 626/17/1125
f 630/16/27 608/15/5 605/18/2
f 627/19/24 630/16/27 605/18/2
f 622/13/19 625/11/22 630/16/27
f 627/19/24 622/13/19 630/16/27
f 627/19/1128 605/18/1127 607/15/4
f 629/16/26 627/19/1128 607/15/4
f 624/11/21 622/13/1123 627/19/1128
f 629/16/26 624/11/21 627/19/1128
f 631/22/28 633/21/28 637/20/28
f 635/23/28 631/22/28 637/20/28
f 634/26/29 632/25/29 636/24/29
f 638/27/29 634/26/29 636/24/29
f 632/25/1129 639/29/30 641/28/32
f 636/24/1130 632/25/1129 641/28/32
f 639/29/30 631/22/1132 635/23/1131
f 641/28/32 639/29/30 635/23/1131
f 633/21/1133 640/31/31 642/30/33
f 637/20/1134 633/21/1133 642/30/33
f 640/31/31 634/26/1136 638/27/1135
f 642/30/33 640/31/31 638/27/1135
f 638/27/1139 636/24/1138 641/28/1137
f 635/23/1140 638/27/1139 641/28/1137
f 642/30/1141 638/27/1139 635/23/1140
f 637/20/1142 642/30/1141 635/23/1140
f 643/33/34 645/32/36 647/32/38
f 649/33/39 643/33/34 647/32/38
f 650/35/35 648/34/37 646/34/37
f 644/35/35 650/35/35 646/34/37
f 643/38/34 649/37/39 653/36/42
f 651/39/40 643/38/34 653/36/42
f 650/42/35 644/41/35 652/40/41
f 654/43/43 650/42/35 652/40/41
f 656/45/45 655/44/44 645/32/1143
f 643/33/1144 656/45/45 645/32/1143
f 656/45/45 644/35/1146 646/34/1145
f 655/44/44 656/45/45 646/34/1145
f 645/32/1148 655/44/1147 657/44/46
f 647/32/1148 645/32/1148 657/44/46
f 655/44/1147 646/34/1149 648/34/1149
f 657/44/46 655/44/1147 648/34/1149
f 647/32/1151 657/44/1150 658/45/47
f 649/33/1152 647/32/1151 658/45/47
f 657/44/1150 648/34/1154 650/35/1153
f 658/45/47 657/44/1150 650/35/1153
f 644/41/1146 656/47/45 659/46/48
f 652/40/1155 644/41/1146 659/46/48
f 656/47/45 643/49/1144 651/48/1156
f 659/46/48 656/47/45 651/48/1156
f 649/37/1152 658/51/47 660/50/49
f 653/36/1157 649/37/1152 660/50/49
f 658/51/47 650/53/1153 654/52/1158
f 660/50/49 658/51/47 654/52/1158
f 662/131/173 661/130/172 665/129/176
f 666/132/177 662/131/173 665/129/176
f 664/133/175 662/131/173 666/132/177
f 668/134/179 664/133/175 666/132/177
f 663/135/174 664/133/175 668/134/179
f 667/136/178 663/135/174 668/134/179
f 661/130/172 663/135/174 667/136/178
f 665/129/176 661/130/172 667/136/178
f 667/139/178 668/138/179 666/137/177
f 665/140/176 667/139/178 666/137/177
f 673/143/184 669/142/180 670/141/181
f 674/144/185 673/143/184 670/141/181
f 674/144/185 670/141/181 672/145/183
f 676/146/187 674/144/185 672/145/183
f 676/146/187 672/145/183 671/147/182
f 675/148/186 676/146/187 671/147/182
f 675/148/186 671/147/182 669/142/180
f 673/143/184 675/148/186 669/142/180
f 674/151/185 676/150/187 675/149/186
f 673/152/184 674/151/185 675/149/186
f 677/175/424 679/174/426 681/173/428
f 683/176/430 677/175/424 681/173/428
f 684/176/431 682/173/429 680/174/427
f 678/175/425 684/176/431 680/174/427
f 681/173/428 679/174/426 687/177/434
f 689/178/434 681/173/428 687/177/434
f 682/173/436 681/173/436 689/178/436
f 690/178/436 682/173/436 689/178/436
f 680/174/427 682/173/429 690/178/435
f 688/177/435 680/174/427 690/178/435
f 679/174/433 680/174/433 688/177/433
f 687/177/433 679/174/433 688/177/433
f 688/177/440 690/178/440 689/178/440
f 687/177/440 688/177/440 689/178/440
f 677/175/424 683/176/430 691/179/432
f 685/180/432 677/175/424 691/179/432
f 678/175/433 677/175/433 685/180/433
f 686/180/433 678/175/433 685/180/433
f 684/176/431 678/175/425 686/180/437
f 692/179/437 684/176/431 686/180/437
f 683/176/436 684/176/436 692/179/436
f 691/179/436 683/176/436 692/179/436
f 692/179/443 686/180/443 685/180/443
f 691/179/443 692/179/443 685/180/443
f 679/174/426 677/175/424 693/181/438
f 695/182/438 679/174/426 693/181/438
f 680/174/440 679/174/440 695/182/440
f 696/182/440 680/174/440 695/182/440
f 678/175/425 680/174/427 696/182/439
f 694/181/439 678/175/425 696/182/439
f 677/175/443 678/175/443 694/181/443
f 693/181/443 677/175/443 694/181/443
f 694/181/433 696/182/433 695/182/433
f 693/181/433 694/181/433 695/182/433
f 683/176/430 681/173/428 697/183/441
f 699/184/441 683/176/430 697/183/441
f 684/176/443 683/176/443 699/184/443
f 700/184/443 684/176/443 699/184/443
f 682/173/429 684/176/431 700/184/1332
f 698/183/442 682/173/429 700/184/1332
f 681/173/1333 682/173/1333 698/183/1333
f 697/183/1333 681/173/1333 698/183/1333
f 698/183/436 700/184/436 699/184/436
f 697/183/1334 698/183/436 699/184/436
g sheath
f 734/252/608 701/251/433 731/250/605
f 791/253/665 734/252/608 731/250/605
f 731/250/605 701/251/433 732/254/606
f 793/255/667 731/250/605 732/254/606
f 732/254/606 701/251/433 733/256/607
f 794/257/668 732/254/606 733/256/607
f 733/256/607 701/251/433 734/252/608
f 792/258/666 733/256/607 734/252/608
f 732/254/606 702/260/577 735/259/609
f 793/255/667 732/254/606 735/259/609
f 735/259/609 702/260/577 736/254/610
f 795/255/669 735/259/609 736/254/610
f 736/254/610 702/260/577 737/261/611
f 796/257/670 736/254/610 737/261/611
f 737/261/611 702/260/577 732/254/606
f 794/257/668 737/261/611 732/254/606
f 736/254/610 703/251/436 738/250/612
f 795/255/669 736/254/610 738/250/612
f 738/250/612 703/251/436 739/252/613
f 797/253/671 738/250/612 739/252/613
f 739/252/613 703/251/436 740/256/614
f 798/258/672 739/252/613 740/256/614
f 740/256/614 703/251/436 736/254/610
f 796/257/670 740/256/614 736/254/610
f 739/252/613 704/263/578 741/262/615
f 797/253/671 739/252/613 741/262/615
f 741/262/615 704/263/578 734/252/608
f 791/253/665 741/262/615 734/252/608
f 734/252/608 704/263/578 742/264/616
f 792/258/666 734/252/608 742/264/616
f 742/264/616 704/263/578 739/252/613
f 798/258/672 742/264/616 739/252/613
f 745/267/619 705/266/579 743/265/617
f 800/268/674 745/267/619 743/265/617
f 743/265/617 705/266/579 744/269/618
f 799/270/673 743/265/617 744/269/618
f 744/269/618 705/266/579 733/256/607
f 792/258/666 744/269/618 733/256/607
f 733/256/607 705/266/579 745/267/619
f 794/257/668 733/256/607 745/267/619
f 747/267/621 706/272/580 746/271/620
f 801/268/675 747/267/621 746/271/620
f 746/271/620 706/272/580 745/267/619
f 800/268/674 746/271/620 745/267/619
f 745/267/619 706/272/580 737/261/611
f 794/257/668 745/267/619 737/261/611
f 737/261/611 706/272/580 747/267/621
f 796/257/670 737/261/611 747/267/621
f 749/269/623 707/266/581 748/265/622
f 802/270/676 749/269/623 748/265/622
f 748/265/622 707/266/581 747/267/621
f 801/268/675 748/265/622 747/267/621
f 707/266/581 740/256/614 796/257/670
f 747/267/621 707/266/581 796/257/670
f 740/256/614 707/266/581 749/269/623
f 798/258/672 740/256/614 749/269/623
f 744/269/618 708/274/582 750/273/624
f 799/270/673 744/269/618 750/273/624
f 750/273/624 708/274/582 749/269/623
f 802/270/676 750/273/624 749/269/623
f 749/269/623 708/274/582 742/264/616
f 798/258/672 749/269/623 742/264/616
f 742/264/616 708/274/582 744/269/618
f 792/258/666 742/264/616 744/269/618
f 754/277/628 709/276/583 751/275/625
f 808/278/682 754/277/628 751/275/625
f 751/275/625 709/276/583 752/279/626
f 807/280/681 751/275/625 752/279/626
f 752/279/626 709/276/583 753/281/627
f 803/282/677 752/279/626 753/281/627
f 753/281/627 709/276/583 754/277/628
f 804/283/678 753/281/627 754/277/628
f 757/277/631 710/285/584 755/284/629
f 809/278/683 757/277/631 755/284/629
f 755/284/629 710/285/584 754/277/628
f 808/278/682 755/284/629 754/277/628
f 754/277/628 710/285/584 756/286/630
f 804/283/678 754/277/628 756/286/630
f 756/286/630 710/285/584 757/277/631
f 805/283/679 756/286/630 757/277/631
f 760/279/634 711/276/585 758/275/632
f 810/280/684 760/279/634 758/275/632
f 758/275/632 711/276/585 757/277/631
f 809/278/683 758/275/632 757/277/631
f 757/277/631 711/276/585 759/281/633
f 805/283/679 757/277/631 759/281/633
f 759/281/633 711/276/585 760/279/634
f 806/282/680 759/281/633 760/279/634
f 752/279/626 712/288/586 761/287/635
f 807/280/681 752/279/626 761/287/635
f 761/287/635 712/288/586 760/279/634
f 810/280/684 761/287/635 760/279/634
f 760/279/634 712/288/586 762/289/636
f 806/282/680 760/279/634 762/289/636
f 762/289/636 712/288/586 752/279/626
f 803/282/677 762/289/636 752/279/626
f 713/292/587 763/291/637 812/290/686
f 765/293/639 713/292/587 812/290/686
f 713/292/587 764/294/638 811/291/685
f 763/291/637 713/292/587 811/291/685
f 764/294/638 713/292/587 751/275/625
f 807/280/681 764/294/638 751/275/625
f 751/275/625 713/292/587 765/293/639
f 808/278/682 751/275/625 765/293/639
f 767/293/641 714/295/588 766/290/640
f 813/290/687 767/293/641 766/290/640
f 766/290/640 714/295/588 765/293/639
f 812/290/686 766/290/640 765/293/639
f 765/293/639 714/295/1418 755/284/629
f 808/278/682 765/293/639 755/284/629
f 755/284/629 714/295/1418 767/293/641
f 809/278/683 755/284/629 767/293/641
f 715/292/589 768/291/642 814/291/688
f 769/294/643 715/292/589 814/291/688
f 715/292/589 767/293/641 813/290/687
f 768/291/642 715/292/589 813/290/687
f 767/293/641 715/292/589 758/275/632
f 809/278/683 767/293/641 758/275/632
f 758/275/632 715/292/589 769/294/643
f 810/280/684 758/275/632 769/294/643
f 764/294/638 716/297/590 770/296/644
f 811/291/685 764/294/638 770/296/644
f 770/296/644 716/297/590 769/294/643
f 814/291/688 770/296/644 769/294/643
f 769/294/643 716/297/1419 761/287/635
f 810/280/684 769/294/643 761/287/635
f 761/287/635 716/297/1419 764/294/638
f 807/280/681 761/287/635 764/294/638
f 717/291/591 763/291/637 811/291/685
f 770/296/644 717/291/591 811/291/685
f 717/291/591 766/290/640 812/290/686
f 763/291/637 717/291/591 812/290/686
f 717/291/591 768/291/642 813/290/687
f 766/290/640 717/291/591 813/290/687
f 717/291/591 770/296/644 814/291/688
f 768/291/642 717/291/591 814/291/688
f 773/300/647 718/299/592 771/298/645
f 815/301/689 773/300/647 771/298/645
f 771/298/645 718/299/592 743/265/617
f 799/270/673 771/298/645 743/265/617
f 743/265/617 718/299/592 772/302/646
f 800/268/674 743/265/617 772/302/646
f 772/302/646 718/299/592 773/300/647
f 816/303/690 772/302/646 773/300/647
f 775/305/649 719/304/593 773/300/647
f 815/301/689 775/305/649 773/300/647
f 773/300/647 719/304/593 774/306/648
f 816/303/690 773/300/647 774/306/648
f 774/306/648 719/304/593 753/281/627
f 804/283/678 774/306/648 753/281/627
f 719/304/593 775/305/649 803/282/677
f 753/281/627 719/304/593 803/282/677
f 777/308/651 720/307/594 772/302/646
f 816/303/690 777/308/651 772/302/646
f 772/302/646 720/307/594 746/271/620
f 800/268/674 772/302/646 746/271/620
f 746/271/620 720/307/594 776/302/650
f 801/268/675 746/271/620 776/302/650
f 776/302/650 720/307/594 777/308/651
f 817/303/691 776/302/650 777/308/651
f 774/306/648 721/309/595 777/308/651
f 816/303/690 774/306/648 777/308/651
f 777/308/651 721/309/595 778/306/652
f 817/303/691 777/308/651 778/306/652
f 778/306/652 721/309/595 756/286/630
f 805/283/679 778/306/652 756/286/630
f 756/286/630 721/309/595 774/306/648
f 804/283/678 756/286/630 774/306/648
f 780/300/654 722/299/596 776/302/650
f 817/303/691 780/300/654 776/302/650
f 776/302/650 722/299/596 748/265/622
f 801/268/675 776/302/650 748/265/622
f 748/265/622 722/299/596 779/298/653
f 802/270/676 748/265/622 779/298/653
f 779/298/653 722/299/596 780/300/654
f 818/301/692 779/298/653 780/300/654
f 778/306/652 723/304/597 780/300/654
f 817/303/691 778/306/652 780/300/654
f 780/300/654 723/304/597 781/305/655
f 818/301/692 780/300/654 781/305/655
f 781/305/655 723/304/597 759/281/633
f 806/282/680 781/305/655 759/281/633
f 759/281/633 723/304/597 778/306/652
f 805/283/679 759/281/633 778/306/652
f 782/311/656 724/310/598 779/298/653
f 818/301/692 782/311/656 779/298/653
f 779/298/653 724/310/598 750/273/624
f 802/270/676 779/298/653 750/273/624
f 750/273/624 724/310/598 771/298/645
f 799/270/673 750/273/624 771/298/645
f 771/298/645 724/310/598 782/311/656
f 815/301/689 771/298/645 782/311/656
f 781/305/655 725/312/599 782/311/656
f 818/301/692 781/305/655 782/311/656
f 782/311/656 725/312/599 775/305/649
f 815/301/689 782/311/656 775/305/649
f 775/305/649 725/312/599 762/289/636
f 803/282/677 775/305/649 762/289/636
f 762/289/636 725/312/599 781/305/655
f 806/282/680 762/289/636 781/305/655
f 726/314/600 783/314/657 821/313/695
f 785/315/659 726/314/600 821/313/695
f 726/314/600 784/316/658 822/314/696
f 783/314/657 726/314/600 822/314/696
f 784/316/1421 726/314/1420 738/250/612
f 797/253/671 784/316/1421 738/250/612
f 738/250/612 726/314/1420 785/315/1422
f 795/255/669 738/250/612 785/315/1422
f 787/315/661 727/317/601 786/315/660
f 820/313/694 787/315/661 786/315/660
f 786/315/660 727/317/601 785/315/659
f 821/313/695 786/315/660 785/315/659
f 785/315/1422 727/317/1423 735/259/609
f 795/255/669 785/315/1422 735/259/609
f 735/259/609 727/317/1423 787/315/1424
f 793/255/667 735/259/609 787/315/1424
f 728/314/602 788/314/662 819/314/693
f 789/316/663 728/314/602 819/314/693
f 728/314/602 787/315/661 820/313/694
f 788/314/662 728/314/602 820/313/694
f 787/315/1424 728/314/1425 731/250/605
f 793/255/667 787/315/1424 731/250/605
f 731/250/605 728/314/1425 789/316/1426
f 791/253/665 731/250/605 789/316/1426
f 784/316/658 729/318/603 790/316/664
f 822/314/696 784/316/658 790/316/664
f 790/316/664 729/318/603 789/316/663
f 819/314/693 790/316/664 789/316/663
f 789/316/1426 729/318/1427 741/262/615
f 791/253/665 789/316/1426 741/262/615
f 741/262/615 729/318/1427 784/316/1421
f 797/253/671 741/262/615 784/316/1421
f 730/321/604 783/320/657 822/319/696
f 790/322/664 730/321/604 822/319/696
f 730/321/604 786/324/660 821/323/695
f 783/320/657 730/321/604 821/323/695
f 730/321/604 788/320/662 820/323/694
f 786/324/660 730/321/604 820/323/694
f 730/321/604 790/322/664 819/319/693
f 788/320/662 730/321/604 819/319/693
f 1039/154/913 1034/153/908 1025/153/899
f 1023/156/897 1032/156/906 1027/155/901
f 1025/157/899 1045/157/919 1039/157/913
f 1039/157/1429 1045/157/1428 1027/157/1428
f 1027/157/901 1046/157/920 1023/157/897
f 1045/157/1428 1046/157/1430 1027/157/1428
f 1052/154/922 1051/153/922 1048/153/922
f 1047/156/921 1050/156/921 1049/155/921
f 1052/154/1431 1049/155/1432 1050/156/1431
f 1051/153/1433 1052/154/1431 1050/156/1431
f 1058/154/928 1057/153/927 1054/153/924
f 1053/156/923 1056/156/926 1055/155/925
f 1055/155/925 1056/156/926 1059/158/929
f 1058/154/928 1055/155/925 1059/158/929
f 1057/153/927 1058/154/928 1059/158/929
f 829/160/703 823/159/697 839/159/713
f 845/160/719 829/160/703 839/159/713
f 836/162/710 852/162/726 843/161/717
f 827/161/701 836/162/710 843/161/717
f 852/162/1436 845/160/1435 839/159/1434
f 843/161/1437 852/162/1436 839/159/1434
f 828/163/702 844/163/718 839/159/713
f 823/159/697 828/163/702 839/159/713
f 835/164/709 827/161/701 843/161/717
f 851/164/725 835/164/709 843/161/717
f 851/164/1438 843/161/1437 839/159/1434
f 844/163/1439 851/164/1438 839/159/1434
f 826/165/700 842/165/716 844/163/718
f 828/163/702 826/165/700 844/163/718
f 834/166/708 835/164/709 851/164/725
f 850/166/724 834/166/708 851/164/725
f 851/164/1438 844/163/1439 842/165/1440
f 850/166/724 851/164/1438 842/165/1440
f 824/167/698 829/160/703 845/160/719
f 840/167/714 824/167/698 845/160/719
f 836/162/710 830/168/704 846/168/720
f 852/162/726 836/162/710 846/168/720
f 852/162/1436 846/168/1442 840/167/1441
f 845/160/1435 852/162/1436 840/167/1441
f 824/167/698 840/167/714 847/160/721
f 831/160/705 824/167/698 847/160/721
f 830/168/704 837/162/711 853/162/727
f 846/168/720 830/168/704 853/162/727
f 853/162/1444 847/160/1443 840/167/1441
f 846/168/1442 853/162/1444 840/167/1441
f 831/160/705 847/160/721 841/159/715
f 825/159/699 831/160/705 841/159/715
f 837/162/711 832/161/706 848/161/722
f 853/162/727 837/162/711 848/161/722
f 853/162/1444 848/161/1446 841/159/1445
f 847/160/1443 853/162/1444 841/159/1445
f 826/165/700 833/163/707 849/163/723
f 842/165/716 826/165/700 849/163/723
f 838/164/712 834/166/708 850/166/724
f 854/164/728 838/164/712 850/166/724
f 854/164/1447 850/166/724 842/165/1440
f 849/163/1448 854/164/1447 842/165/1440
f 833/163/707 855/159/729 857/159/731
f 849/163/723 833/163/707 857/159/731
f 838/164/712 854/164/728 858/161/732
f 856/161/730 838/164/712 858/161/732
f 854/164/1447 849/163/1448 857/159/1449
f 858/161/1450 854/164/1447 857/159/1449
f 865/160/739 859/159/733 875/159/749
f 881/160/755 865/160/739 875/159/749
f 872/162/746 888/162/762 879/161/753
f 863/161/737 872/162/746 879/161/753
f 881/160/1453 875/159/1452 879/161/1451
f 888/162/1454 881/160/1453 879/161/1451
f 864/163/738 880/163/754 875/159/749
f 859/159/733 864/163/738 875/159/749
f 871/164/745 863/161/737 879/161/753
f 887/164/761 871/164/745 879/161/753
f 887/164/1455 879/161/1451 875/159/1452
f 880/163/1456 887/164/1455 875/159/1452
f 862/165/736 878/165/752 880/163/754
f 864/163/738 862/165/736 880/163/754
f 870/166/744 871/164/745 887/164/761
f 886/166/760 870/166/744 887/164/761
f 880/163/1456 878/165/1457 886/166/760
f 887/164/1455 880/163/1456 886/166/760
f 860/167/734 865/160/739 881/160/755
f 876/167/750 860/167/734 881/160/755
f 866/168/740 882/168/756 888/162/762
f 872/162/746 866/168/740 888/162/762
f 888/162/1454 882/168/1459 876/167/1458
f 881/160/1453 888/162/1454 876/167/1458
f 860/167/734 876/167/750 883/160/757
f 867/160/741 860/167/734 883/160/757
f 866/168/740 873/162/747 889/162/763
f 882/168/756 866/168/740 889/162/763
f 883/160/1460 876/167/1458 882/168/1459
f 889/162/1461 883/160/1460 882/168/1459
f 867/160/741 883/160/757 877/159/751
f 861/159/735 867/160/741 877/159/751
f 873/162/747 868/161/742 884/161/758
f 889/162/763 873/162/747 884/161/758
f 889/162/1461 884/161/1463 877/159/1462
f 883/160/1460 889/162/1461 877/159/1462
f 862/165/736 869/163/743 885/163/759
f 878/165/752 862/165/736 885/163/759
f 874/164/748 870/166/744 886/166/1464
f 890/164/764 874/164/748 886/166/1464
f 890/164/1465 886/166/760 878/165/1457
f 885/163/1466 890/164/1465 878/165/1457
f 869/163/743 891/159/765 893/159/767
f 885/163/759 869/163/743 893/159/767
f 874/164/748 890/164/764 894/161/768
f 892/161/766 874/164/748 894/161/768
f 890/164/1465 885/163/1466 893/159/1467
f 894/161/1468 890/164/1465 893/159/1467
f 901/160/775 895/159/769 911/159/785
f 917/160/791 901/160/775 911/159/785
f 908/162/782 924/162/798 915/161/789
f 899/161/773 908/162/782 915/161/789
f 924/162/1471 917/160/1470 911/159/1469
f 915/161/1472 924/162/1471 911/159/1469
f 900/163/774 916/163/790 911/159/785
f 895/159/769 900/163/774 911/159/785
f 907/164/781 899/161/773 915/161/789
f 923/164/797 907/164/781 915/161/789
f 923/164/1473 915/161/1472 911/159/1469
f 916/163/1474 923/164/1473 911/159/1469
f 898/165/772 914/165/788 916/163/790
f 900/163/774 898/165/772 916/163/790
f 906/166/780 907/164/781 923/164/797
f 922/166/796 906/166/780 923/164/797
f 923/164/1473 916/163/1474 914/165/1475
f 922/166/796 923/164/1473 914/165/1475
f 896/167/770 901/160/775 917/160/791
f 912/167/786 896/167/770 917/160/791
f 908/162/782 902/168/776 918/168/792
f 924/162/798 908/162/782 918/168/792
f 924/162/1471 918/168/1477 912/167/1476
f 917/160/1470 924/162/1471 912/167/1476
f 896/167/770 912/167/786 919/160/793
f 903/160/777 896/167/770 919/160/793
f 902/168/776 909/162/783 925/162/799
f 918/168/792 902/168/776 925/162/799
f 925/162/1479 919/160/1478 912/167/1476
f 918/168/1477 925/162/1479 912/167/1476
f 903/160/777 919/160/793 913/159/787
f 897/159/771 903/160/777 913/159/787
f 909/162/783 904/161/778 920/161/794
f 925/162/799 909/162/783 920/161/794
f 925/162/1479 920/161/1481 913/159/1480
f 919/160/1478 925/162/1479 913/159/1480
f 898/165/772 905/163/779 921/163/795
f 914/165/788 898/165/772 921/163/795
f 910/164/784 906/166/780 922/166/796
f 926/164/800 910/164/784 922/166/796
f 926/164/1482 922/166/796 914/165/1475
f 921/163/1483 926/164/1482 914/165/1475
f 905/163/779 927/159/801 929/159/803
f 921/163/795 905/163/779 929/159/803
f 910/164/784 926/164/800 930/161/804
f 928/161/802 910/164/784 930/161/804
f 926/164/1482 921/163/1483 929/159/1484
f 930/161/1485 926/164/1482 929/159/1484
f 937/160/811 931/159/805 947/159/821
f 953/160/827 937/160/811 947/159/821
f 944/162/818 960/162/834 951/161/825
f 935/161/809 944/162/818 951/161/825
f 960/162/1488 953/160/1487 947/159/1486
f 951/161/1489 960/162/1488 947/159/1486
f 936/163/810 952/163/826 947/159/821
f 931/159/805 936/163/810 947/159/821
f 943/164/817 935/161/809 951/161/825
f 959/164/833 943/164/817 951/161/825
f 959/164/1490 951/161/1489 947/159/1486
f 952/163/1491 959/164/1490 947/159/1486
f 934/165/808 950/165/824 952/163/826
f 936/163/810 934/165/808 952/163/826
f 942/166/816 943/164/817 959/164/833
f 958/166/832 942/166/816 959/164/833
f 959/164/1490 952/163/1491 950/165/1492
f 958/166/832 959/164/1490 950/165/1492
f 932/167/806 937/160/811 953/160/827
f 948/167/822 932/167/806 953/160/827
f 944/162/818 938/168/812 954/168/828
f 960/162/834 944/162/818 954/168/828
f 960/162/1488 954/168/1494 948/167/1493
f 953/160/1487 960/162/1488 948/167/1493
f 932/167/806 948/167/822 955/160/829
f 939/160/813 932/167/806 955/160/829
f 938/168/812 945/162/819 961/162/835
f 954/168/828 938/168/812 961/162/835
f 961/162/1496 955/160/1495 948/167/1493
f 954/168/1494 961/162/1496 948/167/1493
f 939/160/813 955/160/829 949/159/823
f 933/159/807 939/160/813 949/159/823
f 945/162/819 940/161/814 956/161/830
f 961/162/835 945/162/819 956/161/830
f 961/162/1496 956/161/1498 949/159/1497
f 955/160/1495 961/162/1496 949/159/1497
f 934/165/808 941/163/815 957/163/831
f 950/165/824 934/165/808 957/163/831
f 946/164/820 942/166/816 958/166/832
f 962/164/836 946/164/820 958/166/832
f 962/164/1499 958/166/832 950/165/1492
f 957/163/1500 962/164/1499 950/165/1492
f 941/163/815 963/159/837 965/159/839
f 957/163/831 941/163/815 965/159/839
f 946/164/820 962/164/836 966/161/840
f 964/161/838 946/164/820 966/161/840
f 962/164/1499 957/163/1500 965/159/1501
f 966/161/1502 962/164/1499 965/159/1501
f 973/160/847 967/159/841 983/159/857
f 989/160/863 973/160/847 983/159/857
f 980/162/854 996/162/870 987/161/861
f 971/161/845 980/162/854 987/161/861
f 996/162/1505 989/160/1504 983/159/1503
f 987/161/1506 996/162/1505 983/159/1503
f 972/163/846 988/163/862 983/159/857
f 967/159/841 972/163/846 983/159/857
f 979/164/853 971/161/845 987/161/861
f 995/164/869 979/164/853 987/161/861
f 995/164/1507 987/161/1506 983/159/1503
f 988/163/1508 995/164/1507 983/159/1503
f 970/165/844 986/165/860 988/163/862
f 972/163/846 970/165/844 988/163/862
f 978/166/852 979/164/853 995/164/869
f 994/166/868 978/166/852 995/164/869
f 995/164/1507 988/163/1508 986/165/1509
f 994/166/868 995/164/1507 986/165/1509
f 968/167/842 973/160/847 989/160/863
f 984/167/858 968/167/842 989/160/863
f 974/168/848 990/168/864 996/162/870
f 980/162/854 974/168/848 996/162/870
f 990/168/1511 984/167/1510 989/160/1504
f 996/162/1505 990/168/1511 989/160/1504
f 968/167/842 984/167/858 991/160/865
f 975/160/849 968/167/842 991/160/865
f 974/168/848 981/162/855 997/162/871
f 990/168/864 974/168/848 997/162/871
f 997/162/1513 991/160/1512 984/167/1510
f 990/168/1511 997/162/1513 984/167/1510
f 975/160/849 991/160/865 985/159/859
f 969/159/843 975/160/849 985/159/859
f 981/162/855 976/161/850 992/161/866
f 997/162/871 981/162/855 992/161/866
f 997/162/1513 992/161/1515 985/159/1514
f 991/160/1512 997/162/1513 985/159/1514
f 970/165/844 977/163/851 993/163/867
f 986/165/860 970/165/844 993/163/867
f 982/164/856 978/166/852 994/166/868
f 998/164/872 982/164/856 994/166/868
f 998/164/1516 994/166/868 986/165/1509
f 993/163/1517 998/164/1516 986/165/1509
f 977/163/851 999/159/873 1001/159/875
f 993/163/867 977/163/851 1001/159/875
f 982/164/856 998/164/872 1002/161/876
f 1000/161/874 982/164/856 1002/161/876
f 993/163/1517 1001/159/1519 1002/161/1518
f 998/164/1516 993/163/1517 1002/161/1518
f 1007/160/881 1003/159/877 1013/159/887
f 1017/160/891 1007/160/881 1013/159/887
f 1011/162/885 1021/162/895 1016/161/890
f 1006/161/880 1011/162/885 1016/161/890
f 1021/162/1521 1017/160/891 1013/159/1520
f 1016/161/1522 1021/162/1521 1013/159/1520
f 1004/167/878 1007/160/881 1017/160/891
f 1014/167/888 1004/167/878 1017/160/891
f 1008/168/882 1018/168/892 1021/162/895
f 1011/162/885 1008/168/882 1021/162/895
f 1018/168/1523 1014/167/888 1017/160/891
f 1021/162/1521 1018/168/1523 1017/160/891
f 1004/167/878 1014/167/888 1019/160/893
f 1009/160/883 1004/167/878 1019/160/893
f 1008/168/882 1012/162/886 1022/162/896
f 1018/168/892 1008/168/882 1022/162/896
f 1022/162/1526 1019/160/1525 1014/167/1524
f 1018/168/1527 1022/162/1526 1014/167/1524
f 1009/160/883 1019/160/893 1015/159/889
f 1005/159/879 1009/160/883 1015/159/889
f 1012/162/886 1010/161/884 1020/161/894
f 1022/162/896 1012/162/886 1020/161/894
f 1022/162/1526 1020/161/1529 1015/159/1528
f 1019/160/1525 1022/162/1526 1015/159/1528
f 1039/154/1532 1027/155/1531 1032/156/1530
f 1034/153/1533 1039/154/1532 1032/156/1530
f 1023/156/897 1026/169/900 1035/169/909
f 1032/156/906 1023/156/897 1035/169/909
f 1030/170/904 1025/153/899 1034/153/908
f 1038/170/912 1030/170/904 1034/153/908
f 1034/153/1533 1032/156/1530 1035/169/1534
f 1038/170/912 1034/153/1533 1035/169/1534
f 1024/171/898 1033/171/907 1035/169/909
f 1026/169/900 1024/171/898 1035/169/909
f 1030/170/904 1038/170/912 1037/172/911
f 1029/172/903 1030/170/904 1037/172/911
f 1038/170/912 1035/169/1534 1033/171/1535
f 1037/172/911 1038/170/912 1033/171/1535
f 1024/171/898 1028/169/902 1036/169/910
f 1033/171/907 1024/171/898 1036/169/910
f 1031/170/905 1029/172/1537 1037/172/1536
f 1040/170/914 1031/170/905 1037/172/1536
f 1037/172/1536 1033/171/1539 1036/169/1538
f 1040/170/1540 1037/172/1536 1036/169/1538
f 1028/169/902 1041/156/915 1043/156/917
f 1036/169/910 1028/169/902 1043/156/917
f 1031/170/905 1040/170/914 1044/153/918
f 1042/153/916 1031/170/905 1044/153/918
f 1040/170/1540 1036/169/1538 1043/156/1541
f 1044/153/1542 1040/170/1540 1043/156/1541
g effect
f 1093/327/963 1060/326/930 1090/325/960
f 1150/328/1020 1093/327/963 1090/325/960
f 1090/325/960 1060/326/930 1091/329/961
f 1152/330/1022 1090/325/960 1091/329/961
f 1060/326/930 1092/332/962 1153/331/1023
f 1091/329/961 1060/326/930 1153/331/1023
f 1092/332/962 1060/326/930 1093/327/963
f 1151/333/1021 1092/332/962 1093/327/963
f 1091/329/961 1061/335/931 1094/334/964
f 1152/330/1022 1091/329/961 1094/334/964
f 1094/334/964 1061/335/931 1095/329/965
f 1154/330/1024 1094/334/964 1095/329/965
f 1095/329/965 1061/335/931 1096/336/966
f 1155/331/1025 1095/329/965 1096/336/966
f 1096/336/966 1061/335/931 1091/329/961
f 1153/331/1023 1096/336/966 1091/329/961
f 1095/329/965 1062/326/932 1097/325/967
f 1154/330/1024 1095/329/965 1097/325/967
f 1097/325/967 1062/326/932 1098/327/968
f 1156/328/1026 1097/325/967 1098/327/968
f 1098/327/968 1062/326/932 1099/332/969
f 1157/333/1027 1098/327/968 1099/332/969
f 1062/326/932 1095/329/965 1155/331/1025
f 1099/332/969 1062/326/932 1155/331/1025
f 1098/327/968 1063/338/933 1100/337/970
f 1156/328/1026 1098/327/968 1100/337/970
f 1100/337/970 1063/338/933 1093/327/963
f 1150/328/1020 1100/337/970 1093/327/963
f 1063/338/933 1101/339/971 1151/333/1021
f 1093/327/963 1063/338/933 1151/333/1021
f 1063/338/933 1098/327/968 1157/333/1027
f 1101/339/971 1063/338/933 1157/333/1027
f 1104/342/974 1064/341/934 1102/340/972
f 1159/343/1029 1104/342/974 1102/340/972
f 1102/340/972 1064/341/934 1103/344/973
f 1158/345/1028 1102/340/972 1103/344/973
f 1103/344/973 1064/341/934 1092/332/962
f 1151/333/1021 1103/344/973 1092/332/962
f 1092/332/962 1064/341/934 1104/342/974
f 1153/331/1023 1092/332/962 1104/342/974
f 1106/342/976 1065/347/935 1105/346/975
f 1160/343/1030 1106/342/976 1105/346/975
f 1105/346/975 1065/347/935 1104/342/974
f 1159/343/1029 1105/346/975 1104/342/974
f 1104/342/974 1065/347/935 1096/336/966
f 1153/331/1023 1104/342/974 1096/336/966
f 1096/336/966 1065/347/935 1106/342/976
f 1155/331/1025 1096/336/966 1106/342/976
f 1108/344/978 1066/341/936 1107/340/977
f 1161/345/1031 1108/344/978 1107/340/977
f 1107/340/977 1066/341/936 1106/342/976
f 1160/343/1030 1107/340/977 1106/342/976
f 1106/342/976 1066/341/936 1099/332/969
f 1155/331/1025 1106/342/976 1099/332/969
f 1099/332/969 1066/341/936 1108/344/978
f 1157/333/1027 1099/332/969 1108/344/978
f 1103/344/973 1067/349/937 1109/348/979
f 1158/345/1028 1103/344/973 1109/348/979
f 1109/348/979 1067/349/937 1108/344/978
f 1161/345/1031 1109/348/979 1108/344/978
f 1108/344/978 1067/349/937 1101/339/971
f 1157/333/1027 1108/344/978 1101/339/971
f 1101/339/971 1067/349/937 1103/344/973
f 1151/333/1021 1101/339/971 1103/344/973
f 1068/352/938 1110/351/980 1167/350/1037
f 1113/353/983 1068/352/938 1167/350/1037
f 1068/352/938 1111/355/981 1166/354/1036
f 1110/351/980 1068/352/938 1166/354/1036
f 1111/355/981 1068/352/938 1112/356/982
f 1162/357/1032 1111/355/981 1112/356/982
f 1112/356/982 1068/352/938 1113/353/983
f 1163/358/1033 1112/356/982 1113/353/983
f 1116/353/986 1069/360/939 1114/359/984
f 1168/350/1038 1116/353/986 1114/359/984
f 1114/359/984 1069/360/939 1113/353/983
f 1167/350/1037 1114/359/984 1113/353/983
f 1113/353/983 1069/360/939 1115/361/985
f 1163/358/1033 1113/353/983 1115/361/985
f 1115/361/985 1069/360/939 1116/353/986
f 1164/358/1034 1115/361/985 1116/353/986
f 1070/352/940 1117/351/987 1169/354/1039
f 1119/355/989 1070/352/940 1169/354/1039
f 1070/352/940 1116/353/986 1168/350/1038
f 1117/351/987 1070/352/940 1168/350/1038
f 1116/353/986 1070/352/940 1118/356/988
f 1164/358/1034 1116/353/986 1118/356/988
f 1118/356/988 1070/352/940 1119/355/989
f 1165/357/1035 1118/356/988 1119/355/989
f 1111/355/981 1071/363/941 1120/362/990
f 1166/354/1036 1111/355/981 1120/362/990
f 1120/362/990 1071/363/941 1119/355/989
f 1169/354/1039 1120/362/990 1119/355/989
f 1119/355/989 1071/363/941 1121/364/991
f 1165/357/1035 1119/355/989 1121/364/991
f 1121/364/991 1071/363/941 1111/355/981
f 1162/357/1032 1121/364/991 1111/355/981
f 1072/367/942 1122/366/992 1171/365/1041
f 1124/368/994 1072/367/942 1171/365/1041
f 1072/367/942 1123/370/993 1170/369/1040
f 1122/366/992 1072/367/942 1170/369/1040
f 1123/370/993 1072/367/942 1110/351/980
f 1166/354/1036 1123/370/993 1110/351/980
f 1110/351/980 1072/367/942 1124/368/994
f 1167/350/1037 1110/351/980 1124/368/994
f 1073/372/943 1125/371/995 1172/365/1042
f 1126/368/996 1073/372/943 1172/365/1042
f 1073/372/943 1124/368/994 1171/365/1041
f 1125/371/995 1073/372/943 1171/365/1041
f 1073/372/943 1114/359/984 1167/350/1037
f 1124/368/994 1073/372/943 1167/350/1037
f 1073/372/943 1126/368/996 1168/350/1038
f 1114/359/984 1073/372/943 1168/350/1038
f 1074/367/944 1127/366/997 1173/369/1043
f 1128/370/998 1074/367/944 1173/369/1043
f 1074/367/944 1126/368/996 1172/365/1042
f 1127/366/997 1074/367/944 1172/365/1042
f 1126/368/996 1074/367/944 1117/351/987
f 1168/350/1038 1126/368/996 1117/351/987
f 1117/351/987 1074/367/944 1128/370/998
f 1169/354/1039 1117/351/987 1128/370/998
f 1075/374/945 1129/373/999 1170/369/1040
f 1123/370/993 1075/374/945 1170/369/1040
f 1075/374/945 1128/370/998 1173/369/1043
f 1129/373/999 1075/374/945 1173/369/1043
f 1075/374/945 1120/362/990 1169/354/1039
f 1128/370/998 1075/374/945 1169/354/1039
f 1075/374/945 1123/370/993 1166/354/1036
f 1120/362/990 1075/374/945 1166/354/1036
f 1076/375/946 1122/366/992 1170/369/1040
f 1129/373/999 1076/375/946 1170/369/1040
f 1076/375/946 1125/371/995 1171/365/1041
f 1122/366/992 1076/375/946 1171/365/1041
f 1076/375/946 1127/366/997 1172/365/1042
f 1125/371/995 1076/375/946 1172/365/1042
f 1076/375/946 1129/373/999 1173/369/1043
f 1127/366/997 1076/375/946 1173/369/1043
f 1132/378/1002 1077/377/947 1130/376/1000
f 1174/379/1044 1132/378/1002 1130/376/1000
f 1130/376/1000 1077/377/947 1102/340/972
f 1158/345/1028 1130/376/1000 1102/340/972
f 1102/340/972 1077/377/947 1131/380/1001
f 1159/343/1029 1102/340/972 1131/380/1001
f 1131/380/1001 1077/377/947 1132/378/1002
f 1175/381/1045 1131/380/1001 1132/378/1002
f 1078/382/948 1132/378/1002 1174/379/1044
f 1134/383/1004 1078/382/948 1174/379/1044
f 1132/378/1002 1078/382/948 1133/384/1003
f 1175/381/1045 1132/378/1002 1133/384/1003
f 1133/384/1003 1078/382/948 1112/356/982
f 1163/358/1033 1133/384/1003 1112/356/982
f 1112/356/982 1078/382/948 1134/383/1004
f 1162/357/1032 1112/356/982 1134/383/1004
f 1136/386/1006 1079/385/949 1131/380/1001
f 1175/381/1045 1136/386/1006 1131/380/1001
f 1131/380/1001 1079/385/949 1105/346/975
f 1159/343/1029 1131/380/1001 1105/346/975
f 1105/346/975 1079/385/949 1135/380/1005
f 1160/343/1030 1105/346/975 1135/380/1005
f 1135/380/1005 1079/385/949 1136/386/1006
f 1176/381/1046 1135/380/1005 1136/386/1006
f 1133/384/1003 1080/387/950 1136/386/1006
f 1175/381/1045 1133/384/1003 1136/386/1006
f 1136/386/1006 1080/387/950 1137/384/1007
f 1176/381/1046 1136/386/1006 1137/384/1007
f 1137/384/1007 1080/387/950 1115/361/985
f 1164/358/1034 1137/384/1007 1115/361/985
f 1115/361/985 1080/387/950 1133/384/1003
f 1163/358/1033 1115/361/985 1133/384/1003
f 1139/378/1009 1081/377/951 1135/380/1005
f 1176/381/1046 1139/378/1009 1135/380/1005
f 1135/380/1005 1081/377/951 1107/340/977
f 1160/343/1030 1135/380/1005 1107/340/977
f 1107/340/977 1081/377/951 1138/376/1008
f 1161/345/1031 1107/340/977 1138/376/1008
f 1138/376/1008 1081/377/951 1139/378/1009
f 1177/379/1047 1138/376/1008 1139/378/1009
f 1137/384/1007 1082/382/952 1139/378/1009
f 1176/381/1046 1137/384/1007 1139/378/1009
f 1082/382/952 1140/383/1010 1177/379/1047
f 1139/378/1009 1082/382/952 1177/379/1047
f 1140/383/1010 1082/382/952 1118/356/988
f 1165/357/1035 1140/383/1010 1118/356/988
f 1118/356/988 1082/382/952 1137/384/1007
f 1164/358/1034 1118/356/988 1137/384/1007
f 1141/389/1011 1083/388/953 1138/376/1008
f 1177/379/1047 1141/389/1011 1138/376/1008
f 1138/376/1008 1083/388/953 1109/348/979
f 1161/345/1031 1138/376/1008 1109/348/979
f 1109/348/979 1083/388/953 1130/376/1000
f 1158/345/1028 1109/348/979 1130/376/1000
f 1130/376/1000 1083/388/953 1141/389/1011
f 1174/379/1044 1130/376/1000 1141/389/1011
f 1140/383/1010 1084/390/954 1141/389/1011
f 1177/379/1047 1140/383/1010 1141/389/1011
f 1141/389/1011 1084/390/954 1134/383/1004
f 1174/379/1044 1141/389/1011 1134/383/1004
f 1134/383/1004 1084/390/954 1121/364/991
f 1162/357/1032 1134/383/1004 1121/364/991
f 1121/364/991 1084/390/954 1140/383/1010
f 1165/357/1035 1121/364/991 1140/383/1010
f 1085/393/955 1142/392/1012 1180/391/1050
f 1144/394/1014 1085/393/955 1180/391/1050
f 1085/393/955 1143/396/1013 1181/395/1051
f 1142/392/1012 1085/393/955 1181/395/1051
f 1143/396/1544 1085/393/1543 1097/325/967
f 1156/328/1026 1143/396/1544 1097/325/967
f 1097/325/967 1085/393/1543 1144/394/1545
f 1154/330/1024 1097/325/967 1144/394/1545
f 1146/394/1016 1086/398/956 1145/397/1015
f 1179/391/1049 1146/394/1016 1145/397/1015
f 1145/397/1015 1086/398/956 1144/394/1014
f 1180/391/1050 1145/397/1015 1144/394/1014
f 1144/394/1545 1086/398/1546 1094/334/964
f 1154/330/1024 1144/394/1545 1094/334/964
f 1094/334/964 1086/398/1546 1146/394/1547
f 1152/330/1022 1094/334/964 1146/394/1547
f 1087/393/957 1147/392/1017 1178/395/1048
f 1148/396/1018 1087/393/957 1178/395/1048
f 1087/393/957 1146/394/1016 1179/391/1049
f 1147/392/1017 1087/393/957 1179/391/1049
f 1146/394/1547 1087/393/1548 1090/325/960
f 1152/330/1022 1146/394/1547 1090/325/960
f 1090/325/960 1087/393/1548 1148/396/1549
f 1150/328/1020 1090/325/960 1148/396/1549
f 1143/396/1013 1088/400/958 1149/399/1019
f 1181/395/1051 1143/396/1013 1149/399/1019
f 1149/399/1019 1088/400/958 1148/396/1018
f 1178/395/1048 1149/399/1019 1148/396/1018
f 1148/396/1549 1088/400/1550 1100/337/970
f 1150/328/1020 1148/396/1549 1100/337/970
f 1100/337/970 1088/400/1550 1143/396/1544
f 1156/328/1026 1100/337/970 1143/396/1544
f 1089/401/959 1142/392/1012 1181/395/1051
f 1149/399/1019 1089/401/959 1181/395/1051
f 1089/401/959 1145/397/1015 1180/391/1050
f 1142/392/1012 1089/401/959 1180/391/1050
f 1089/401/959 1147/392/1017 1179/391/1049
f 1145/397/1015 1089/401/959 1179/391/1049
f 1089/401/959 1149/399/1019 1178/395/1048
f 1147/392/1017 1089/401/959 1178/395/1048
g handle
f 1182/404/1052 1184/403/1052 1188/402/1052
f 1186/405/1052 1182/404/1052 1188/402/1052
f 1185/408/1053 1183/407/1053 1187/406/1053
f 1189/409/1053 1185/408/1053 1187/406/1053
f 1183/407/1551 1190/411/1054 1192/410/1056
f 1187/406/1551 1183/407/1551 1192/410/1056
f 1190/411/1054 1182/404/1552 1186/405/1552
f 1192/410/1056 1190/411/1054 1186/405/1552
f 1184/403/1553 1191/413/1055 1193/412/1057
f 1188/402/1553 1184/403/1553 1193/412/1057
f 1191/413/1055 1185/408/1554 1189/409/1554
f 1193/412/1057 1191/413/1055 1189/409/1554
f 1189/409/1071 1187/406/1071 1192/410/1071
f 1186/405/1071 1189/409/1071 1192/410/1071
f 1193/412/1071 1189/409/1071 1186/405/1071
f 1188/402/1072 1193/412/1071 1186/405/1071
f 1194/415/1058 1196/414/1060 1198/414/1060
f 1200/415/1058 1194/415/1058 1198/414/1060
f 1201/417/1059 1199/416/1062 1197/416/1061
f 1195/417/1059 1201/417/1059 1197/416/1061
f 1194/420/1058 1200/419/1058 1204/418/1063
f 1202/421/1063 1194/420/1058 1204/418/1063
f 1201/424/1059 1195/423/1059 1203/422/1064
f 1205/425/1064 1201/424/1059 1203/422/1064
f 1207/427/1066 1206/426/1065 1196/414/1555
f 1194/415/1556 1207/427/1066 1196/414/1555
f 1207/427/1066 1195/417/1558 1197/416/1557
f 1206/426/1065 1207/427/1066 1197/416/1557
f 1196/414/1067 1206/426/1067 1208/426/1067
f 1198/414/1067 1196/414/1067 1208/426/1067
f 1206/426/1067 1197/416/1067 1199/416/1067
f 1208/426/1067 1206/426/1067 1199/416/1067
f 1198/414/1560 1208/426/1559 1209/427/1068
f 1200/415/1561 1198/414/1560 1209/427/1068
f 1208/426/1559 1199/416/1563 1201/417/1562
f 1209/427/1068 1208/426/1559 1201/417/1562
f 1195/423/1558 1207/429/1066 1210/428/1069
f 1203/422/1564 1195/423/1558 1210/428/1069
f 1207/429/1066 1194/431/1556 1202/430/1565
f 1210/428/1069 1207/429/1066 1202/430/1565
f 1200/419/1561 1209/433/1068 1211/432/1070
f 1204/418/1566 1200/419/1561 1211/432/1070
f 1209/433/1068 1201/435/1562 1205/434/1567
f 1211/432/1070 1209/433/1068 1205/434/1567
f 1212/175/1071 1214/174/1071 1216/173/1071
f 1218/176/1071 1212/175/1071 1216/173/1071
f 1219/176/1067 1217/173/1067 1215/174/1067
f 1213/175/1067 1219/176/1067 1215/174/1067
f 1216/173/1071 1214/174/1071 1222/177/1071
f 1224/178/1072 1216/173/1071 1222/177/1071
f 1217/173/436 1216/173/436 1224/178/436
f 1225/178/436 1217/173/436 1224/178/436
f 1215/174/1067 1217/173/1067 1225/178/1067
f 1223/177/1073 1215/174/1067 1225/178/1067
f 1214/174/433 1215/174/433 1223/177/433
f 1222/177/433 1214/174/433 1223/177/433
f 1223/177/1064 1225/178/1064 1224/178/1064
f 1222/177/1064 1223/177/1064 1224/178/1064
f 1212/175/1071 1218/176/1071 1226/179/1071
f 1220/180/1072 1212/175/1071 1226/179/1071
f 1213/175/433 1212/175/433 1220/180/433
f 1221/180/433 1213/175/433 1220/180/433
f 1219/176/1067 1213/175/1067 1221/180/1067
f 1227/179/1073 1219/176/1067 1221/180/1067
f 1218/176/436 1219/176/436 1227/179/436
f 1226/179/436 1218/176/436 1227/179/436
f 1227/179/1063 1221/180/1063 1220/180/1063
f 1226/179/1063 1227/179/1063 1220/180/1063
f 1214/174/1071 1212/175/1071 1228/181/1071
f 1230/182/1071 1214/174/1071 1228/181/1071
f 1215/174/1064 1214/174/1064 1230/182/1064
f 1231/182/1064 1215/174/1064 1230/182/1064
f 1213/175/1067 1215/174/1067 1231/182/1067
f 1229/181/1067 1213/175/1067 1231/182/1067
f 1212/175/1568 1213/175/1568 1229/181/1568
f 1228/181/1568 1212/175/1568 1229/181/1568
f 1229/181/433 1231/182/433 1230/182/433
f 1228/181/433 1229/181/433 1230/182/433
f 1218/176/1071 1216/173/1071 1232/183/1071
f 1234/184/1071 1218/176/1071 1232/183/1071
f 1219/176/1074 1218/176/1074 1234/184/1074
f 1235/184/1074 1219/176/1074 1234/184/1074
f 1217/173/1067 1219/176/1067 1235/184/1067
f 1233/183/1067 1217/173/1067 1235/184/1067
f 1216/173/1064 1217/173/1064 1233/183/1064
f 1232/183/1064 1216/173/1064 1233/183/1064
f 1233/183/436 1235/184/436 1234/184/436
f 1232/183/436 1233/183/436 1234/184/436
g blade
f 1245/438/1084 1242/437/1081 1247/436/1086
f 1242/437/1570 1244/439/1083 1247/436/1569
f 1241/441/1080 1243/441/1082 1246/440/1085
f 1241/441/1572 1246/440/1571 1247/436/1569
f 1244/439/1083 1241/441/1572 1247/436/1569
f 1243/441/1573 1245/438/1084 1247/436/1086
f 1246/440/1574 1243/441/1573 1247/436/1086
f 1244/439/1083 1251/443/1090 1248/442/1087
f 1241/444/1572 1244/439/1083 1248/442/1087
f 1245/438/1084 1243/444/1573 1250/442/1089
f 1252/443/1091 1245/438/1084 1250/442/1089
f 1243/444/1082 1241/444/1080 1248/442/1575
f 1250/442/1576 1243/444/1082 1248/442/1575
f 1245/438/1084 1252/443/1091 1249/445/1088
f 1242/437/1081 1245/438/1084 1249/445/1088
f 1244/439/1083 1242/437/1570 1249/445/1577
f 1251/443/1090 1244/439/1083 1249/445/1577
f 1248/442/1087 1251/443/1090 1256/446/1095
f 1253/447/1092 1248/442/1087 1256/446/1095
f 1252/443/1091 1250/442/1089 1255/447/1094
f 1257/446/1096 1252/443/1091 1255/447/1094
f 1250/442/1576 1248/442/1575 1253/447/1578
f 1255/447/1579 1250/442/1576 1253/447/1578
f 1249/445/1088 1252/443/1091 1257/446/1096
f 1254/448/1093 1249/445/1088 1257/446/1096
f 1251/443/1090 1249/445/1577 1254/448/1580
f 1256/446/1095 1251/443/1090 1254/448/1580
f 1261/451/1100 1239/450/1078 1236/449/1075
f 1258/452/1097 1261/451/1100 1236/449/1075
f 1253/447/1092 1256/446/1095 1261/451/1100
f 1258/452/1097 1253/447/1092 1261/451/1100
f 1260/452/1099 1238/449/1077 1240/450/1079
f 1262/451/1101 1260/452/1099 1240/450/1079
f 1257/446/1096 1255/447/1094 1260/452/1099
f 1262/451/1101 1257/446/1096 1260/452/1099
f 1258/452/1582 1236/449/1581 1238/449/1581
f 1260/452/1582 1258/452/1582 1238/449/1581
f 1255/447/1579 1253/447/1578 1258/452/1582
f 1260/452/1582 1255/447/1579 1258/452/1582
f 1262/451/1101 1240/450/1079 1237/453/1076
f 1259/454/1098 1262/451/1101 1237/453/1076
f 1254/448/1093 1257/446/1096 1262/451/1101
f 1259/454/1098 1254/448/1093 1262/451/1101
f 1259/454/1584 1237/453/1583 1239/450/1078
f 1261/451/1100 1259/454/1584 1239/450/1078
f 1256/446/1095 1254/448/1580 1259/454/1584
f 1261/451/1100 1256/446/1095 1259/454/1584
f 1263/404/1052 1265/403/1052 1269/402/1052
f 1267/405/1052 1263/404/1052 1269/402/1052
f 1266/408/1053 1264/407/1053 1268/406/1053
f 1270/409/1053 1266/408/1053 1268/406/1053
f 1264/407/1551 1271/411/1054 1273/410/1056
f 1268/406/1551 1264/407/1551 1273/410/1056
f 1271/411/1054 1263/404/1552 1267/405/1552
f 1273/410/1056 1271/411/1054 1267/405/1552
f 1265/403/1553 1272/413/1055 1274/412/1057
f 1269/402/1553 1265/403/1553 1274/412/1057
f 1272/413/1055 1266/408/1554 1270/409/1554
f 1274/412/1057 1272/413/1055 1270/409/1554
f 1270/409/1071 1268/406/1071 1273/410/1071
f 1267/405/1071 1270/409/1071 1273/410/1071
f 1274/412/1071 1270/409/1071 1267/405/1071
f 1269/402/1072 1274/412/1071 1267/405/1071
f 1275/415/1058 1277/414/1060 1279/414/1060
f 1281/415/1058 1275/415/1058 1279/414/1060
f 1282/417/1059 1280/416/1062 1278/416/1061
f 1276/417/1059 1282/417/1059 1278/416/1061
f 1275/420/1058 1281/419/1058 1285/418/1063
f 1283/421/1063 1275/420/1058 1285/418/1063
f 1282/424/1059 1276/423/1059 1284/422/1064
f 1286/425/1064 1282/424/1059 1284/422/1064
f 1288/427/1066 1287/426/1065 1277/414/1555
f 1275/415/1556 1288/427/1066 1277/414/1555
f 1288/427/1066 1276/417/1558 1278/416/1557
f 1287/426/1065 1288/427/1066 1278/416/1557
f 1277/414/1067 1287/426/1067 1289/426/1067
f 1279/414/1067 1277/414/1067 1289/426/1067
f 1287/426/1067 1278/416/1067 1280/416/1067
f 1289/426/1067 1287/426/1067 1280/416/1067
f 1279/414/1560 1289/426/1559 1290/427/1068
f 1281/415/1561 1279/414/1560 1290/427/1068
f 1289/426/1559 1280/416/1563 1282/417/1562
f 1290/427/1068 1289/426/1559 1282/417/1562
f 1276/423/1558 1288/429/1066 1291/428/1069
f 1284/422/1564 1276/423/1558 1291/428/1069
f 1288/429/1066 1275/431/1556 1283/430/1565
f 1291/428/1069 1288/429/1066 1283/430/1565
f 1281/419/1561 1290/433/1068 1292/432/1070
f 1285/418/1566 1281/419/1561 1292/432/1070
f 1290/433/1068 1282/435/1562 1286/434/1567
f 1292/432/1070 1290/433/1068 1286/434/1567
f 1293/175/1071 1295/174/1071 1297/173/1071
f 1299/176/1071 1293/175/1071 1297/173/1071
f 1300/176/1067 1298/173/1067 1296/174/1067
f 1294/175/1067 1300/176/1067 1296/174/1067
f 1297/173/1071 1295/174/1071 1303/177/1071
f 1305/178/1072 1297/173/1071 1303/177/1071
f 1298/173/436 1297/173/436 1305/178/436
f 1306/178/436 1298/173/436 1305/178/436
f 1296/174/1067 1298/173/1067 1306/178/1067
f 1304/177/1073 1296/174/1067 1306/178/1067
f 1295/174/433 1296/174/433 1304/177/433
f 1303/177/433 1295/174/433 1304/177/433
f 1304/177/1064 1306/178/1064 1305/178/1064
f 1303/177/1064 1304/177/1064 1305/178/1064
f 1293/175/1071 1299/176/1071 1307/179/1071
f 1301/180/1072 1293/175/1071 1307/179/1071
f 1294/175/433 1293/175/433 1301/180/433
f 1302/180/433 1294/175/433 1301/180/433
f 1300/176/1067 1294/175/1067 1302/180/1067
f 1308/179/1073 1300/176/1067 1302/180/1067
f 1299/176/436 1300/176/436 1308/179/436
f 1307/179/436 1299/176/436 1308/179/436
f 1308/179/1063 1302/180/1063 1301/180/1063
f 1307/179/1063 1308/179/1063 1301/180/1063
f 1295/174/1071 1293/175/1071 1309/181/1071
f 1311/182/1071 1295/174/1071 1309/181/1071
f 1296/174/1064 1295/174/1064 1311/182/1064
f 1312/182/1064 1296/174/1064 1311/182/1064
f 1294/175/1067 1296/174/1067 1312/182/1067
f 1310/181/1067 1294/175/1067 1312/182/1067
f 1293/175/1568 1294/175/1568 1310/181/1568
f 1309/181/1568 1293/175/1568 1310/181/1568
f 1310/181/433 1312/182/433 1311/182/433
f 1309/181/433 1310/181/433 1311/182/433
f 1299/176/1071 1297/173/1071 1313/183/1071
f 1315/184/1071 1299/176/1071 1313/183/1071
f 1300/176/1074 1299/176/1074 1315/184/1074
f 1316/184/1074 1300/176/1074 1315/184/1074
f 1298/173/1067 1300/176/1067 1316/184/1067
f 1314/183/1067 1298/173/1067 1316/184/1067
f 1297/173/1064 1298/173/1064 1314/183/1064
f 1313/183/1064 1297/173/1064 1314/183/1064
f 1314/183/436 1316/184/436 1315/184/436
f 1313/183/436 1314/183/436 1315/184/436
g blade_damaged
f 1325/451/1105 1320/450/1078 1317/449/1075
f 1322/452/1102 1325/451/1105 1317/449/1075
f 1324/452/1104 1319/449/1077 1321/450/1079
f 1326/451/1106 1324/452/1104 1321/450/1079
f 1322/452/1581 1317/449/1581 1319/449/1581
f 1324/452/1581 1322/452/1581 1319/449/1581
f 1326/451/1106 1321/450/1079 1318/453/1076
f 1323/454/1103 1326/451/1106 1318/453/1076
f 1323/454/1585 1318/453/1583 1320/450/1078
f 1325/451/1105 1323/454/1585 1320/450/1078
f 1327/404/1052 1329/403/1052 1333/402/1052
f 1331/405/1052 1327/404/1052 1333/402/1052
f 1330/408/1053 1328/407/1053 1332/406/1053
f 1334/409/1053 1330/408/1053 1332/406/1053
f 1328/407/1551 1335/411/1054 1337/410/1056
f 1332/406/1551 1328/407/1551 1337/410/1056
f 1335/411/1054 1327/404/1552 1331/405/1552
f 1337/410/1056 1335/411/1054 1331/405/1552
f 1329/403/1553 1336/413/1055 1338/412/1057
f 1333/402/1553 1329/403/1553 1338/412/1057
f 1336/413/1055 1330/408/1554 1334/409/1554
f 1338/412/1057 1336/413/1055 1334/409/1554
f 1334/409/1071 1332/406/1071 1337/410/1071
f 1331/405/1071 1334/409/1071 1337/410/1071
f 1338/412/1071 1334/409/1071 1331/405/1071
f 1333/402/1072 1338/412/1071 1331/405/1071
f 1339/415/1058 1341/414/1060 1343/414/1060
f 1345/415/1058 1339/415/1058 1343/414/1060
f 1346/417/1059 1344/416/1062 1342/416/1061
f 1340/417/1059 1346/417/1059 1342/416/1061
f 1339/420/1058 1345/419/1058 1349/418/1063
f 1347/421/1063 1339/420/1058 1349/418/1063
f 1346/424/1059 1340/423/1059 1348/422/1064
f 1350/425/1064 1346/424/1059 1348/422/1064
f 1352/427/1066 1351/426/1065 1341/414/1555
f 1339/415/1556 1352/427/1066 1341/414/1555
f 1352/427/1066 1340/417/1558 1342/416/1557
f 1351/426/1065 1352/427/1066 1342/416/1557
f 1341/414/1067 1351/426/1067 1353/426/1067
f 1343/414/1067 1341/414/1067 1353/426/1067
f 1351/426/1067 1342/416/1067 1344/416/1067
f 1353/426/1067 1351/426/1067 1344/416/1067
f 1343/414/1560 1353/426/1559 1354/427/1068
f 1345/415/1561 1343/414/1560 1354/427/1068
f 1353/426/1559 1344/416/1563 1346/417/1562
f 1354/427/1068 1353/426/1559 1346/417/1562
f 1340/423/1558 1352/429/1066 1355/428/1069
f 1348/422/1564 1340/423/1558 1355/428/1069
f 1352/429/1066 1339/431/1556 1347/430/1565
f 1355/428/1069 1352/429/1066 1347/430/1565
f 1345/419/1561 1354/433/1068 1356/432/1070
f 1349/418/1566 1345/419/1561 1356/432/1070
f 1354/433/1068 1346/435/1562 1350/434/1567
f 1356/432/1070 1354/433/1068 1350/434/1567
f 1357/175/1071 1359/174/1071 1361/173/1071
f 1363/176/1071 1357/175/1071 1361/173/1071
f 1364/176/1067 1362/173/1067 1360/174/1067
f 1358/175/1067 1364/176/1067 1360/174/1067
f 1361/173/1071 1359/174/1071 1367/177/1071
f 1369/178/1072 1361/173/1071 1367/177/1071
f 1362/173/436 1361/173/436 1369/178/436
f 1370/178/436 1362/173/436 1369/178/436
f 1360/174/1067 1362/173/1067 1370/178/1067
f 1368/177/1073 1360/174/1067 1370/178/1067
f 1359/174/433 1360/174/433 1368/177/433
f 1367/177/433 1359/174/433 1368/177/433
f 1368/177/1064 1370/178/1064 1369/178/1064
f 1367/177/1064 1368/177/1064 1369/178/1064
f 1357/175/1071 1363/176/1071 1371/179/1071
f 1365/180/1072 1357/175/1071 1371/179/1071
f 1358/175/433 1357/175/433 1365/180/433
f 1366/180/433 1358/175/433 1365/180/433
f 1364/176/1067 1358/175/1067 1366/180/1067
f 1372/179/1073 1364/176/1067 1366/180/1067
f 1363/176/436 1364/176/436 1372/179/436
f 1371/179/436 1363/176/436 1372/179/436
f 1372/179/1063 1366/180/1063 1365/180/1063
f 1371/179/1063 1372/179/1063 1365/180/1063
f 1359/174/1071 1357/175/1071 1373/181/1071
f 1375/182/1071 1359/174/1071 1373/181/1071
f 1360/174/1064 1359/174/1064 1375/182/1064
f 1376/182/1064 1360/174/1064 1375/182/1064
f 1358/175/1067 1360/174/1067 1376/182/1067
f 1374/181/1067 1358/175/1067 1376/182/1067
f 1357/175/1568 1358/175/1568 1374/181/1568
f 1373/181/1568 1357/175/1568 1374/181/1568
f 1374/181/433 1376/182/433 1375/182/433
f 1373/181/433 1374/181/433 1375/182/433
f 1363/176/1071 1361/173/1071 1377/183/1071
f 1379/184/1071 1363/176/1071 1377/183/1071
f 1364/176/1074 1363/176/1074 1379/184/1074
f 1380/184/1074 1364/176/1074 1379/184/1074
f 1362/173/1067 1364/176/1067 1380/184/1067
f 1378/183/1067 1362/173/1067 1380/184/1067
f 1361/173/1064 1362/173/1064 1378/183/1064
f 1377/183/1064 1361/173/1064 1378/183/1064
f 1378/183/436 1380/184/436 1379/184/436
f 1377/183/436 1378/183/436 1379/184/436
g blade_fragment
f 1385/438/1084 1382/437/1081 1387/436/1086
f 1382/437/1570 1384/439/1083 1387/436/1569
f 1381/441/1080 1383/441/1082 1386/440/1085
f 1381/441/1572 1386/440/1571 1387/436/1569
f 1384/439/1083 1381/441/1572 1387/436/1569
f 1383/441/1573 1385/438/1084 1387/436/1086
f 1386/440/1574 1383/441/1573 1387/436/1086
f 1384/439/1083 1391/443/1090 1388/442/1087
f 1381/444/1572 1384/439/1083 1388/442/1087
f 1385/438/1084 1383/444/1573 1390/442/1089
f 1392/443/1091 1385/438/1084 1390/442/1089
f 1383/444/1082 1381/444/1080 1388/442/1575
f 1390/442/1576 1383/444/1082 1388/442/1575
f 1385/438/1084 1392/443/1091 1389/445/1088
f 1382/437/1081 1385/438/1084 1389/445/1088
f 1384/439/1083 1382/437/1570 1389/445/1577
f 1391/443/1090 1384/439/1083 1389/445/1577
f 1388/442/1087 1391/443/1090 1396/446/1095
f 1393/447/1092 1388/442/1087 1396/446/1095
f 1392/443/1091 1390/442/1089 1395/447/1094
f 1397/446/1096 1392/443/1091 1395/447/1094
f 1390/442/1576 1388/442/1575 1393/447/1578
f 1395/447/1579 1390/442/1576 1393/447/1578
f 1389/445/1088 1392/443/1091 1397/446/1096
f 1394/448/1093 1389/445/1088 1397/446/1096
f 1391/443/1090 1389/445/1577 1394/448/1580
f 1396/446/1095 1391/443/1090 1394/448/1580
f 1393/447/1092 1396/446/1095 1401/451/1110
f 1398/452/1107 1393/447/1092 1401/451/1110
f 1397/446/1096 1395/447/1094 1400/452/1109
f 1402/451/1111 1397/446/1096 1400/452/1109
f 1395/447/1579 1393/447/1578 1398/452/1586
f 1400/452/1586 1395/447/1579 1398/452/1586
f 1394/448/1093 1397/446/1096 1402/451/1111
f 1399/454/1108 1394/448/1093 1402/451/1111
f 1396/446/1095 1394/448/1580 1399/454/1587
f 1401/451/1110 1396/446/1095 1399/454/1587
g item_back
f 1404/131/173 1403/130/172 1407/129/176
f 1408/132/177 1404/131/173 1407/129/176
f 1406/133/175 1404/131/173 1408/132/177
f 1410/134/179 1406/133/175 1408/132/177
f 1405/135/174 1406/133/175 1410/134/179
f 1409/136/178 1405/135/174 1410/134/179
f 1403/130/172 1405/135/174 1409/136/178
f 1407/129/176 1403/130/172 1409/136/178
f 1409/139/178 1410/138/179 1408/137/177
f 1407/140/176 1409/139/178 1408/137/177
f 1415/143/184 1411/142/180 1412/141/181
f 1416/144/185 1415/143/184 1412/141/181
f 1416/144/185 1412/141/181 1414/145/183
f 1418/146/187 1416/144/185 1414/145/183
f 1418/146/187 1414/145/183 1413/147/182
f 1417/148/186 1418/146/187 1413/147/182
f 1417/148/186 1413/147/182 1411/142/180
f 1415/143/184 1417/148/186 1411/142/180
f 1416/151/185 1418/150/187 1417/149/186
f 1415/152/184 1416/151/185 1417/149/186
# 2215 elements

