# Created by Metasequoia

v 0.000000 0.707107 0.000000
v 0.707107 0.000000 0.000000
v -0.707107 0.000000 0.000000
v 0.000000 -0.707106 0.000000
v 0.000000 0.556562 0.040000
v 0.556562 0.000000 0.040000
v -0.556561 0.000000 0.040000
v 0.000000 -0.556561 0.040000
v 0.000000 0.707107 0.000000
v 0.707107 0.000000 0.000000
v -0.707107 0.000000 0.000000
v 0.000000 -0.707106 0.000000
v 0.000000 0.556562 -0.040000
v 0.556562 0.000000 -0.040000
v -0.556561 0.000000 -0.040000
v 0.000000 -0.556561 -0.040000
v -0.820784 0.732339 0.171229
v -0.745123 0.734108 0.171229
v -0.678910 0.568253 0.171229
v -0.708023 0.521544 0.171229
v -0.550985 0.492741 0.171229
v -0.556512 0.395076 0.171229
v -0.580991 0.371984 0.171229
v -0.641912 0.428363 0.171229
v -0.607749 0.294734 0.171229
v -0.566264 0.479484 0.171229
v -0.397061 0.375230 0.171229
v -0.413947 0.353144 0.171229
v -0.643208 0.598921 0.171229
v -0.596355 0.313771 0.171229
v -0.820784 0.732339 0.141730
v -0.745123 0.734108 0.141730
v -0.678910 0.568253 0.141730
v -0.708023 0.521544 0.141730
v -0.550985 0.492741 0.141730
v -0.556512 0.395076 0.141730
v -0.580991 0.371984 0.141730
v -0.641912 0.428363 0.141730
v -0.607749 0.294734 0.141730
v -0.566264 0.479484 0.141730
v -0.397061 0.375230 0.141730
v -0.413947 0.353144 0.141730
v -0.643208 0.598921 0.141730
v -0.596355 0.313771 0.141730
v -0.692017 0.598863 0.167061
v -0.714934 0.579323 0.167061
v -0.407130 0.360936 0.167061
v -0.562671 0.320850 0.156479
v -0.520503 0.287508 0.156479
v -0.369796 0.336373 0.167061
v -0.394454 0.293914 0.167061
v -0.501649 0.237721 0.156479
v -0.394204 0.247331 0.167061
v -0.502588 0.191449 0.156479
v -0.376363 0.212309 0.167061
v -0.512472 0.131602 0.160951
v -0.427856 0.139591 0.167061
v -0.340543 0.194667 0.167061
v -0.379686 0.131986 0.167061
v -0.289435 0.184870 0.167061
v -0.345243 0.111139 0.167061
v -0.278878 0.140258 0.167061
v -0.328318 0.067244 0.167061
v -0.310925 0.069687 0.167061
v -0.257464 0.113747 0.167061
v -0.219720 0.114743 0.167061
v -0.261447 0.036588 0.167061
v -0.215446 0.078914 0.167061
v -0.205143 -0.015239 0.167061
v -0.166131 0.017168 0.167061
v -0.066677 -0.144504 0.167061
v -0.033724 -0.113636 0.167061
v 0.138685 -0.297998 0.167061
v 0.155371 -0.273537 0.167061
v 0.374175 -0.444832 0.167061
v 0.382417 -0.409757 0.167061
v -0.602892 0.310584 0.162577
v -0.490084 0.193401 0.167061
v -0.487201 0.239823 0.167061
v -0.494745 0.296888 0.167061
v -0.485529 0.323999 0.167061
v -0.532388 0.351983 0.167061
v -0.537718 0.413703 0.167061
v -0.585368 0.403904 0.167061
v -0.559783 0.373723 0.167061
v -0.616004 0.390489 0.167061
v -0.558178 0.348111 0.167061
v -0.578525 0.384186 0.167061
v -0.692017 0.598863 0.145898
v -0.714934 0.579323 0.145898
v -0.407130 0.360936 0.145898
v -0.369796 0.336373 0.145898
v -0.394454 0.293914 0.145898
v -0.394204 0.247331 0.145898
v -0.376363 0.212309 0.145898
v -0.512472 0.131602 0.152008
v -0.427856 0.139591 0.145897
v -0.340543 0.194667 0.145898
v -0.379686 0.131986 0.145897
v -0.289435 0.184870 0.145898
v -0.345243 0.111139 0.145898
v -0.278878 0.140258 0.145898
v -0.328318 0.067244 0.145898
v -0.310925 0.069687 0.145898
v -0.257464 0.113747 0.145898
v -0.219720 0.114743 0.145898
v -0.261447 0.036588 0.145898
v -0.215446 0.078914 0.145898
v -0.205143 -0.015239 0.145898
v -0.166131 0.017168 0.145898
v -0.066677 -0.144504 0.145898
v -0.033724 -0.113636 0.145898
v 0.138685 -0.297998 0.145898
v 0.155371 -0.273537 0.145898
v 0.374175 -0.444832 0.145898
v 0.382417 -0.409757 0.145898
v -0.602892 0.310584 0.150381
v -0.490084 0.193401 0.145898
v -0.487201 0.239823 0.145898
v -0.494745 0.296888 0.145898
v -0.485529 0.323999 0.145898
v -0.532388 0.351983 0.145898
v -0.537718 0.413703 0.145898
v -0.585368 0.403904 0.145898
v -0.559783 0.373723 0.145898
v -0.616004 0.390489 0.145898
v -0.558178 0.348111 0.145898
v -0.578525 0.384186 0.145898
v -0.509618 0.134025 0.156479
v -0.510054 0.060195 0.156479
v -0.424332 0.144463 0.156479
v -0.506754 0.085286 0.159245
v -0.447000 0.097337 0.167222
v -0.376299 0.134869 0.156479
v -0.337439 0.117871 0.156479
v -0.323665 0.073122 0.156479
v -0.305702 0.075588 0.156479
v -0.255982 0.043431 0.156479
v -0.197511 -0.008982 0.156479
v -0.477442 0.066723 0.156479
v -0.417189 0.086554 0.167222
v -0.425838 0.047121 0.156479
v -0.394843 0.069637 0.167222
v -0.421634 0.019416 0.156479
v -0.386667 0.038957 0.167222
v -0.372444 0.007136 0.156479
v -0.351118 0.025380 0.167222
v -0.330954 -0.032922 0.156479
v -0.311024 -0.012682 0.167222
v -0.252752 -0.065313 0.167222
v -0.273236 -0.085668 0.156479
v -0.090586 -0.240677 0.156479
v -0.090177 -0.206230 0.167222
v -0.060599 -0.138547 0.156479
v 0.143368 -0.291928 0.156479
v 0.122671 -0.334602 0.167222
v 0.340106 -0.476363 0.167222
v 0.422582 -0.502626 0.167222
v 0.497281 -0.498914 0.167222
v 0.167830 -0.430872 0.156479
v 0.307498 -0.517426 0.156479
v 0.440518 -0.592933 0.156479
v 0.473237 -0.553442 0.167222
v 0.535803 -0.574907 0.167222
v 0.576617 -0.540264 0.167222
v 0.587048 -0.576401 0.167222
v 0.620266 -0.556022 0.167222
v 0.506135 -0.620775 0.156479
v 0.552790 -0.628926 0.156479
v 0.617980 -0.621317 0.156479
v 0.698178 -0.573828 0.156479
v 0.370777 -0.433228 0.156479
v -0.447500 0.065211 0.156479
v 0.417618 -0.525178 0.167222
v -0.011891 -0.265970 0.167222
v 0.034130 -0.209664 0.156479
v 0.018123 -0.257423 0.167222
v 0.015360 -0.286832 0.167222
v 0.048639 -0.280741 0.167222
v 0.051978 -0.314390 0.167222
v 0.086058 -0.308175 0.167222
v 0.091429 -0.340349 0.167222
v 0.469047 -0.506382 0.167222
v 0.014101 -0.322702 0.156479
v -0.506754 0.085286 0.153713
v -0.447000 0.097337 0.145736
v -0.417189 0.086554 0.145736
v -0.394843 0.069637 0.145736
v -0.386667 0.038957 0.145736
v -0.351118 0.025380 0.145736
v -0.311024 -0.012682 0.145736
v -0.252752 -0.065313 0.145736
v -0.090177 -0.206230 0.145736
v 0.122671 -0.334602 0.145736
v 0.340106 -0.476363 0.145736
v 0.422582 -0.502626 0.145736
v 0.497281 -0.498914 0.145736
v 0.473237 -0.553442 0.145736
v 0.535803 -0.574907 0.145736
v 0.576617 -0.540264 0.145736
v 0.587048 -0.576401 0.145736
v 0.620266 -0.556022 0.145736
v 0.417618 -0.525178 0.145736
v -0.011891 -0.265970 0.145736
v 0.018123 -0.257423 0.145736
v 0.015360 -0.286832 0.145736
v 0.048639 -0.280741 0.145736
v 0.051978 -0.314390 0.145736
v 0.086058 -0.308175 0.145736
v 0.091429 -0.340349 0.145736
v 0.469047 -0.506382 0.145736
v 0.020229 -0.186283 0.063415
v 0.260199 -0.143756 0.063415
v 0.149823 -0.042170 0.063415
v 0.265846 0.130322 0.063415
v 0.335926 0.130356 0.063415
v 0.448086 0.059607 0.063415
v 0.400687 0.177368 0.063415
v 0.491169 0.109301 0.063415
v 0.441342 0.271823 0.063415
v 0.562445 0.192889 0.063415
v 0.485407 0.296190 0.063415
v 0.618870 0.263004 0.063415
v 0.505132 0.337532 0.063415
v 0.576292 0.324998 0.063415
v 0.503864 0.395896 0.063415
v 0.578187 0.392765 0.063415
v 0.204760 -0.218071 0.063415
v 0.058787 -0.251006 0.063415
v -0.085206 -0.299436 0.063415
v 0.108887 -0.315212 0.063415
v 0.010368 -0.322061 0.063415
v -0.208795 -0.423824 0.063415
v -0.089948 -0.354606 0.063415
v -0.082316 -0.384531 0.063415
v -0.010719 -0.367128 0.063415
v 0.057243 -0.363863 0.063415
v -0.080200 -0.491964 0.063415
v -0.174037 -0.490032 0.063415
v -0.337184 -0.536888 0.063415
v -0.313133 -0.551950 0.063415
v -0.435236 -0.617688 0.063415
v -0.373264 -0.639234 0.063415
v -0.400547 -0.637927 0.063415
v -0.426058 -0.646934 0.063415
v 0.426430 0.224184 0.063415
v -0.028346 -0.235520 0.065916
v 0.276317 -0.134667 0.066350
v 0.142098 -0.033449 0.066350
v 0.265846 0.130322 0.066350
v 0.335926 0.130356 0.066350
v 0.448086 0.059607 0.066350
v 0.400687 0.177368 0.066350
v 0.441342 0.271823 0.066350
v 0.559048 0.187776 0.066350
v 0.485407 0.296190 0.066350
v 0.618870 0.263004 0.066350
v 0.505132 0.337532 0.066350
v 0.576292 0.324998 0.066350
v 0.503864 0.395896 0.066350
v 0.578187 0.392765 0.066350
v 0.099655 -0.317847 0.066350
v -0.197911 -0.414822 0.066350
v -0.080200 -0.491964 0.066350
v -0.174037 -0.490032 0.066350
v -0.337184 -0.536888 0.066350
v -0.313133 -0.551950 0.066350
v -0.435236 -0.617688 0.066350
v -0.373264 -0.639234 0.066350
v -0.426058 -0.646934 0.066350
v -0.117319 -0.523699 0.069132
v -0.194268 -0.519087 0.069132
v -0.307665 -0.574761 0.069132
v -0.063984 -0.502487 0.069132
v 0.124222 -0.333031 0.072220
v 0.300798 -0.153222 0.072220
v 0.482578 0.033355 0.072220
v 0.596619 0.162589 0.072220
v 0.673147 0.249299 0.072220
v 0.230007 0.157749 0.068498
v 0.328384 0.171239 0.068498
v 0.385327 0.195698 0.068498
v 0.417036 0.306081 0.072220
v 0.460721 0.327347 0.070847
v 0.477257 0.356962 0.069576
v 0.485158 0.414181 0.068176
v 0.574670 0.421525 0.068176
v 0.604972 0.424293 0.068035
v 0.622095 0.286078 0.066350
v 0.666366 0.284249 0.068035
v 0.624068 0.312521 0.068035
v 0.595143 0.389463 0.068035
v 0.599828 0.318273 0.066350
v 0.113429 -0.011324 0.072220
v -0.051826 -0.220581 0.072220
v -0.216570 -0.397689 0.072220
v -0.351897 -0.525291 0.072220
v -0.462644 -0.617528 0.072220
v -0.444557 -0.672503 0.072220
v -0.342460 -0.674187 0.072220
v 0.249500 0.181032 0.068498
v 0.416396 0.228965 0.068498
v 0.427179 0.224077 0.066350
v -0.373264 -0.639234 0.072936
v -0.117319 -0.523699 0.072936
v -0.194268 -0.519087 0.072936
v -0.307665 -0.574761 0.072936
v -0.145604 -0.555014 0.072936
v -0.211847 -0.550434 0.072936
v -0.294655 -0.588210 0.072936
v -0.063984 -0.502487 0.072936
v -0.373264 -0.639234 0.076740
v -0.145604 -0.555014 0.076740
v -0.211847 -0.550434 0.076740
v -0.294655 -0.588210 0.076740
v -0.168485 -0.581777 0.076740
v -0.223173 -0.581037 0.076740
v -0.282776 -0.601867 0.076740
v -0.063984 -0.502487 0.076740
v -0.373264 -0.639234 0.080544
v -0.168485 -0.581777 0.080544
v -0.223173 -0.581037 0.080544
v -0.282776 -0.601867 0.080544
v -0.229179 -0.656017 0.080544
v -0.316023 -0.630853 0.080544
v -0.063984 -0.502487 0.080544
v -0.342460 -0.674187 0.080544
v -0.310889 -0.648703 0.080544
v 0.441342 0.271823 0.066350
v 0.328384 0.171239 0.069830
v 0.385327 0.195698 0.069830
v 0.267512 0.205787 0.069830
v 0.333260 0.196636 0.069830
v 0.373461 0.209876 0.069830
v 0.410373 0.235756 0.069965
v 0.249500 0.181032 0.069830
v 0.416396 0.228965 0.069965
v 0.441342 0.271823 0.066350
v 0.267512 0.205787 0.071251
v 0.333260 0.196636 0.071251
v 0.373461 0.209876 0.071251
v 0.280723 0.233547 0.071251
v 0.338459 0.221528 0.071251
v 0.410373 0.235756 0.071433
v 0.374538 0.233735 0.071251
v 0.394336 0.250300 0.071848
v 0.409630 0.270834 0.071848
v 0.417036 0.306081 0.072220
v 0.604972 0.424293 0.070969
v 0.666366 0.284249 0.070969
v 0.624068 0.312521 0.070969
v 0.595143 0.389463 0.070969
v 0.664475 0.305491 0.070969
v 0.637134 0.322996 0.070969
v 0.613846 0.381265 0.070969
v 0.020229 -0.186283 0.116668
v 0.260199 -0.143756 0.116668
v 0.149823 -0.042170 0.116668
v 0.265846 0.130322 0.116668
v 0.335926 0.130356 0.116668
v 0.448086 0.059607 0.116668
v 0.400687 0.177368 0.116668
v 0.491169 0.109301 0.116668
v 0.441342 0.271823 0.116668
v 0.562445 0.192889 0.116668
v 0.485407 0.296190 0.116668
v 0.618870 0.263004 0.116668
v 0.505132 0.337532 0.116668
v 0.576292 0.324998 0.116668
v 0.503864 0.395896 0.116668
v 0.578187 0.392765 0.116668
v 0.204760 -0.218071 0.116668
v 0.058787 -0.251006 0.116668
v -0.085206 -0.299436 0.116668
v 0.108887 -0.315212 0.116668
v 0.010368 -0.322061 0.116668
v -0.208795 -0.423824 0.116668
v -0.089948 -0.354606 0.116668
v -0.082316 -0.384531 0.116668
v -0.010719 -0.367128 0.116668
v 0.057243 -0.363863 0.116668
v -0.080200 -0.491964 0.116668
v -0.174037 -0.490032 0.116668
v -0.337184 -0.536888 0.116668
v -0.313133 -0.551950 0.116668
v -0.435236 -0.617688 0.116668
v -0.373264 -0.639234 0.116668
v -0.400547 -0.637927 0.116668
v -0.426058 -0.646934 0.116668
v 0.426430 0.224184 0.116668
v -0.028346 -0.235520 0.114167
v 0.276317 -0.134667 0.113734
v 0.142098 -0.033449 0.113734
v 0.265846 0.130322 0.113734
v 0.335926 0.130356 0.113734
v 0.448086 0.059607 0.113734
v 0.400687 0.177368 0.113734
v 0.441342 0.271823 0.113734
v 0.559048 0.187776 0.113734
v 0.485407 0.296190 0.113734
v 0.618870 0.263004 0.113734
v 0.505132 0.337532 0.113734
v 0.576292 0.324998 0.113734
v 0.503864 0.395896 0.113734
v 0.578187 0.392765 0.113734
v 0.099655 -0.317847 0.113734
v -0.197911 -0.414822 0.113734
v -0.080200 -0.491964 0.113734
v -0.174037 -0.490032 0.113734
v -0.337184 -0.536888 0.113734
v -0.313133 -0.551950 0.113734
v -0.435236 -0.617688 0.113734
v -0.373264 -0.639234 0.113734
v -0.426058 -0.646934 0.113734
v -0.117319 -0.523699 0.110951
v -0.194267 -0.519087 0.110951
v -0.307665 -0.574761 0.110951
v -0.063984 -0.502487 0.110951
v 0.124222 -0.333031 0.107864
v 0.300798 -0.153222 0.107864
v 0.482578 0.033355 0.107864
v 0.596619 0.162589 0.107864
v 0.673147 0.249299 0.107864
v 0.230007 0.157749 0.111586
v 0.328384 0.171239 0.111586
v 0.385327 0.195698 0.111586
v 0.417036 0.306081 0.107864
v 0.460721 0.327347 0.109237
v 0.477257 0.356962 0.110507
v 0.485158 0.414181 0.111907
v 0.574670 0.421526 0.111907
v 0.604972 0.424293 0.112049
v 0.622095 0.286078 0.113734
v 0.666366 0.284249 0.112049
v 0.624068 0.312521 0.112049
v 0.595143 0.389463 0.112049
v 0.599828 0.318273 0.113734
v 0.113429 -0.011324 0.107864
v -0.051826 -0.220581 0.107864
v -0.216570 -0.397689 0.107864
v -0.351897 -0.525291 0.107864
v -0.462644 -0.617527 0.107864
v -0.444557 -0.672503 0.107864
v -0.342460 -0.674187 0.107864
v 0.249500 0.181032 0.111586
v 0.416396 0.228965 0.111586
v 0.427179 0.224077 0.113734
v -0.373264 -0.639234 0.107148
v -0.117319 -0.523699 0.107148
v -0.194267 -0.519087 0.107148
v -0.307665 -0.574761 0.107148
v -0.145604 -0.555014 0.107148
v -0.211847 -0.550433 0.107148
v -0.294655 -0.588210 0.107148
v -0.063984 -0.502487 0.107148
v -0.373264 -0.639234 0.103344
v -0.145604 -0.555014 0.103344
v -0.211847 -0.550433 0.103344
v -0.294655 -0.588210 0.103344
v -0.168485 -0.581777 0.103344
v -0.223173 -0.581037 0.103344
v -0.282776 -0.601867 0.103344
v -0.063984 -0.502487 0.103344
v -0.373264 -0.639234 0.099540
v -0.168485 -0.581777 0.099540
v -0.223173 -0.581037 0.099540
v -0.282776 -0.601867 0.099540
v -0.229179 -0.656017 0.099540
v -0.316023 -0.630853 0.099540
v -0.063984 -0.502487 0.099540
v -0.342460 -0.674187 0.099540
v -0.310889 -0.648703 0.099540
v 0.441342 0.271823 0.113734
v 0.328384 0.171239 0.110254
v 0.385327 0.195698 0.110254
v 0.267512 0.205786 0.110254
v 0.333260 0.196636 0.110254
v 0.373461 0.209876 0.110254
v 0.410373 0.235756 0.110118
v 0.249500 0.181032 0.110254
v 0.416396 0.228965 0.110118
v 0.441342 0.271823 0.113734
v 0.267512 0.205786 0.108832
v 0.333260 0.196636 0.108832
v 0.373461 0.209876 0.108832
v 0.280723 0.233547 0.108832
v 0.338459 0.221528 0.108832
v 0.410373 0.235756 0.108651
v 0.374538 0.233735 0.108832
v 0.394336 0.250300 0.108236
v 0.409630 0.270834 0.108236
v 0.417036 0.306081 0.107864
v 0.604972 0.424293 0.109114
v 0.666366 0.284249 0.109114
v 0.624068 0.312521 0.109114
v 0.595143 0.389463 0.109114
v 0.664475 0.305491 0.109114
v 0.637134 0.322996 0.109114
v 0.613846 0.381265 0.109114
v -0.551282 -0.757968 0.171229
v -0.553052 -0.682307 0.171229
v -0.387196 -0.616094 0.171229
v -0.340488 -0.645207 0.171229
v -0.311685 -0.488169 0.171229
v -0.214019 -0.493696 0.171229
v -0.190927 -0.518175 0.171229
v -0.247307 -0.579097 0.171229
v -0.113677 -0.544933 0.171229
v -0.298427 -0.503448 0.171229
v -0.194173 -0.334245 0.171229
v -0.172087 -0.351131 0.171229
v -0.417864 -0.580392 0.171229
v -0.132714 -0.533539 0.171229
v -0.551282 -0.757968 0.141730
v -0.553052 -0.682307 0.141730
v -0.387196 -0.616094 0.141730
v -0.340488 -0.645207 0.141730
v -0.311685 -0.488169 0.141730
v -0.214019 -0.493696 0.141730
v -0.190927 -0.518175 0.141730
v -0.247307 -0.579097 0.141730
v -0.113677 -0.544933 0.141730
v -0.298427 -0.503448 0.141730
v -0.194173 -0.334245 0.141730
v -0.172087 -0.351131 0.141730
v -0.417864 -0.580392 0.141730
v -0.132714 -0.533539 0.141730
v -0.417806 -0.629201 0.167061
v -0.398266 -0.652118 0.167061
v -0.179879 -0.344314 0.167061
v -0.139793 -0.499856 0.156479
v -0.106451 -0.457687 0.156479
v -0.155316 -0.306980 0.167061
v -0.112857 -0.331639 0.167061
v -0.056664 -0.438833 0.156479
v -0.066274 -0.331388 0.167061
v -0.010392 -0.439772 0.156479
v -0.031252 -0.313547 0.167061
v 0.049455 -0.449656 0.160951
v 0.041466 -0.365040 0.167061
v -0.013610 -0.277727 0.167061
v 0.049071 -0.316870 0.167061
v -0.003813 -0.226619 0.167061
v 0.069918 -0.282427 0.167061
v 0.040799 -0.216063 0.167061
v 0.113813 -0.265502 0.167061
v 0.111370 -0.248109 0.167061
v 0.067310 -0.194648 0.167061
v 0.066313 -0.156905 0.167061
v 0.144469 -0.198632 0.167061
v 0.102143 -0.152631 0.167061
v 0.196296 -0.142327 0.167061
v 0.163889 -0.103315 0.167061
v 0.325561 -0.003861 0.167061
v 0.294693 0.029092 0.167061
v -0.129527 -0.540076 0.162577
v -0.012344 -0.427268 0.167061
v -0.058767 -0.424386 0.167061
v -0.115831 -0.431930 0.167061
v -0.142942 -0.422713 0.167061
v -0.170926 -0.469572 0.167061
v -0.232646 -0.474903 0.167061
v -0.222847 -0.522552 0.167061
v -0.192666 -0.496967 0.167061
v -0.209433 -0.553188 0.167061
v -0.167054 -0.495362 0.167061
v -0.203129 -0.515709 0.167061
v -0.417806 -0.629201 0.145898
v -0.398266 -0.652118 0.145898
v -0.179879 -0.344314 0.145898
v -0.155316 -0.306980 0.145898
v -0.112857 -0.331639 0.145898
v -0.066274 -0.331388 0.145898
v -0.031252 -0.313547 0.145898
v 0.049455 -0.449656 0.152008
v 0.041466 -0.365040 0.145897
v -0.013610 -0.277727 0.145898
v 0.049071 -0.316870 0.145897
v -0.003813 -0.226619 0.145898
v 0.069918 -0.282427 0.145898
v 0.040799 -0.216063 0.145898
v 0.113813 -0.265502 0.145898
v 0.111370 -0.248109 0.145898
v 0.067310 -0.194648 0.145898
v 0.066313 -0.156905 0.145898
v 0.144469 -0.198632 0.145898
v 0.102143 -0.152631 0.145898
v 0.196296 -0.142327 0.145898
v 0.163889 -0.103315 0.145898
v 0.325561 -0.003861 0.145898
v 0.294693 0.029092 0.145898
v -0.129527 -0.540076 0.150381
v -0.012344 -0.427268 0.145898
v -0.058767 -0.424386 0.145898
v -0.115831 -0.431930 0.145898
v -0.142942 -0.422713 0.145898
v -0.170926 -0.469572 0.145898
v -0.232646 -0.474903 0.145898
v -0.222847 -0.522552 0.145898
v -0.192666 -0.496967 0.145898
v -0.209433 -0.553188 0.145898
v -0.167054 -0.495362 0.145898
v -0.203129 -0.515709 0.145898
v 0.047032 -0.446803 0.156479
v 0.120862 -0.447238 0.156479
v 0.036593 -0.361516 0.156479
v 0.095771 -0.443939 0.159245
v 0.083720 -0.384184 0.167222
v 0.046188 -0.313484 0.156479
v 0.063186 -0.274624 0.156479
v 0.107935 -0.260849 0.156479
v 0.105469 -0.242886 0.156479
v 0.137626 -0.193166 0.156479
v 0.190039 -0.134696 0.156479
v 0.114334 -0.414627 0.156479
v 0.094503 -0.354373 0.167222
v 0.133936 -0.363022 0.156479
v 0.111420 -0.332027 0.167222
v 0.161641 -0.358818 0.156479
v 0.142100 -0.323851 0.167222
v 0.173921 -0.309628 0.156479
v 0.155677 -0.288303 0.167222
v 0.213979 -0.268138 0.156479
v 0.193739 -0.248209 0.167222
v 0.246370 -0.189936 0.167222
v 0.266725 -0.210421 0.156479
v 0.115846 -0.384684 0.156479
v 0.095771 -0.443939 0.153713
v 0.083720 -0.384184 0.145736
v 0.094503 -0.354373 0.145736
v 0.111420 -0.332027 0.145736
v 0.142100 -0.323851 0.145736
v 0.155677 -0.288303 0.145736
v 0.193739 -0.248209 0.145736
v 0.246370 -0.189936 0.145736
v 0.208039 0.283190 0.156479
v 0.201033 0.249461 0.167222
v -0.011748 0.378348 0.156479
v 0.016747 0.416262 0.167222
v -0.169473 0.597082 0.167222
v -0.245384 0.638671 0.167222
v -0.319409 0.649350 0.167222
v -0.009116 0.519404 0.156479
v -0.129597 0.631130 0.156479
v -0.245673 0.730742 0.156479
v -0.285357 0.698256 0.167222
v -0.342646 0.731319 0.167222
v -0.389345 0.705144 0.167222
v -0.392653 0.742611 0.167222
v -0.429163 0.728979 0.167222
v -0.304734 0.770647 0.156479
v -0.348960 0.787593 0.156479
v -0.414400 0.792624 0.156479
v -0.502215 0.761392 0.156479
v -0.207846 0.560628 0.156479
v -0.236188 0.659852 0.167222
v 0.135654 0.323102 0.167222
v 0.079690 0.276665 0.156479
v 0.112908 0.348803 0.167222
v 0.079078 0.349206 0.167222
v 0.082253 0.382870 0.167222
v 0.047614 0.383305 0.167222
v 0.048511 0.415912 0.167222
v -0.290268 0.651266 0.167222
v 0.121021 0.383766 0.156479
v 0.201033 0.249461 0.145736
v 0.016747 0.416262 0.145736
v -0.169473 0.597082 0.145736
v -0.245384 0.638671 0.145736
v -0.319409 0.649350 0.145736
v -0.285357 0.698256 0.145736
v -0.342646 0.731319 0.145736
v -0.389345 0.705144 0.145736
v -0.392653 0.742611 0.145736
v -0.429163 0.728979 0.145736
v -0.236188 0.659852 0.145736
v 0.135654 0.323102 0.145736
v 0.112908 0.348803 0.145736
v 0.079078 0.349206 0.145736
v 0.082253 0.382870 0.145736
v 0.047614 0.383305 0.145736
v 0.048511 0.415912 0.145736
v -0.290268 0.651266 0.145736
v 0.413804 0.503787 0.167061
v 0.399865 0.477662 0.167061
v 0.163794 0.624248 0.167061
v 0.159400 0.588487 0.167061
v 0.413804 0.503787 0.145898
v 0.399865 0.477662 0.145898
v 0.163794 0.624248 0.145898
v 0.159400 0.588487 0.145898
v -0.118533 0.035769 0.167061
v -0.105655 -0.007508 0.167061
v -0.347648 -0.079296 0.167061
v -0.333228 -0.105158 0.167061
v -0.118533 0.035769 0.145898
v -0.105655 -0.007508 0.145898
v -0.347648 -0.079296 0.145898
v -0.333228 -0.105158 0.145898
v -0.304710 0.253808 0.167222
v -0.365096 0.296344 0.156479
v -0.230499 0.318540 0.167222
v -0.276445 0.374907 0.156479
v -0.232861 0.349658 0.167222
v -0.204601 0.341060 0.167222
v -0.203902 0.374884 0.167222
v -0.304710 0.253808 0.145736
v -0.230499 0.318540 0.145736
v -0.232861 0.349658 0.145736
v -0.204601 0.341060 0.145736
v -0.203902 0.374884 0.145736
v -0.540397 -0.005959 0.156479
v -0.478285 0.042690 0.167222
v -0.455322 0.060201 0.156479
v -0.478285 0.042690 0.145736
v -0.578145 0.092054 0.161504
v -0.533619 0.120925 0.162912
v -0.518972 0.130422 0.156479
v -0.533619 0.120925 0.150046
v -0.542573 0.115119 0.145736
v -0.542573 0.115119 0.167222
v -0.605573 0.074271 0.156479
v -0.578145 0.092054 0.151455
v 0.590997 0.159902 0.156479
v 0.593948 0.194225 0.167222
v 0.628440 0.259540 0.156479
v 0.593948 0.194225 0.145736
v 0.544720 0.303146 0.161504
v 0.501906 0.271792 0.162912
v 0.487822 0.261479 0.156479
v 0.501906 0.271792 0.150046
v 0.510516 0.278097 0.145736
v 0.510516 0.278097 0.167222
v 0.571094 0.322460 0.156479
v 0.544720 0.303146 0.151455
v 0.000000 0.707107 0.000000
v -0.707107 0.000000 0.000000
v 0.707107 0.000000 0.000000
v 0.000000 -0.707106 0.000000
v 0.000000 0.556562 -0.040000
v -0.556562 0.000000 -0.040000
v 0.556561 0.000000 -0.040000
v 0.000000 -0.556561 -0.040000
v 0.000000 0.707107 0.000000
v -0.707107 0.000000 0.000000
v 0.707107 0.000000 0.000000
v 0.000000 -0.707106 0.000000
v 0.000000 0.556562 0.040000
v -0.556562 0.000000 0.040000
v 0.556561 0.000000 0.040000
v 0.000000 -0.556561 0.040000
v 0.000000 0.707107 0.000000
v 0.707107 0.000000 0.000000
v -0.707107 0.000000 0.000000
v 0.000000 -0.707106 0.000000
v 0.000000 0.556562 0.040000
v 0.556562 0.000000 0.040000
v -0.556561 0.000000 0.040000
v 0.000000 -0.556561 0.040000
v 0.000000 0.707107 0.000000
v 0.707107 0.000000 0.000000
v -0.707107 0.000000 0.000000
v 0.000000 -0.707106 0.000000
v 0.000000 0.556562 -0.040000
v 0.556562 0.000000 -0.040000
v -0.556561 0.000000 -0.040000
v 0.000000 -0.556561 -0.040000
v -0.820784 0.732339 0.171229
v -0.745123 0.734108 0.171229
v -0.678910 0.568253 0.171229
v -0.708023 0.521544 0.171229
v -0.550985 0.492741 0.171229
v -0.556512 0.395076 0.171229
v -0.580991 0.371984 0.171229
v -0.641912 0.428363 0.171229
v -0.607749 0.294734 0.171229
v -0.566264 0.479484 0.171229
v -0.397061 0.375230 0.171229
v -0.413947 0.353144 0.171229
v -0.643208 0.598921 0.171229
v -0.596355 0.313771 0.171229
v -0.820784 0.732339 0.141730
v -0.745123 0.734108 0.141730
v -0.678910 0.568253 0.141730
v -0.708023 0.521544 0.141730
v -0.550985 0.492741 0.141730
v -0.556512 0.395076 0.141730
v -0.580991 0.371984 0.141730
v -0.641912 0.428363 0.141730
v -0.607749 0.294734 0.141730
v -0.566264 0.479484 0.141730
v -0.397061 0.375230 0.141730
v -0.413947 0.353144 0.141730
v -0.643208 0.598921 0.141730
v -0.596355 0.313771 0.141730
v -0.692017 0.598863 0.167061
v -0.714934 0.579323 0.167061
v -0.407130 0.360936 0.167061
v -0.562671 0.320850 0.156479
v -0.520503 0.287508 0.156479
v -0.369796 0.336373 0.167061
v -0.394454 0.293914 0.167061
v -0.501649 0.237721 0.156479
v -0.394204 0.247331 0.167061
v -0.502588 0.191449 0.156479
v -0.376363 0.212309 0.167061
v -0.512472 0.131602 0.160951
v -0.427856 0.139591 0.167061
v -0.340543 0.194667 0.167061
v -0.379686 0.131986 0.167061
v -0.289435 0.184870 0.167061
v -0.345243 0.111139 0.167061
v -0.278878 0.140258 0.167061
v -0.328318 0.067244 0.167061
v -0.310925 0.069687 0.167061
v -0.257464 0.113747 0.167061
v -0.219720 0.114743 0.167061
v -0.261447 0.036588 0.167061
v -0.215446 0.078914 0.167061
v -0.205143 -0.015239 0.167061
v -0.166131 0.017168 0.167061
v -0.066677 -0.144504 0.167061
v -0.033724 -0.113636 0.167061
v 0.138685 -0.297998 0.167061
v 0.155371 -0.273537 0.167061
v 0.374175 -0.444832 0.167061
v 0.382417 -0.409757 0.167061
v -0.602892 0.310584 0.162577
v -0.490084 0.193401 0.167061
v -0.487201 0.239823 0.167061
v -0.494745 0.296888 0.167061
v -0.485529 0.323999 0.167061
v -0.532388 0.351983 0.167061
v -0.537718 0.413703 0.167061
v -0.585368 0.403904 0.167061
v -0.559783 0.373723 0.167061
v -0.616004 0.390489 0.167061
v -0.558178 0.348111 0.167061
v -0.578525 0.384186 0.167061
v -0.692017 0.598863 0.145898
v -0.714934 0.579323 0.145898
v -0.407130 0.360936 0.145898
v -0.369796 0.336373 0.145898
v -0.394454 0.293914 0.145898
v -0.394204 0.247331 0.145898
v -0.376363 0.212309 0.145898
v -0.512472 0.131602 0.152008
v -0.427856 0.139591 0.145897
v -0.340543 0.194667 0.145898
v -0.379686 0.131986 0.145897
v -0.289435 0.184870 0.145898
v -0.345243 0.111139 0.145898
v -0.278878 0.140258 0.145898
v -0.328318 0.067244 0.145898
v -0.310925 0.069687 0.145898
v -0.257464 0.113747 0.145898
v -0.219720 0.114743 0.145898
v -0.261447 0.036588 0.145898
v -0.215446 0.078914 0.145898
v -0.205143 -0.015239 0.145898
v -0.166131 0.017168 0.145898
v -0.066677 -0.144504 0.145898
v -0.033724 -0.113636 0.145898
v 0.138685 -0.297998 0.145898
v 0.155371 -0.273537 0.145898
v 0.374175 -0.444832 0.145898
v 0.382417 -0.409757 0.145898
v -0.602892 0.310584 0.150381
v -0.490084 0.193401 0.145898
v -0.487201 0.239823 0.145898
v -0.494745 0.296888 0.145898
v -0.485529 0.323999 0.145898
v -0.532388 0.351983 0.145898
v -0.537718 0.413703 0.145898
v -0.585368 0.403904 0.145898
v -0.559783 0.373723 0.145898
v -0.616004 0.390489 0.145898
v -0.558178 0.348111 0.145898
v -0.578525 0.384186 0.145898
v -0.509618 0.134025 0.156479
v -0.510054 0.060195 0.156479
v -0.424332 0.144463 0.156479
v -0.506754 0.085286 0.159245
v -0.447000 0.097337 0.167222
v -0.376299 0.134869 0.156479
v -0.337439 0.117871 0.156479
v -0.323665 0.073122 0.156479
v -0.305702 0.075588 0.156479
v -0.255982 0.043431 0.156479
v -0.197511 -0.008982 0.156479
v -0.477442 0.066723 0.156479
v -0.417189 0.086554 0.167222
v -0.425838 0.047121 0.156479
v -0.394843 0.069637 0.167222
v -0.421634 0.019416 0.156479
v -0.386667 0.038957 0.167222
v -0.372444 0.007136 0.156479
v -0.351118 0.025380 0.167222
v -0.330954 -0.032922 0.156479
v -0.311024 -0.012682 0.167222
v -0.252752 -0.065313 0.167222
v -0.273236 -0.085668 0.156479
v -0.090586 -0.240677 0.156479
v -0.090177 -0.206230 0.167222
v -0.060599 -0.138547 0.156479
v 0.143368 -0.291928 0.156479
v 0.122671 -0.334602 0.167222
v 0.340106 -0.476363 0.167222
v 0.422582 -0.502626 0.167222
v 0.497281 -0.498914 0.167222
v 0.167830 -0.430872 0.156479
v 0.307498 -0.517426 0.156479
v 0.440518 -0.592933 0.156479
v 0.473237 -0.553442 0.167222
v 0.535803 -0.574907 0.167222
v 0.576617 -0.540264 0.167222
v 0.587048 -0.576401 0.167222
v 0.620266 -0.556022 0.167222
v 0.506135 -0.620775 0.156479
v 0.552790 -0.628926 0.156479
v 0.617980 -0.621317 0.156479
v 0.698178 -0.573828 0.156479
v 0.370777 -0.433228 0.156479
v -0.447500 0.065211 0.156479
v 0.417618 -0.525178 0.167222
v -0.011891 -0.265970 0.167222
v 0.034130 -0.209664 0.156479
v 0.018123 -0.257423 0.167222
v 0.015360 -0.286832 0.167222
v 0.048639 -0.280741 0.167222
v 0.051978 -0.314390 0.167222
v 0.086058 -0.308175 0.167222
v 0.091429 -0.340349 0.167222
v 0.469047 -0.506382 0.167222
v 0.014101 -0.322702 0.156479
v -0.506754 0.085286 0.153713
v -0.447000 0.097337 0.145736
v -0.417189 0.086554 0.145736
v -0.394843 0.069637 0.145736
v -0.386667 0.038957 0.145736
v -0.351118 0.025380 0.145736
v -0.311024 -0.012682 0.145736
v -0.252752 -0.065313 0.145736
v -0.090177 -0.206230 0.145736
v 0.122671 -0.334602 0.145736
v 0.340106 -0.476363 0.145736
v 0.422582 -0.502626 0.145736
v 0.497281 -0.498914 0.145736
v 0.473237 -0.553442 0.145736
v 0.535803 -0.574907 0.145736
v 0.576617 -0.540264 0.145736
v 0.587048 -0.576401 0.145736
v 0.620266 -0.556022 0.145736
v 0.417618 -0.525178 0.145736
v -0.011891 -0.265970 0.145736
v 0.018123 -0.257423 0.145736
v 0.015360 -0.286832 0.145736
v 0.048639 -0.280741 0.145736
v 0.051978 -0.314390 0.145736
v 0.086058 -0.308175 0.145736
v 0.091429 -0.340349 0.145736
v 0.469047 -0.506382 0.145736
v -1.870909 -0.111275 0.029100
v -1.586417 0.080552 0.029100
v -1.548361 -0.081690 0.029100
v -1.198980 -0.081759 0.029100
v -1.133166 -0.018172 0.029100
v -1.126553 0.126851 0.029100
v -1.006844 0.011889 0.029100
v -1.016835 0.135597 0.029100
v -0.836997 -0.008915 0.029100
v -0.833403 0.149226 0.029100
v -0.761670 0.016195 0.029100
v -0.682692 0.157605 0.029100
v -0.685517 0.008842 0.029100
v -0.636212 0.081087 0.029100
v -0.605331 -0.027965 0.029100
v -0.539950 0.041407 0.029100
v -1.742059 0.075633 0.029100
v -1.924966 -0.036739 0.029100
v -2.127619 -0.137847 0.029100
v -1.967471 0.047959 0.029100
v -2.069475 -0.037278 0.029100
v -2.417031 -0.174032 0.029100
v -2.208991 -0.108447 0.029100
v -2.243552 -0.083239 0.029100
v -2.152098 -0.028886 0.029100
v -2.083768 0.030805 0.029100
v -2.391358 -0.015686 0.029100
v -2.476725 -0.102038 0.029100
v -2.695159 -0.221493 0.029100
v -2.693589 -0.190461 0.029100
v -2.899831 -0.261128 0.029100
v -2.871714 -0.191716 0.029100
v -2.895496 -0.217278 0.029100
v -2.931996 -0.234931 0.029100
v -0.917412 0.006652 0.029100
v -1.985143 -0.125285 0.026367
v -1.558620 0.089630 0.025893
v -1.543450 -0.094030 0.025893
v -1.198980 -0.081759 0.025893
v -1.133166 -0.018172 0.025893
v -1.126553 0.126851 0.025893
v -1.006844 0.011889 0.025893
v -0.836997 -0.008915 0.025893
v -0.843720 0.149266 0.025893
v -0.761670 0.016195 0.025893
v -0.682692 0.157605 0.025893
v -0.685517 0.008842 0.025893
v -0.636212 0.081087 0.025893
v -0.605331 -0.027965 0.025893
v -0.539950 0.041407 0.025893
v -1.979809 0.041189 0.025893
v -2.394265 -0.169653 0.025893
v -2.391358 -0.015686 0.025893
v -2.476725 -0.102038 0.025893
v -2.695159 -0.221493 0.025893
v -2.693589 -0.190461 0.025893
v -2.899831 -0.261128 0.025893
v -2.871714 -0.191716 0.025893
v -2.931996 -0.234931 0.025893
v -2.470439 -0.029990 0.022852
v -2.536220 -0.102649 0.022852
v -2.720261 -0.171563 0.022852
v -2.390812 0.005462 0.022852
v -1.977924 0.072764 0.019477
v -1.561516 0.123184 0.019477
v -1.130787 0.174195 0.019477
v -0.843580 0.198754 0.019477
v -0.650866 0.215242 0.019477
v -1.194371 -0.131044 0.023545
v -1.083243 -0.049993 0.023545
v -0.995702 -0.013251 0.023545
v -0.812041 -0.051905 0.019477
v -0.741395 -0.025246 0.020978
v -0.684585 -0.028330 0.022367
v -0.597393 -0.056114 0.023897
v -0.503150 0.020645 0.023897
v -0.470856 0.046458 0.024052
v -0.647495 0.146437 0.025893
v -0.608500 0.187736 0.024052
v -0.608775 0.132073 0.024052
v -0.528641 0.058815 0.024052
v -0.623503 0.106558 0.025893
v -1.539506 -0.133567 0.019477
v -1.986349 -0.155723 0.019477
v -2.387889 -0.197056 0.019477
v -2.692796 -0.241932 0.019477
v -2.925328 -0.286103 0.019477
v -2.985005 -0.236102 0.019477
v -2.891542 -0.142404 0.019477
v -1.143616 -0.127575 0.023545
v -0.920162 -0.005375 0.023545
v -0.916858 0.007398 0.025893
v -2.871714 -0.191716 0.018695
v -2.470439 -0.029990 0.018695
v -2.536220 -0.102649 0.018695
v -2.720261 -0.171563 0.018695
v -2.540644 -0.036532 0.018695
v -2.596423 -0.099455 0.018695
v -2.726804 -0.151538 0.018695
v -2.390812 0.005462 0.018695
v -2.871714 -0.191716 0.014537
v -2.540644 -0.036532 0.014537
v -2.596423 -0.099455 0.014537
v -2.726804 -0.151538 0.014537
v -2.599431 -0.040950 0.014537
v -2.649721 -0.091040 0.014537
v -2.734697 -0.132413 0.014537
v -2.390812 0.005462 0.014537
v -2.871714 -0.191716 0.010380
v -2.599431 -0.040950 0.010380
v -2.649721 -0.091040 0.010380
v -2.734697 -0.132413 0.010380
v -2.759900 -0.050685 0.010380
v -2.806311 -0.144881 0.010380
v -2.390812 0.005462 0.010380
v -2.891542 -0.142404 0.010380
v -2.826383 -0.129317 0.010380
v -0.836997 -0.008915 0.025893
v -1.083243 -0.049993 0.022090
v -0.995702 -0.013251 0.022090
v -1.092198 -0.126350 0.022090
v -1.043256 -0.061083 0.022090
v -0.987070 -0.032683 0.022090
v -0.916346 -0.014991 0.021941
v -1.143616 -0.127575 0.022090
v -0.920162 -0.005375 0.021941
v -0.836997 -0.008915 0.025893
v -1.092198 -0.126350 0.020536
v -1.043256 -0.061083 0.020536
v -0.987070 -0.032683 0.020536
v -1.041095 -0.131318 0.020536
v -1.003671 -0.071571 0.020536
v -0.916346 -0.014991 0.020338
v -0.952792 -0.046281 0.020536
v -0.911117 -0.038432 0.019884
v -0.868135 -0.037095 0.019884
v -0.812041 -0.051905 0.019477
v -0.470856 0.046458 0.020844
v -0.608500 0.187736 0.020844
v -0.608775 0.132073 0.020844
v -0.528641 0.058815 0.020844
v -0.580656 0.173043 0.020844
v -0.581907 0.137533 0.020844
v -0.522520 0.080799 0.020844
v -1.870909 -0.111275 -0.029100
v -1.586417 0.080552 -0.029100
v -1.548361 -0.081690 -0.029100
v -1.198980 -0.081759 -0.029100
v -1.133165 -0.018172 -0.029100
v -1.126553 0.126851 -0.029100
v -1.006844 0.011889 -0.029100
v -1.016835 0.135597 -0.029100
v -0.836997 -0.008915 -0.029100
v -0.833403 0.149226 -0.029100
v -0.761670 0.016195 -0.029100
v -0.682692 0.157605 -0.029100
v -0.685517 0.008842 -0.029100
v -0.636212 0.081087 -0.029100
v -0.605331 -0.027965 -0.029100
v -0.539950 0.041407 -0.029100
v -1.742059 0.075633 -0.029100
v -1.924966 -0.036739 -0.029100
v -2.127619 -0.137847 -0.029100
v -1.967471 0.047959 -0.029100
v -2.069474 -0.037278 -0.029100
v -2.417031 -0.174032 -0.029100
v -2.208991 -0.108447 -0.029100
v -2.243552 -0.083239 -0.029100
v -2.152098 -0.028886 -0.029100
v -2.083768 0.030805 -0.029100
v -2.391358 -0.015686 -0.029100
v -2.476725 -0.102038 -0.029100
v -2.695158 -0.221493 -0.029100
v -2.693589 -0.190461 -0.029100
v -2.899831 -0.261128 -0.029100
v -2.871714 -0.191716 -0.029100
v -2.895496 -0.217278 -0.029100
v -2.931996 -0.234931 -0.029100
v -0.917412 0.006652 -0.029100
v -1.985143 -0.125285 -0.026367
v -1.558620 0.089630 -0.025893
v -1.543450 -0.094030 -0.025893
v -1.198980 -0.081759 -0.025893
v -1.133165 -0.018172 -0.025893
v -1.126553 0.126851 -0.025893
v -1.006844 0.011889 -0.025893
v -0.836997 -0.008915 -0.025893
v -0.843720 0.149266 -0.025893
v -0.761670 0.016195 -0.025893
v -0.682692 0.157605 -0.025893
v -0.685517 0.008842 -0.025893
v -0.636212 0.081087 -0.025893
v -0.605331 -0.027965 -0.025893
v -0.539950 0.041407 -0.025893
v -1.979809 0.041189 -0.025893
v -2.394265 -0.169653 -0.025893
v -2.391358 -0.015686 -0.025893
v -2.476725 -0.102038 -0.025893
v -2.695158 -0.221493 -0.025893
v -2.693589 -0.190461 -0.025893
v -2.899831 -0.261128 -0.025893
v -2.871714 -0.191716 -0.025893
v -2.931996 -0.234931 -0.025893
v -2.470439 -0.029990 -0.022852
v -2.536220 -0.102649 -0.022852
v -2.720261 -0.171563 -0.022852
v -2.390812 0.005462 -0.022852
v -1.977924 0.072764 -0.019477
v -1.561516 0.123184 -0.019477
v -1.130787 0.174195 -0.019477
v -0.843580 0.198754 -0.019477
v -0.650866 0.215242 -0.019477
v -1.194371 -0.131044 -0.023545
v -1.083243 -0.049993 -0.023545
v -0.995702 -0.013251 -0.023545
v -0.812041 -0.051905 -0.019477
v -0.741395 -0.025246 -0.020978
v -0.684585 -0.028330 -0.022367
v -0.597393 -0.056114 -0.023897
v -0.503150 0.020645 -0.023897
v -0.470856 0.046458 -0.024052
v -0.647495 0.146437 -0.025893
v -0.608500 0.187736 -0.024052
v -0.608775 0.132073 -0.024052
v -0.528641 0.058815 -0.024052
v -0.623503 0.106558 -0.025893
v -1.539506 -0.133567 -0.019477
v -1.986349 -0.155723 -0.019477
v -2.387888 -0.197056 -0.019477
v -2.692796 -0.241932 -0.019477
v -2.925328 -0.286103 -0.019477
v -2.985005 -0.236102 -0.019477
v -2.891542 -0.142404 -0.019477
v -1.143616 -0.127575 -0.023545
v -0.920162 -0.005375 -0.023545
v -0.916858 0.007398 -0.025893
v -2.871714 -0.191716 -0.018695
v -2.470439 -0.029990 -0.018695
v -2.536220 -0.102649 -0.018695
v -2.720261 -0.171563 -0.018695
v -2.540644 -0.036532 -0.018695
v -2.596422 -0.099455 -0.018695
v -2.726804 -0.151538 -0.018695
v -2.390812 0.005462 -0.018695
v -2.871714 -0.191716 -0.014537
v -2.540644 -0.036532 -0.014537
v -2.596422 -0.099455 -0.014537
v -2.726804 -0.151538 -0.014537
v -2.599431 -0.040950 -0.014537
v -2.649721 -0.091040 -0.014537
v -2.734697 -0.132413 -0.014537
v -2.390812 0.005462 -0.014537
v -2.871714 -0.191716 -0.010380
v -2.599431 -0.040950 -0.010380
v -2.649721 -0.091040 -0.010380
v -2.734697 -0.132413 -0.010380
v -2.759900 -0.050685 -0.010380
v -2.806311 -0.144881 -0.010380
v -2.390812 0.005462 -0.010380
v -2.891542 -0.142404 -0.010380
v -2.826383 -0.129317 -0.010380
v -0.836997 -0.008915 -0.025893
v -1.083243 -0.049993 -0.022090
v -0.995702 -0.013251 -0.022090
v -1.092198 -0.126350 -0.022090
v -1.043256 -0.061083 -0.022090
v -0.987070 -0.032683 -0.022090
v -0.916346 -0.014991 -0.021941
v -1.143616 -0.127575 -0.022090
v -0.920162 -0.005375 -0.021941
v -0.836997 -0.008915 -0.025893
v -1.092198 -0.126350 -0.020536
v -1.043256 -0.061083 -0.020536
v -0.987070 -0.032683 -0.020536
v -1.041095 -0.131318 -0.020536
v -1.003671 -0.071571 -0.020536
v -0.916346 -0.014991 -0.020338
v -0.952792 -0.046281 -0.020536
v -0.911117 -0.038432 -0.019884
v -0.868135 -0.037095 -0.019884
v -0.812041 -0.051905 -0.019477
v -0.470856 0.046458 -0.020844
v -0.608500 0.187736 -0.020844
v -0.608775 0.132073 -0.020844
v -0.528641 0.058815 -0.020844
v -0.580656 0.173043 -0.020844
v -0.581907 0.137533 -0.020844
v -0.522520 0.080799 -0.020844
v -1.984920 -0.128210 0.055509
v -1.558780 0.091239 0.055189
v -1.543423 -0.096194 0.055184
v -1.198817 -0.082456 0.055327
v -1.132837 -0.018671 0.055329
v -1.126732 0.128746 0.055195
v -1.006618 0.009928 0.055219
v -0.841420 -0.017735 0.045408
v -0.843806 0.150540 0.055260
v -0.761429 0.014449 0.055234
v -0.682636 0.159031 0.055259
v -0.685935 0.007300 0.055254
v -0.636212 0.081087 0.055343
v -0.605358 -0.029286 0.055275
v -0.539176 0.041961 0.055289
v -1.980085 0.043372 0.055142
v -2.393919 -0.172434 0.055025
v -2.392141 -0.013557 0.055168
v -2.477462 -0.100957 0.055274
v -2.694482 -0.225454 0.054774
v -2.694041 -0.188551 0.055205
v -2.899820 -0.265452 0.054694
v -2.867456 -0.182163 0.043445
v -2.934482 -0.235253 0.055020
v -2.478156 -0.019263 0.040422
v -2.543492 -0.091539 0.040415
v -2.724110 -0.155441 0.037440
v -2.395625 0.021776 0.037375
v -1.980325 0.090026 0.033951
v -1.563238 0.137899 0.036878
v -1.132476 0.190785 0.034073
v -0.844745 0.212704 0.037008
v -0.648330 0.227822 0.037048
v -1.193959 -0.144317 0.041125
v -1.075861 -0.059964 0.041181
v -0.991779 -0.028595 0.038214
v -0.815360 -0.064200 0.034095
v -0.739762 -0.038563 0.038538
v -0.687383 -0.041434 0.039949
v -0.594957 -0.069872 0.038569
v -0.495093 0.010687 0.041536
v -0.464354 0.048269 0.038734
v -0.647055 0.147522 0.055275
v -0.597138 0.194538 0.038730
v -0.599536 0.136419 0.043638
v -0.521543 0.072616 0.038714
v -0.622768 0.107194 0.055310
v -1.539096 -0.148528 0.036849
v -1.985120 -0.171385 0.036704
v -2.385815 -0.213083 0.036583
v -2.689911 -0.258793 0.036325
v -2.929018 -0.299818 0.036669
v -2.996698 -0.236669 0.033972
v -2.891350 -0.132824 0.034036
v -1.138228 -0.137631 0.041201
v -0.920006 -0.019706 0.041006
v -0.917117 0.005334 0.055157
v -1.984920 -0.128210 -0.055509
v -1.558780 0.091239 -0.055189
v -1.543423 -0.096194 -0.055184
v -1.198817 -0.082456 -0.055327
v -1.132837 -0.018671 -0.055329
v -1.126732 0.128746 -0.055195
v -1.006618 0.009928 -0.055219
v -0.841420 -0.017735 -0.045408
v -0.843806 0.150540 -0.055260
v -0.761429 0.014449 -0.055234
v -0.682636 0.159031 -0.055259
v -0.685935 0.007300 -0.055254
v -0.636212 0.081087 -0.055343
v -0.605358 -0.029286 -0.055275
v -0.539176 0.041961 -0.055289
v -1.980084 0.043372 -0.055142
v -2.393919 -0.172434 -0.055025
v -2.392141 -0.013557 -0.055168
v -2.477462 -0.100957 -0.055274
v -2.694482 -0.225454 -0.054774
v -2.694041 -0.188551 -0.055205
v -2.899819 -0.265453 -0.054694
v -2.867456 -0.182163 -0.043445
v -2.934482 -0.235253 -0.055020
v -2.478156 -0.019263 -0.040422
v -2.543492 -0.091539 -0.040415
v -2.724110 -0.155441 -0.037440
v -2.395625 0.021776 -0.037375
v -1.980325 0.090026 -0.033951
v -1.563238 0.137899 -0.036878
v -1.132476 0.190785 -0.034073
v -0.844745 0.212704 -0.037008
v -0.648330 0.227822 -0.037048
v -1.193959 -0.144317 -0.041125
v -1.075861 -0.059964 -0.041181
v -0.991779 -0.028595 -0.038214
v -0.815360 -0.064200 -0.034095
v -0.739762 -0.038563 -0.038538
v -0.687383 -0.041434 -0.039949
v -0.594957 -0.069872 -0.038569
v -0.495093 0.010687 -0.041536
v -0.464354 0.048269 -0.038734
v -0.647055 0.147522 -0.055275
v -0.597138 0.194538 -0.038730
v -0.599536 0.136419 -0.043638
v -0.521543 0.072616 -0.038714
v -0.622768 0.107194 -0.055310
v -1.539096 -0.148528 -0.036849
v -1.985120 -0.171385 -0.036704
v -2.385815 -0.213083 -0.036583
v -2.689910 -0.258793 -0.036325
v -2.929018 -0.299818 -0.036669
v -2.996698 -0.236669 -0.033972
v -2.891350 -0.132824 -0.034036
v -1.138228 -0.137631 -0.041201
v -0.920006 -0.019706 -0.041006
v -0.917117 0.005334 -0.055157
v 0.457669 -0.071197 0.016111
v 0.371516 -0.132080 0.016111
v 0.093834 -0.058148 0.016111
v 0.071365 0.000255 0.016111
v -0.146691 -0.101431 0.016111
v -0.258259 -0.022866 0.016111
v -0.257598 0.013945 0.016111
v -0.118379 0.019041 0.016111
v -0.319720 0.093704 0.016111
v -0.144881 -0.079334 0.016111
v -0.468307 -0.133258 0.016111
v -0.475291 -0.103186 0.016111
v 0.089231 -0.109547 0.016111
v -0.310012 0.070272 0.016111
v 0.457669 -0.071197 -0.016111
v 0.371516 -0.132080 -0.016111
v 0.093834 -0.058148 -0.016111
v 0.071365 0.000255 -0.016111
v -0.146691 -0.101431 -0.016111
v -0.258259 -0.022866 -0.016111
v -0.257598 0.013945 -0.016111
v -0.118379 0.019041 -0.016111
v -0.319720 0.093704 -0.016111
v -0.144881 -0.079334 -0.016111
v -0.468307 -0.133258 -0.016111
v -0.475291 -0.103186 -0.016111
v 0.089231 -0.109547 -0.016111
v -0.310012 0.070272 -0.016111
v 0.146118 -0.071095 0.011558
v 0.149248 -0.038213 0.011558
v -0.473830 -0.114472 0.011558
v -0.340765 0.038387 0.000000
v -0.430261 0.030541 0.000000
v -0.547078 -0.125184 0.011558
v -0.569610 -0.073515 0.011558
v -0.512425 0.053538 0.000000
v -0.626192 -0.038314 0.011558
v -0.567243 0.089439 0.000000
v -0.689331 -0.025739 0.011558
v -0.628027 0.142695 0.004884
v -0.717114 0.070039 0.011559
v -0.752449 -0.040520 0.011558
v -0.782514 0.037914 0.011559
v -0.823926 -0.073293 0.011558
v -0.847897 0.026652 0.011558
v -0.890153 -0.047698 0.011558
v -0.920690 0.046690 0.011558
v -0.938033 0.031146 0.011558
v -0.947177 -0.044404 0.011558
v -0.990017 -0.074862 0.011558
v -1.035767 0.017365 0.011558
v -1.038300 -0.050998 0.011558
v -1.164097 0.012442 0.011558
v -1.170460 -0.042883 0.011558
v -1.481877 0.001712 0.011558
v -1.483030 -0.047676 0.011558
v -1.906998 -0.043247 0.011558
v -1.896911 -0.074966 0.011558
v -2.359228 -0.116976 0.011558
v -2.326462 -0.150115 0.011558
v -0.306235 0.077837 0.006661
v -0.579475 0.078117 0.011558
v -0.526743 0.040571 0.011558
v -0.448984 0.003144 0.011558
v -0.426978 -0.024710 0.011558
v -0.338483 -0.009102 0.011558
v -0.257680 -0.051809 0.011558
v -0.213918 -0.006867 0.011558
v -0.280245 -0.004065 0.011558
v -0.194379 0.027434 0.011558
v -0.313067 0.014135 0.011558
v -0.245731 0.002732 0.011558
v 0.146118 -0.071095 -0.011558
v 0.149248 -0.038213 -0.011558
v -0.473830 -0.114472 -0.011558
v -0.547078 -0.125184 -0.011558
v -0.569610 -0.073515 -0.011558
v -0.626192 -0.038314 -0.011558
v -0.689331 -0.025739 -0.011558
v -0.628027 0.142695 -0.004884
v -0.717114 0.070039 -0.011559
v -0.752449 -0.040520 -0.011558
v -0.782514 0.037914 -0.011559
v -0.823926 -0.073293 -0.011558
v -0.847897 0.026652 -0.011558
v -0.890153 -0.047698 -0.011558
v -0.920690 0.046690 -0.011558
v -0.938033 0.031146 -0.011558
v -0.947177 -0.044404 -0.011558
v -0.990017 -0.074862 -0.011558
v -1.035767 0.017365 -0.011558
v -1.038300 -0.050998 -0.011558
v -1.164097 0.012442 -0.011558
v -1.170460 -0.042883 -0.011558
v -1.481877 0.001712 -0.011558
v -1.483030 -0.047676 -0.011558
v -1.906998 -0.043247 -0.011558
v -1.896911 -0.074966 -0.011558
v -2.359228 -0.116976 -0.011558
v -2.326462 -0.150115 -0.011558
v -0.306235 0.077837 -0.006661
v -0.579475 0.078117 -0.011558
v -0.526743 0.040571 -0.011558
v -0.448984 0.003144 -0.011558
v -0.426978 -0.024710 -0.011558
v -0.338483 -0.009102 -0.011558
v -0.257680 -0.051809 -0.011558
v -0.213918 -0.006867 -0.011558
v -0.280245 -0.004065 -0.011558
v -0.194379 0.027434 -0.011558
v -0.313067 0.014135 -0.011558
v -0.245731 0.002732 -0.011558
v -0.628429 0.138608 0.000000
v -0.717136 0.195055 0.000000
v -0.715338 0.063564 0.000000
v -0.690666 0.173392 0.003021
v -0.745833 0.117213 0.011735
v -0.782982 0.033058 0.000000
v -0.848869 0.015396 0.000000
v -0.919017 0.038561 0.000000
v -0.936998 0.022552 0.000000
v -1.033876 0.007864 0.000000
v -1.165441 0.001682 0.000000
v -0.747302 0.164432 0.000000
v -0.793650 0.101949 0.011735
v -0.831208 0.138720 0.000000
v -0.840168 0.097220 0.011735
v -0.869592 0.156465 0.000000
v -0.886782 0.114100 0.011735
v -0.941832 0.127089 0.000000
v -0.944671 0.096444 0.011735
v -1.038653 0.124881 0.000000
v -1.037451 0.093818 0.011735
v -1.169048 0.087957 0.011735
v -1.169742 0.119545 0.000000
v -1.570190 0.093608 0.000000
v -1.529043 0.067110 0.011735
v -1.481772 -0.007598 0.000000
v -1.905128 -0.051545 0.000000
v -1.932543 -0.002830 0.011735
v -2.357573 -0.066206 0.011735
v -2.485553 -0.111149 0.011735
v -2.568236 -0.172751 0.011735
v -2.101570 0.034790 0.000000
v -2.369142 -0.009343 0.000000
v -2.615608 -0.056638 0.000000
v -2.606068 -0.112395 0.011735
v -2.705016 -0.145317 0.011735
v -2.710781 -0.203759 0.011735
v -2.766620 -0.184506 0.011735
v -2.780757 -0.226132 0.011735
v -2.725821 -0.087115 0.000000
v -2.790114 -0.117634 0.000000
v -2.856991 -0.174715 0.000000
v -2.893190 -0.273911 0.000000
v -2.341242 -0.123120 0.000000
v -0.784070 0.142020 0.000000
v -2.507011 -0.090106 0.011735
v -1.692584 0.050903 0.011735
v -1.678249 -0.028099 0.000000
v -1.717281 0.020790 0.011735
v -1.749595 0.045312 0.011735
v -1.781068 0.014496 0.011735
v -1.825624 0.037439 0.011735
v -1.857883 0.005898 0.011735
v -1.903030 0.026121 0.011735
v -2.544312 -0.144860 0.011735
v -1.791470 0.073561 0.000000
v -0.690666 0.173392 -0.003021
v -0.745833 0.117213 -0.011735
v -0.793650 0.101949 -0.011735
v -0.840168 0.097220 -0.011735
v -0.886782 0.114100 -0.011735
v -0.944671 0.096444 -0.011735
v -1.037451 0.093818 -0.011735
v -1.169048 0.087957 -0.011735
v -1.529043 0.067110 -0.011735
v -1.932543 -0.002830 -0.011735
v -2.357573 -0.066206 -0.011735
v -2.485553 -0.111149 -0.011735
v -2.568236 -0.172751 -0.011735
v -2.606068 -0.112395 -0.011735
v -2.705016 -0.145317 -0.011735
v -2.710781 -0.203759 -0.011735
v -2.766620 -0.184506 -0.011735
v -2.780757 -0.226132 -0.011735
v -2.507011 -0.090106 -0.011735
v -1.692584 0.050903 -0.011735
v -1.717281 0.020790 -0.011735
v -1.749595 0.045312 -0.011735
v -1.781068 0.014496 -0.011735
v -1.825624 0.037439 -0.011735
v -1.857883 0.005898 -0.011735
v -1.903030 0.026121 -0.011735
v -2.544312 -0.144860 -0.011735
v 0.457669 -0.071197 0.016111
v 0.371516 -0.132080 0.016111
v 0.093834 -0.058148 0.016111
v 0.071365 0.000255 0.016111
v -0.146691 -0.101431 0.016111
v -0.258259 -0.022866 0.016111
v -0.257598 0.013945 0.016111
v -0.118379 0.019041 0.016111
v -0.319720 0.093704 0.016111
v -0.144881 -0.079334 0.016111
v -0.468307 -0.133258 0.016111
v -0.475291 -0.103186 0.016111
v 0.089231 -0.109547 0.016111
v -0.310012 0.070272 0.016111
v 0.457669 -0.071197 -0.016111
v 0.371516 -0.132080 -0.016111
v 0.093834 -0.058148 -0.016111
v 0.071365 0.000255 -0.016111
v -0.146691 -0.101431 -0.016111
v -0.258259 -0.022866 -0.016111
v -0.257598 0.013945 -0.016111
v -0.118379 0.019041 -0.016111
v -0.319720 0.093704 -0.016111
v -0.144881 -0.079334 -0.016111
v -0.468307 -0.133258 -0.016111
v -0.475291 -0.103186 -0.016111
v 0.089231 -0.109547 -0.016111
v -0.310012 0.070272 -0.016111
v 0.146118 -0.071095 0.011558
v 0.149248 -0.038213 0.011558
v -0.473830 -0.114472 0.011558
v -0.340765 0.038387 0.000000
v -0.430261 0.030541 0.000000
v -0.547078 -0.125184 0.011558
v -0.569610 -0.073515 0.011558
v -0.512425 0.053538 0.000000
v -0.626192 -0.038314 0.011558
v -0.567243 0.089439 0.000000
v -0.689331 -0.025739 0.011558
v -0.628027 0.142695 0.004884
v -0.717114 0.070039 0.011559
v -0.752449 -0.040520 0.011558
v -0.782514 0.037914 0.011559
v -0.823926 -0.073293 0.011558
v -0.847897 0.026652 0.011558
v -0.890153 -0.047698 0.011558
v -0.920690 0.046690 0.011558
v -0.938033 0.031146 0.011558
v -0.947177 -0.044404 0.011558
v -0.990017 -0.074862 0.011558
v -1.035767 0.017365 0.011558
v -1.038300 -0.050998 0.011558
v -1.164097 0.012442 0.011558
v -1.170460 -0.042883 0.011558
v -1.481877 0.001712 0.011558
v -1.483030 -0.047676 0.011558
v -0.306235 0.077837 0.006661
v -0.579475 0.078117 0.011558
v -0.526743 0.040571 0.011558
v -0.448984 0.003144 0.011558
v -0.426978 -0.024710 0.011558
v -0.338483 -0.009102 0.011558
v -0.257680 -0.051809 0.011558
v -0.213918 -0.006867 0.011558
v -0.280245 -0.004065 0.011558
v -0.194379 0.027434 0.011558
v -0.313067 0.014135 0.011558
v -0.245731 0.002732 0.011558
v 0.146118 -0.071095 -0.011558
v 0.149248 -0.038213 -0.011558
v -0.473830 -0.114472 -0.011558
v -0.547078 -0.125184 -0.011558
v -0.569610 -0.073515 -0.011558
v -0.626192 -0.038314 -0.011558
v -0.689331 -0.025739 -0.011558
v -0.628027 0.142695 -0.004884
v -0.717114 0.070039 -0.011559
v -0.752449 -0.040520 -0.011558
v -0.782514 0.037914 -0.011559
v -0.823926 -0.073293 -0.011558
v -0.847897 0.026652 -0.011558
v -0.890153 -0.047698 -0.011558
v -0.920690 0.046690 -0.011558
v -0.938033 0.031146 -0.011558
v -0.947177 -0.044404 -0.011558
v -0.990017 -0.074862 -0.011558
v -1.035767 0.017365 -0.011558
v -1.038300 -0.050998 -0.011558
v -1.164097 0.012442 -0.011558
v -1.170460 -0.042883 -0.011558
v -1.481877 0.001712 -0.011558
v -1.483030 -0.047676 -0.011558
v -0.306235 0.077837 -0.006661
v -0.579475 0.078117 -0.011558
v -0.526743 0.040571 -0.011558
v -0.448984 0.003144 -0.011558
v -0.426978 -0.024710 -0.011558
v -0.338483 -0.009102 -0.011558
v -0.257680 -0.051809 -0.011558
v -0.213918 -0.006867 -0.011558
v -0.280245 -0.004065 -0.011558
v -0.194379 0.027434 -0.011558
v -0.313067 0.014135 -0.011558
v -0.245731 0.002732 -0.011558
v -0.628429 0.138608 0.000000
v -0.717136 0.195055 0.000000
v -0.715338 0.063564 0.000000
v -0.690666 0.173392 0.003021
v -0.745833 0.117213 0.011735
v -0.782982 0.033058 0.000000
v -0.848869 0.015396 0.000000
v -0.919017 0.038561 0.000000
v -0.936998 0.022552 0.000000
v -1.033876 0.007864 0.000000
v -1.165441 0.001682 0.000000
v -0.747302 0.164432 0.000000
v -0.793650 0.101949 0.011735
v -0.831208 0.138720 0.000000
v -0.840168 0.097220 0.011735
v -0.869592 0.156465 0.000000
v -0.886782 0.114100 0.011735
v -0.941832 0.127089 0.000000
v -0.944671 0.096444 0.011735
v -1.038653 0.124881 0.000000
v -1.037451 0.093818 0.011735
v -1.169048 0.087957 0.011735
v -1.169742 0.119545 0.000000
v -0.784070 0.142020 0.000000
v -0.690666 0.173392 -0.003021
v -0.745833 0.117213 -0.011735
v -0.793650 0.101949 -0.011735
v -0.840168 0.097220 -0.011735
v -0.886782 0.114100 -0.011735
v -0.944671 0.096444 -0.011735
v -1.037451 0.093818 -0.011735
v -1.169048 0.087957 -0.011735
v -1.481877 0.001712 0.011558
v -1.483030 -0.047676 0.011558
v -1.906998 -0.043247 0.011558
v -1.896911 -0.074966 0.011558
v -2.359228 -0.116976 0.011558
v -2.326462 -0.150115 0.011558
v -1.481877 0.001712 -0.011558
v -1.483030 -0.047676 -0.011558
v -1.906998 -0.043247 -0.011558
v -1.896911 -0.074966 -0.011558
v -2.359228 -0.116976 -0.011558
v -2.326462 -0.150115 -0.011558
v -1.165441 0.001682 0.000000
v -1.169048 0.087957 0.011735
v -1.169742 0.119545 0.000000
v -1.570190 0.093608 0.000000
v -1.529043 0.067110 0.011735
v -1.481772 -0.007598 0.000000
v -1.905128 -0.051545 0.000000
v -1.932543 -0.002830 0.011735
v -2.357573 -0.066206 0.011735
v -2.485553 -0.111149 0.011735
v -2.568236 -0.172751 0.011735
v -2.101570 0.034790 0.000000
v -2.369142 -0.009343 0.000000
v -2.615608 -0.056638 0.000000
v -2.606068 -0.112395 0.011735
v -2.705016 -0.145317 0.011735
v -2.710781 -0.203759 0.011735
v -2.766620 -0.184506 0.011735
v -2.780757 -0.226132 0.011735
v -2.725821 -0.087115 0.000000
v -2.790114 -0.117634 0.000000
v -2.856991 -0.174715 0.000000
v -2.893190 -0.273911 0.000000
v -2.341242 -0.123120 0.000000
v -2.507011 -0.090106 0.011735
v -1.692584 0.050903 0.011735
v -1.678249 -0.028099 0.000000
v -1.717281 0.020790 0.011735
v -1.749595 0.045312 0.011735
v -1.781068 0.014496 0.011735
v -1.825624 0.037439 0.011735
v -1.857883 0.005898 0.011735
v -1.903030 0.026121 0.011735
v -2.544312 -0.144860 0.011735
v -1.791470 0.073561 0.000000
v -1.169048 0.087957 -0.011735
v -1.529043 0.067110 -0.011735
v -1.932543 -0.002830 -0.011735
v -2.357573 -0.066206 -0.011735
v -2.485553 -0.111149 -0.011735
v -2.568236 -0.172751 -0.011735
v -2.606068 -0.112395 -0.011735
v -2.705016 -0.145317 -0.011735
v -2.710781 -0.203759 -0.011735
v -2.766620 -0.184506 -0.011735
v -2.780757 -0.226132 -0.011735
v -2.507011 -0.090106 -0.011735
v -1.692584 0.050903 -0.011735
v -1.717281 0.020790 -0.011735
v -1.749595 0.045312 -0.011735
v -1.781068 0.014496 -0.011735
v -1.825624 0.037439 -0.011735
v -1.857883 0.005898 -0.011735
v -1.903030 0.026121 -0.011735
v -2.544312 -0.144860 -0.011735
v 0.000000 0.707107 0.000000
v 0.707107 0.000000 0.000000
v -0.707107 0.000000 0.000000
v 0.000000 -0.707106 0.000000
v 0.000000 0.556562 0.040000
v 0.556562 0.000000 0.040000
v -0.556561 0.000000 0.040000
v 0.000000 -0.556561 0.040000
v 0.000000 0.707107 0.000000
v 0.707107 0.000000 0.000000
v -0.707107 0.000000 0.000000
v 0.000000 -0.707106 0.000000
v 0.000000 0.556562 -0.040000
v 0.556562 0.000000 -0.040000
v -0.556561 0.000000 -0.040000
v 0.000000 -0.556561 -0.040000
# 1778 vertices

vt 0.00890 0.99118
vt 0.00713 0.99294
vt 0.01242 0.99294
vt 0.01066 0.99118
vt 0.01242 0.98766
vt 0.01066 0.98942
vt 0.00713 0.98766
vt 0.00890 0.98942
vt 0.23209 0.88428
vt 0.15123 0.80341
vt 0.07036 0.88428
vt 0.15123 0.96514
vt 0.01239 0.98479
vt 0.00718 0.98479
vt 0.00892 0.98305
vt 0.01066 0.98305
vt 0.01239 0.97957
vt 0.01066 0.98133
vt 0.00718 0.97957
vt 0.00892 0.98133
vt 0.87347 0.96079
vt 0.76440 0.94572
vt 0.79043 0.88618
vt 0.86580 0.87924
vt 0.83924 0.83984
vt 0.88755 0.79582
vt 0.69439 0.83844
vt 0.66300 0.83897
vt 0.52900 0.77477
vt 0.74174 0.81306
vt 0.56909 0.77213
vt 0.71732 0.88733
vt 0.85750 0.79875
vt 0.79337 0.81171
vt 0.60406 0.20740
vt 0.58876 0.16812
vt 0.58056 0.19858
vt 0.56315 0.15934
vt 0.55765 0.19748
vt 0.54097 0.17193
vt 0.53305 0.20832
vt 0.52663 0.20338
vt 0.52136 0.17584
vt 0.50570 0.16657
vt 0.49247 0.20288
vt 0.48968 0.17768
vt 0.44798 0.20709
vt 0.44424 0.18690
vt 0.33786 0.21806
vt 0.33608 0.19982
vt 0.18969 0.22140
vt 0.19229 0.20918
vt 0.61099 0.17062
vt 0.65185 0.20392
vt 0.63246 0.16300
vt 0.04260 0.71684
vt 0.04123 0.71420
vt 0.02577 0.72882
vt 0.66902 0.18753
vt 0.65103 0.14730
vt 0.05759 0.70937
vt 0.05579 0.70625
vt 0.07857 0.70604
vt 0.65737 0.12711
vt 0.69485 0.17002
vt 0.68299 0.12763
vt 0.09983 0.71079
vt 0.07640 0.69909
vt 0.08306 0.69266
vt 0.70168 0.15867
vt 0.73270 0.16029
vt 0.10371 0.69937
vt 0.75943 0.14067
vt 0.22389 0.69847
vt 0.13680 0.71312
vt 0.22307 0.70695
vt 0.13373 0.70377
vt 0.10688 0.72227
vt 0.10874 0.70608
vt 0.12557 0.70524
vt 0.11755 0.70245
vt 0.12531 0.69096
vt 0.75296 0.15941
vt 0.74213 0.16770
vt 0.76508 0.16031
vt 0.07605 0.66833
vt 0.74556 0.19076
vt 0.78352 0.16704
vt 0.63591 0.22984
vt 0.07425 0.64415
vt 0.04766 0.66378
vt 0.09201 0.69321
vt 0.10290 0.66676
vt 0.75952 0.46964
vt 0.76722 0.48246
vt 0.77271 0.47802
vt 0.76002 0.47790
vt 0.12577 0.67099
vt 0.12489 0.70329
vt 0.74868 0.46819
vt 0.73830 0.46855
vt 0.74100 0.47554
vt 0.73282 0.47960
vt 0.72828 0.47266
vt 0.71632 0.47631
vt 0.71516 0.47105
vt 0.69485 0.47837
vt 0.69458 0.47294
vt 0.14744 0.67045
vt 0.15622 0.70756
vt 0.18712 0.69281
vt 0.16789 0.65996
vt 0.19554 0.66470
vt 0.19632 0.69913
vt 0.24172 0.70022
vt 0.23835 0.66049
vt 0.30258 0.69539
vt 0.29920 0.65550
vt 0.66536 0.47524
vt 0.66575 0.48076
vt 0.57668 0.48636
vt 0.58533 0.48071
vt 0.46595 0.64407
vt 0.44857 0.68118
vt 0.39966 0.47845
vt 0.45806 0.48955
vt 0.49482 0.47874
vt 0.39808 0.48864
vt 0.34272 0.48663
vt 0.98126 0.55549
vt 0.02342 0.53831
vt 0.12971 0.55385
vt 0.64560 0.53406
vt 0.16505 0.52753
vt 0.56032 0.52313
vt 0.32140 0.47346
vt 0.34387 0.47669
vt 0.31780 0.48411
vt 0.30708 0.46820
vt 0.30304 0.48043
vt 0.28725 0.47218
vt 0.27752 0.45583
vt 0.30323 0.46131
vt 0.75149 0.47492
vt 0.36617 0.47806
vt 0.35474 0.56878
vt 0.69110 0.57049
vt 0.80231 0.59073
vt 0.64580 0.67667
vt 0.85469 0.65700
vt 0.65556 0.65267
vt 0.85051 0.68412
vt 0.91616 0.67019
vt 0.53614 0.48249
vt 0.54885 0.48202
vt 0.54287 0.47741
vt 0.58490 0.65355
vt 0.56863 0.64122
vt 0.55520 0.65438
vt 0.51918 0.48304
vt 0.52864 0.47792
vt 0.62072 0.65302
vt 0.60405 0.64040
vt 0.50185 0.48303
vt 0.64030 0.64108
vt 0.51149 0.47837
vt 0.94515 0.68226
vt 0.95778 0.69369
vt 0.78538 0.56042
vt 0.52736 0.48847
vt 0.54011 0.67914
vt 0.54209 0.64198
vt 0.38867 0.06508
vt 0.48706 0.11881
vt 0.49449 0.06488
vt 0.60813 0.05421
vt 0.63148 0.07289
vt 0.63805 0.11986
vt 0.67348 0.07882
vt 0.67400 0.11936
vt 0.73408 0.11820
vt 0.72810 0.06687
vt 0.75336 0.07274
vt 0.78336 0.11634
vt 0.77791 0.06803
vt 0.79615 0.09003
vt 0.80287 0.05362
vt 0.82625 0.07419
vt 0.37336 0.09098
vt 0.36212 0.11982
vt 0.43628 0.12195
vt 0.32634 0.09520
vt 0.30436 0.06426
vt 0.27879 0.07631
vt 0.20912 0.06131
vt 0.29972 0.10045
vt 0.22230 0.11204
vt 0.32376 0.11779
vt 0.26832 0.08556
vt 0.19190 0.08655
vt 0.11721 0.05435
vt 0.11866 0.06440
vt 0.04943 0.04770
vt 0.05217 0.06183
vt 0.06069 0.06942
vt 0.03976 0.05720
vt 0.70241 0.07439
vt 0.43336 0.17246
vt 0.57865 0.22937
vt 0.57799 0.16917
vt 0.69041 0.16266
vt 0.71375 0.18134
vt 0.72032 0.22831
vt 0.75576 0.18727
vt 0.81300 0.22698
vt 0.83564 0.18120
vt 0.81037 0.17532
vt 0.86564 0.22479
vt 0.86018 0.17648
vt 0.87842 0.19848
vt 0.88514 0.16207
vt 0.90852 0.18264
vt 0.44017 0.22645
vt 0.29893 0.17050
vt 0.27417 0.19500
vt 0.30457 0.22049
vt 0.19948 0.16280
vt 0.20094 0.17285
vt 0.13170 0.15615
vt 0.27841 0.21825
vt 0.25480 0.19662
vt 0.19284 0.17981
vt 0.14296 0.17787
vt 0.30539 0.22735
vt 0.57873 0.24037
vt 0.72039 0.24384
vt 0.81456 0.24307
vt 0.87774 0.24256
vt 0.72902 0.16947
vt 0.75861 0.17875
vt 0.81718 0.16058
vt 0.84097 0.16710
vt 0.85935 0.16436
vt 0.88687 0.15267
vt 0.91986 0.17477
vt 0.93115 0.18218
vt 0.87674 0.22008
vt 0.89069 0.23233
vt 0.88890 0.21423
vt 0.91273 0.18796
vt 0.88333 0.20638
vt 0.69040 0.14649
vt 0.57806 0.15619
vt 0.43204 0.16260
vt 0.30017 0.16139
vt 0.19963 0.15608
vt 0.12264 0.14880
vt 0.12203 0.16565
vt 0.10476 0.16688
vt 0.13801 0.19451
vt 0.70702 0.14607
vt 0.78343 0.17901
vt 0.78489 0.18306
vt 0.91182 0.36759
vt 0.51362 0.37372
vt 0.64145 0.39408
vt 0.75057 0.35111
vt 0.88025 0.30844
vt 0.74733 0.30884
vt 0.63990 0.26383
vt 0.62206 0.42030
vt 0.77052 0.36930
vt 0.42032 0.37498
vt 0.53358 0.39191
vt 0.59500 0.35533
vt 0.76729 0.32704
vt 0.63645 0.32696
vt 0.65985 0.28203
vt 0.64202 0.43850
vt 0.92580 0.39915
vt 0.42833 0.37283
vt 0.75112 0.41880
vt 0.96726 0.37077
vt 0.87084 0.34936
vt 0.99066 0.32585
vt 0.97282 0.48231
vt 0.65455 0.32579
vt 0.73205 0.34548
vt 0.84367 0.36462
vt 0.68398 0.35467
vt 0.41711 0.37563
vt 0.85189 0.33604
vt 0.71751 0.33579
vt 0.65383 0.31404
vt 0.53164 0.39015
vt 0.71925 0.31404
vt 0.50162 0.29117
vt 0.88255 0.35977
vt 0.51953 0.37189
vt 0.73905 0.38333
vt 0.67897 0.35211
vt 0.81227 0.34110
vt 0.61317 0.33528
vt 0.63258 0.32085
vt 0.49427 0.32381
vt 0.36139 0.30061
vt 0.33750 0.31320
vt 0.04929 0.30233
vt 0.53742 0.38272
vt 0.45727 0.37380
vt 0.75980 0.36648
vt 0.60449 0.36362
vt 0.65211 0.33174
vt 0.53438 0.33716
vt 0.41376 0.31853
vt 0.03135 0.21536
vt 0.04175 0.20155
vt 0.44175 0.23666
vt 0.62978 0.47970
vt 0.62934 0.47770
vt 0.37899 0.67139
vt 0.38264 0.68760
vt 0.63051 0.48298
vt 0.37426 0.65035
vt 0.05352 0.39954
vt -0.07188 0.56782
vt 0.03591 0.57389
vt 0.92812 0.56782
vt 1.02783 0.70997
vt 1.03591 0.57389
vt 0.98953 0.73602
vt 0.91075 0.73843
vt 0.97243 0.78586
vt 0.90171 0.85016
vt 0.96978 0.88269
vt 0.98656 0.85110
vt 0.89834 0.91380
vt 0.97399 0.91250
vt 0.93335 0.93213
vt 0.99593 0.94432
vt 0.95410 0.97045
vt -0.04680 0.40145
vt 0.07653 0.23803
vt 0.03858 0.20504
vt -0.01359 0.23873
vt 0.10013 0.11934
vt 0.08382 0.11952
vt 0.11510 0.03826
vt -0.01383 0.20477
vt 0.04480 0.17897
vt 0.09409 0.10764
vt 0.09804 0.05104
vt 0.98617 0.20477
vt 0.94995 0.23736
vt 0.98641 0.23873
vt 0.87563 0.56606
vt 0.84869 0.73616
vt 0.84797 0.84979
vt 0.84367 0.92735
vt 1.01939 0.75852
vt 0.99352 0.79172
vt 1.02742 0.86139
vt 1.00223 0.89124
vt 1.00456 0.91193
vt 1.02908 0.94843
vt 0.96304 0.98786
vt 0.93168 1.00000
vt 0.90295 0.92785
vt 0.85724 0.94757
vt 0.88962 0.94662
vt 0.91513 0.97742
vt 0.92062 0.93744
vt 0.08054 0.71189
vt 0.02783 0.70997
vt 0.09090 0.57559
vt 0.10504 0.39946
vt 0.12646 0.24123
vt 0.14508 0.12115
vt 0.15709 0.02673
vt 0.10363 0.02457
vt 0.14217 0.00000
vt 0.08584 0.04160
vt 1.07619 0.73389
vt 0.98673 0.82007
vt 0.95320 0.40145
vt 1.05352 0.39954
vt 1.07653 0.23803
vt -0.01047 0.73602
vt 0.07619 0.73389
vt 0.97511 0.82121
vt 0.46409 0.57389
vt 0.57188 0.56782
vt 0.44648 0.39954
vt 0.47217 0.70997
vt 0.51047 0.73602
vt 0.58925 0.73843
vt 0.52757 0.78586
vt 0.51344 0.85110
vt 0.53022 0.88269
vt 0.59829 0.85016
vt 0.60166 0.91380
vt 0.52601 0.91250
vt 0.56665 0.93213
vt 0.50407 0.94432
vt 0.54590 0.97045
vt 0.54680 0.40145
vt 0.51359 0.23873
vt 0.46142 0.20504
vt 0.42347 0.23803
vt 0.39987 0.11934
vt 0.41618 0.11952
vt 0.38490 0.03826
vt 0.51383 0.20477
vt 0.45520 0.17897
vt 0.40591 0.10764
vt 0.40196 0.05104
vt 0.55005 0.23736
vt 0.62437 0.56606
vt 0.65131 0.73616
vt 0.65203 0.84979
vt 0.65633 0.92735
vt 0.48061 0.75852
vt 0.50648 0.79172
vt 0.47258 0.86139
vt 0.49777 0.89124
vt 0.49544 0.91193
vt 0.47092 0.94843
vt 0.53696 0.98786
vt 0.56832 1.00000
vt 0.59705 0.92785
vt 0.64276 0.94757
vt 0.61038 0.94662
vt 0.58487 0.97742
vt 0.57938 0.93744
vt 0.41946 0.71189
vt 0.40910 0.57559
vt 0.39496 0.39946
vt 0.37354 0.24123
vt 0.35492 0.12115
vt 0.34291 0.02673
vt 0.39637 0.02457
vt 0.35783 0.00000
vt 0.41416 0.04160
vt 0.42381 0.73389
vt 0.51327 0.82007
vt 0.52489 0.82121
vt 0.89447 0.40136
vt 0.60553 0.40136
vt 1.48061 0.75852
vt -0.01344 0.85110
vt 0.02742 0.86139
vt 0.00223 0.89124
vt 0.00456 0.91193
vt 0.02908 0.94843
vt 0.01939 0.75852
# 455 texture vertices

vn -0.08528 0.25586 0.96295
vn 0.25586 0.08529 0.96295
vn -0.25585 -0.08529 0.96295
vn 0.08529 -0.25586 0.96295
vn 0.06396 0.19188 0.97933
vn 0.15315 -0.05105 0.98688
vn -0.15315 0.05105 0.98688
vn -0.06396 -0.19188 0.97933
vn -0.08528 0.25586 -0.96295
vn 0.25586 0.08529 -0.96295
vn -0.25585 -0.08529 -0.96295
vn 0.08529 -0.25586 -0.96295
vn 0.06396 0.19188 -0.97933
vn 0.15315 -0.05105 -0.98688
vn -0.15315 0.05105 -0.98688
vn -0.06396 -0.19188 -0.97933
vn 0.00000 0.00000 1.00000
vn 0.00000 0.00000 -1.00000
vn -0.07709 -0.04039 0.99621
vn -0.04720 -0.25531 0.96571
vn -0.39901 -0.19755 0.89541
vn -0.57839 -0.10018 0.80959
vn -0.77653 0.10200 0.62177
vn -0.38134 0.04687 0.92324
vn -0.01621 -0.01875 0.99969
vn 0.00064 -0.14346 0.98966
vn -0.24118 0.02267 0.97022
vn -0.32465 -0.03106 0.94533
vn -0.11022 -0.04730 0.99278
vn -0.06602 -0.04074 0.99699
vn -0.01166 -0.09750 0.99517
vn -0.03274 -0.02768 0.99908
vn 0.04527 -0.16218 0.98572
vn -0.01293 -0.01599 0.99979
vn -0.07708 -0.04038 -0.99621
vn 0.00000 0.00001 -1.00000
vn -0.38133 0.04686 -0.92325
vn -0.01621 -0.01873 -0.99969
vn 0.00000 0.00001 -1.00000
vn 0.00001 0.00000 -1.00000
vn 0.00001 -0.00000 -1.00000
vn 0.00001 -0.00001 -1.00000
vn 0.00065 -0.14345 -0.98966
vn -0.24117 0.02267 -0.97022
vn -0.32462 -0.03106 -0.94533
vn -0.11021 -0.04729 -0.99278
vn -0.06601 -0.04073 -0.99699
vn -0.01166 -0.09749 -0.99517
vn -0.03273 -0.02768 -0.99908
vn 0.04527 -0.16216 -0.98573
vn -0.01293 -0.01599 -0.99979
vn -0.00689 0.05626 0.99839
vn -0.01678 -0.25142 0.96773
vn -0.02185 0.18557 0.98239
vn -0.10363 0.08968 0.99056
vn -0.04860 -0.10991 0.99275
vn 0.06728 0.15508 0.98561
vn 0.10532 0.09513 0.98988
vn 0.08322 0.12648 0.98847
vn 0.02690 0.18583 0.98221
vn 0.08999 0.11083 0.98976
vn 0.09364 0.10357 0.99021
vn 0.03210 -0.35923 0.93270
vn -0.04470 -0.04259 0.99809
vn -0.21833 -0.16416 0.96197
vn -0.03902 0.00361 0.99923
vn -0.21767 -0.15814 0.96313
vn -0.05644 -0.11931 0.99125
vn -0.16062 -0.32958 0.93036
vn -0.06229 -0.03539 0.99743
vn -0.24141 -0.25880 0.93528
vn -0.04259 -0.04533 0.99806
vn -0.13161 -0.14923 0.98000
vn -0.23089 -0.26217 0.93699
vn -0.22766 -0.27931 0.93282
vn -0.03808 -0.05025 0.99801
vn 0.07641 0.12024 0.98980
vn 0.12270 0.17848 0.97626
vn 0.03420 0.02194 0.99917
vn -0.01822 -0.01883 0.99966
vn 0.01534 0.07254 0.99725
vn -0.00713 0.02695 0.99961
vn -0.09653 -0.17763 0.97935
vn -0.10333 -0.17415 0.97928
vn -0.09325 -0.18937 0.97747
vn -0.02782 -0.06599 0.99743
vn -0.02581 -0.10243 0.99440
vn 0.02649 -0.13614 0.99033
vn 0.04955 -0.08077 0.99550
vn -0.03820 -0.19504 0.98005
vn -0.00316 -0.19840 0.98012
vn 0.06202 -0.19157 0.97952
vn 0.09868 -0.16375 0.98155
vn 0.03834 0.15982 0.98640
vn -0.10488 -0.28461 0.95289
vn -0.05497 -0.09638 0.99383
vn -0.09866 -0.11010 0.98901
vn 0.13131 0.17500 0.97577
vn 0.04898 0.08564 0.99512
vn -0.08442 -0.11121 0.99020
vn 0.05245 0.07006 0.99616
vn -0.08220 -0.11692 0.98973
vn 0.06561 0.08916 0.99385
vn -0.07570 -0.13769 0.98758
vn -0.00385 0.06773 0.99770
vn -0.20493 -0.28024 0.93780
vn -0.10363 0.08968 -0.99056
vn -0.04860 -0.10991 -0.99275
vn -0.04470 -0.04259 -0.99809
vn -0.03902 0.00361 -0.99923
vn -0.05644 -0.11931 -0.99125
vn -0.06229 -0.03539 -0.99743
vn -0.04259 -0.04533 -0.99806
vn -0.13161 -0.14923 -0.98000
vn -0.03808 -0.05025 -0.99801
vn 0.03420 0.02194 -0.99917
vn -0.01822 -0.01883 -0.99966
vn 0.01534 0.07254 -0.99725
vn -0.00713 0.02695 -0.99961
vn -0.02782 -0.06599 -0.99743
vn -0.02581 -0.10243 -0.99440
vn 0.02649 -0.13614 -0.99033
vn 0.04955 -0.08077 -0.99550
vn -0.05497 -0.09638 -0.99383
vn -0.09866 -0.11010 -0.98901
vn 0.04898 0.08564 -0.99512
vn -0.08442 -0.11121 -0.99020
vn 0.05245 0.07006 -0.99616
vn -0.08220 -0.11692 -0.98973
vn 0.06561 0.08916 -0.99385
vn -0.07570 -0.13769 -0.98758
vn -0.00385 0.06773 -0.99770
vn -0.07638 0.06552 -0.99492
vn 0.05344 -0.05013 -0.99731
vn -0.06040 0.04237 -0.99727
vn -0.01489 0.02031 -0.99968
vn -0.00449 0.02372 -0.99971
vn 0.04864 -0.04399 -0.99785
vn -0.04880 0.04710 -0.99770
vn -0.06025 0.04344 -0.99724
vn 0.04295 -0.03640 -0.99841
vn -0.04228 0.04365 -0.99815
vn 0.04190 -0.02467 -0.99882
vn -0.05573 0.01116 -0.99838
vn -0.03808 0.02393 -0.99899
vn 0.03822 0.02304 -0.99900
vn 0.06640 -0.06617 -0.99560
vn -0.06873 0.06815 -0.99530
vn 0.03291 -0.07054 -0.99697
vn 0.00899 -0.05243 -0.99858
vn -0.09278 0.10543 -0.99009
vn 0.03494 -0.04796 -0.99824
vn -0.12275 0.08360 -0.98891
vn 0.05056 -0.07911 -0.99558
vn -0.06792 -0.08472 -0.99409
vn 0.01901 -0.11287 -0.99343
vn 0.03628 -0.11241 -0.99300
vn 0.09151 -0.09891 -0.99088
vn 0.10377 -0.13673 -0.98516
vn 0.14226 -0.13913 -0.98000
vn 0.12431 -0.11722 -0.98529
vn 0.09861 -0.08941 -0.99110
vn 0.09541 -0.08126 -0.99212
vn 0.07505 -0.06826 -0.99484
vn -0.07252 0.04539 -0.99633
vn -0.02126 0.06194 -0.99785
vn -0.05137 0.07367 -0.99596
vn -0.07017 0.10377 -0.99212
vn -0.09672 0.05170 -0.99397
vn -0.10915 0.00112 -0.99402
vn -0.05714 0.04116 -0.99752
vn -0.00505 0.07252 -0.99735
vn 0.04181 0.01787 -0.99897
vn 0.04348 -0.00154 -0.99905
vn 0.03694 -0.02607 -0.99898
vn 0.07607 0.04488 -0.99609
vn 0.10020 0.00680 -0.99494
vn 0.03934 0.01973 -0.99903
vn -0.14624 0.10636 -0.98352
vn -0.16794 0.14812 -0.97460
vn -0.17416 0.18153 -0.96784
vn -0.20107 0.23257 -0.95157
vn -0.21020 0.03595 -0.97700
vn -0.10903 -0.14682 -0.98314
vn 0.00891 -0.18435 -0.98282
vn -0.00995 0.04219 -0.99906
vn -0.13166 0.06714 -0.98902
vn -0.06598 0.02804 -0.99743
vn -0.05725 -0.05078 -0.99707
vn 0.00113 0.00098 -1.00000
vn 0.00115 0.00096 -1.00000
vn -0.01759 -0.01563 -0.99972
vn -0.02753 -0.02442 -0.99932
vn -0.17159 0.02729 -0.98479
vn 0.00000 0.00000 -1.00000
vn 0.00170 -0.00008 -1.00000
vn -0.04466 0.01289 -0.99892
vn 0.00279 0.01063 -0.99994
vn -0.00609 0.02181 -0.99974
vn -0.11986 0.02209 -0.99254
vn -0.17205 0.04654 -0.98399
vn -0.07637 0.06551 0.99493
vn 0.05344 -0.05013 0.99731
vn -0.06040 0.04237 0.99727
vn -0.01489 0.02031 0.99968
vn -0.00449 0.02372 0.99971
vn 0.04864 -0.04399 0.99785
vn -0.04880 0.04710 0.99770
vn -0.06025 0.04344 0.99724
vn 0.04295 -0.03640 0.99841
vn -0.04228 0.04365 0.99815
vn 0.04190 -0.02467 0.99882
vn -0.05573 0.01116 0.99838
vn -0.03810 0.02394 0.99899
vn 0.03821 0.02305 0.99900
vn 0.06640 -0.06618 0.99560
vn -0.06873 0.06815 0.99531
vn 0.03292 -0.07056 0.99696
vn 0.00899 -0.05245 0.99858
vn -0.09278 0.10543 0.99009
vn 0.04079 -0.05598 0.99760
vn -0.10221 0.06961 0.99232
vn 0.03793 -0.05934 0.99752
vn -0.08153 -0.10169 0.99147
vn 0.01901 -0.11291 0.99342
vn 0.03629 -0.11245 0.99299
vn 0.09154 -0.09895 0.99087
vn 0.10379 -0.13676 0.98515
vn 0.14226 -0.13913 0.98000
vn 0.12431 -0.11722 0.98529
vn 0.09861 -0.08941 0.99110
vn 0.09541 -0.08126 0.99212
vn 0.07505 -0.06826 0.99484
vn -0.07252 0.04539 0.99633
vn -0.02126 0.06194 0.99785
vn -0.05137 0.07367 0.99596
vn -0.07017 0.10377 0.99212
vn -0.09672 0.05171 0.99397
vn -0.10918 0.00114 0.99402
vn -0.05717 0.04119 0.99751
vn -0.00507 0.07256 0.99735
vn 0.04180 0.01788 0.99897
vn 0.04348 -0.00154 0.99905
vn 0.03694 -0.02607 0.99898
vn 0.07607 0.04488 0.99609
vn 0.10020 0.00680 0.99494
vn 0.03934 0.01973 0.99903
vn -0.14623 0.10635 0.98352
vn -0.16793 0.14811 0.97461
vn -0.17416 0.18153 0.96784
vn -0.20107 0.23257 0.95157
vn -0.21019 0.03595 0.97700
vn -0.10903 -0.14682 0.98314
vn 0.00891 -0.18435 0.98282
vn -0.00995 0.04219 0.99906
vn -0.13166 0.06714 0.98902
vn -0.06598 0.02804 0.99743
vn -0.05727 -0.05079 0.99707
vn 0.00114 0.00098 1.00000
vn 0.00116 0.00097 1.00000
vn -0.01758 -0.01563 0.99972
vn -0.02753 -0.02442 0.99932
vn -0.17159 0.02729 0.98479
vn 0.00000 0.00000 1.00000
vn 0.00169 -0.00008 1.00000
vn -0.04468 0.01288 0.99892
vn 0.00277 0.01062 0.99994
vn -0.00610 0.02180 0.99974
vn -0.11986 0.02209 0.99254
vn -0.17205 0.04654 0.98399
vn 0.04039 -0.07709 0.99621
vn 0.25531 -0.04720 0.96571
vn 0.19756 -0.39903 0.89541
vn 0.10018 -0.57841 0.80957
vn -0.10200 -0.77653 0.62177
vn -0.04687 -0.38134 0.92324
vn 0.01875 -0.01621 0.99969
vn 0.14347 0.00064 0.98966
vn -0.02267 -0.24118 0.97022
vn 0.03106 -0.32466 0.94532
vn 0.04730 -0.11022 0.99278
vn 0.04073 -0.06602 0.99699
vn 0.09750 -0.01166 0.99517
vn 0.02768 -0.03274 0.99908
vn 0.16218 0.04527 0.98572
vn 0.01599 -0.01293 0.99979
vn 0.04038 -0.07707 -0.99621
vn -0.00001 0.00000 -1.00000
vn -0.04686 -0.38133 -0.92325
vn 0.01873 -0.01621 -0.99969
vn -0.00001 0.00000 -1.00000
vn -0.00000 0.00001 -1.00000
vn 0.00000 0.00001 -1.00000
vn 0.00001 0.00001 -1.00000
vn 0.14345 0.00065 -0.98966
vn -0.02267 -0.24117 -0.97022
vn 0.03106 -0.32463 -0.94533
vn 0.04729 -0.11021 -0.99278
vn 0.04073 -0.06601 -0.99699
vn 0.09749 -0.01166 -0.99517
vn 0.02768 -0.03273 -0.99908
vn 0.16216 0.04527 -0.98573
vn 0.01599 -0.01293 -0.99979
vn -0.05626 -0.00689 0.99839
vn 0.25143 -0.01678 0.96773
vn -0.18557 -0.02185 0.98239
vn -0.08968 -0.10363 0.99056
vn 0.10992 -0.04860 0.99275
vn -0.15508 0.06728 0.98561
vn -0.09513 0.10532 0.98988
vn -0.12648 0.08322 0.98847
vn -0.18583 0.02690 0.98221
vn -0.11083 0.08999 0.98976
vn -0.10057 0.09049 0.99081
vn 0.35923 0.03211 0.93270
vn 0.04259 -0.04470 0.99809
vn 0.16416 -0.21833 0.96197
vn -0.00361 -0.03902 0.99923
vn 0.15814 -0.21767 0.96313
vn 0.11932 -0.05644 0.99125
vn 0.32958 -0.16063 0.93036
vn 0.03540 -0.06230 0.99743
vn 0.25880 -0.24142 0.93527
vn 0.04533 -0.04259 0.99806
vn 0.14394 -0.13095 0.98088
vn 0.25764 -0.23545 0.93712
vn 0.28461 -0.10488 0.95289
vn -0.08968 -0.10363 -0.99056
vn 0.10992 -0.04860 -0.99275
vn 0.04259 -0.04470 -0.99809
vn -0.00361 -0.03902 -0.99923
vn 0.11932 -0.05644 -0.99125
vn 0.03539 -0.06230 -0.99743
vn 0.04533 -0.04259 -0.99806
vn 0.14394 -0.13095 -0.98088
vn 0.26835 0.23524 0.93416
vn 0.27098 0.24058 0.93204
vn -0.15464 -0.15164 0.97626
vn -0.03777 -0.01497 0.99917
vn 0.02149 0.01499 0.99966
vn -0.02897 -0.06826 0.99725
vn 0.00183 -0.02782 0.99961
vn 0.12880 0.15583 0.97935
vn 0.13480 0.15111 0.97928
vn 0.12783 0.16798 0.97747
vn 0.03995 0.05943 0.99743
vn 0.04497 0.09559 0.99440
vn 0.00010 0.13870 0.99033
vn -0.03315 0.08878 0.99550
vn 0.07489 0.18410 0.98005
vn 0.04114 0.19412 0.98012
vn -0.02414 0.19991 0.97952
vn -0.06545 0.17963 0.98155
vn -0.06827 -0.14950 0.98640
vn 0.07243 0.08405 0.99383
vn 0.26497 0.23300 0.93568
vn -0.16118 -0.14680 0.97595
vn 0.17343 0.15477 0.97261
vn -0.05300 -0.04891 0.99740
vn 0.10309 0.09899 0.98973
vn -0.08149 -0.07493 0.99385
vn 0.10069 0.12062 0.98758
vn -0.00921 -0.06721 0.99770
vn 0.25486 0.23575 0.93780
vn 0.27098 0.24058 -0.93204
vn -0.03777 -0.01497 -0.99917
vn 0.02149 0.01499 -0.99966
vn -0.02897 -0.06826 -0.99725
vn 0.00183 -0.02782 -0.99961
vn 0.03995 0.05943 -0.99743
vn 0.04497 0.09559 -0.99440
vn 0.00010 0.13870 -0.99033
vn -0.03315 0.08877 -0.99550
vn 0.07243 0.08405 -0.99383
vn 0.26497 0.23300 -0.93568
vn 0.17343 0.15477 -0.97261
vn -0.05300 -0.04891 -0.99740
vn 0.10309 0.09899 -0.98973
vn -0.08149 -0.07493 -0.99385
vn 0.10069 0.12062 -0.98758
vn -0.00921 -0.06721 -0.99770
vn -0.09734 0.11159 0.98898
vn -0.10743 0.09018 0.99011
vn -0.05878 0.03529 0.99765
vn -0.14492 0.16494 0.97560
vn -0.07409 0.06514 0.99512
vn -0.07265 0.08340 0.99386
vn -0.09734 0.11159 -0.98898
vn -0.05878 0.03529 -0.99765
vn -0.07409 0.06514 -0.99512
vn -0.07265 0.08340 -0.99386
vn -0.10693 -0.09194 0.99001
vn 0.17924 0.16159 0.97044
vn 0.25916 0.23491 0.93683
vn 0.08777 0.07916 -0.99299
vn -0.10985 -0.09304 0.98958
vn 0.27102 0.24300 0.93140
vn 0.25915 0.23490 0.93683
vn 0.26707 0.24031 -0.93323
vn 0.09406 0.08349 -0.99206
vn 0.02772 0.02460 0.99931
vn -0.11859 -0.09634 0.98826
vn -0.10693 -0.09193 -0.99001
vn -0.26056 -0.26091 0.92953
vn 0.01376 0.00885 0.99987
vn 0.11292 0.10292 0.98826
vn -0.08485 -0.08684 -0.99260
vn 0.10438 0.09913 0.98959
vn -0.25678 -0.25801 0.93140
vn -0.24539 -0.24925 0.93683
vn -0.26056 -0.26091 -0.92953
vn -0.08917 -0.08870 -0.99206
vn -0.15137 -0.15057 0.97694
vn 0.11292 0.10292 0.98826
vn 0.10722 0.10039 -0.98915
vn 0.08528 0.25586 -0.96295
vn -0.25586 0.08529 -0.96295
vn 0.25585 -0.08529 -0.96295
vn -0.08529 -0.25586 -0.96295
vn -0.06396 0.19188 -0.97933
vn -0.15315 -0.05105 -0.98688
vn 0.15315 0.05105 -0.98688
vn 0.06396 -0.19188 -0.97933
vn 0.08528 0.25586 0.96295
vn -0.25586 0.08529 0.96295
vn 0.25585 -0.08529 0.96295
vn -0.08529 -0.25586 0.96295
vn -0.06396 0.19188 0.97933
vn -0.15315 -0.05105 0.98688
vn 0.15315 0.05105 0.98688
vn 0.06396 -0.19188 0.97933
vn 0.00762 -0.09986 0.99497
vn -0.00764 0.07228 0.99736
vn 0.00092 -0.07370 0.99728
vn 0.00555 -0.02368 0.99970
vn 0.01117 -0.01696 0.99979
vn -0.00607 0.06486 0.99788
vn 0.00769 -0.06673 0.99774
vn 0.00156 -0.07421 0.99724
vn -0.00404 0.05591 0.99843
vn 0.00820 -0.05940 0.99820
vn 0.00191 0.04849 0.99882
vn -0.01423 -0.05243 0.99852
vn -0.00092 -0.04493 0.99899
vn 0.02633 0.01883 0.99948
vn -0.01159 0.09197 0.99569
vn 0.01181 -0.09502 0.99541
vn -0.02615 0.06669 0.99743
vn -0.02506 0.03674 0.99901
vn 0.02322 -0.13587 0.99045
vn -0.01321 0.05575 0.99836
vn 0.00039 -0.14849 0.98891
vn -0.02439 0.08609 0.99599
vn -0.07083 -0.00916 0.99745
vn -0.05411 0.07890 0.99541
vn -0.04755 0.09292 0.99454
vn -0.02015 0.13105 0.99117
vn -0.03614 0.16241 0.98606
vn -0.02341 0.19559 0.98041
vn -0.01811 0.16847 0.98554
vn -0.01243 0.13161 0.99122
vn -0.00919 0.12441 0.99219
vn -0.00959 0.10028 0.99491
vn -0.00185 -0.08543 0.99634
vn 0.02571 -0.05220 0.99831
vn 0.02110 -0.08370 0.99627
vn 0.03053 -0.11611 0.99277
vn -0.00723 -0.10899 0.99402
vn -0.03907 -0.09118 0.99507
vn 0.00146 -0.07032 0.99752
vn 0.03733 -0.04470 0.99830
vn 0.02483 0.02466 0.99939
vn 0.01496 0.03691 0.99921
vn -0.00067 0.04517 0.99898
vn 0.05192 0.03807 0.99793
vn 0.04010 0.07929 0.99604
vn 0.02496 0.02161 0.99945
vn 0.00428 -0.18053 0.98356
vn 0.01894 -0.22187 0.97489
vn 0.03473 -0.24582 0.96869
vn 0.05257 -0.29696 0.95344
vn -0.05731 -0.19446 0.97924
vn -0.11997 -0.00848 0.99274
vn -0.09692 0.11096 0.98909
vn 0.01916 -0.03179 0.99931
vn -0.01160 -0.14660 0.98913
vn -0.00884 -0.07036 0.99748
vn -0.04827 -0.01916 0.99865
vn 0.00095 0.00040 1.00000
vn 0.00095 0.00042 1.00000
vn -0.01483 -0.00586 0.99987
vn -0.02320 -0.00921 0.99969
vn -0.04766 -0.15766 0.98634
vn 0.00057 0.00144 1.00000
vn -0.00929 -0.04428 0.99898
vn 0.00674 -0.00364 0.99997
vn 0.00955 -0.01723 0.99981
vn -0.03165 -0.11179 0.99323
vn -0.03740 -0.16871 0.98496
vn 0.00762 -0.09986 -0.99497
vn -0.00764 0.07228 -0.99736
vn 0.00092 -0.07370 -0.99728
vn 0.00555 -0.02368 -0.99970
vn 0.01117 -0.01696 -0.99979
vn -0.00607 0.06486 -0.99788
vn 0.00769 -0.06673 -0.99774
vn 0.00156 -0.07421 -0.99724
vn -0.00404 0.05591 -0.99843
vn 0.00820 -0.05940 -0.99820
vn 0.00191 0.04849 -0.99882
vn -0.01423 -0.05243 -0.99852
vn -0.00092 -0.04493 -0.99899
vn 0.02633 0.01883 -0.99948
vn -0.01159 0.09197 -0.99569
vn 0.01181 -0.09502 -0.99541
vn -0.02615 0.06669 -0.99743
vn -0.02506 0.03674 -0.99901
vn 0.02322 -0.13587 -0.99045
vn -0.01541 0.06505 -0.99776
vn 0.00032 -0.12371 -0.99232
vn -0.01829 0.06457 -0.99775
vn -0.08506 -0.01101 -0.99632
vn -0.05411 0.07890 -0.99541
vn -0.04755 0.09292 -0.99454
vn -0.02015 0.13105 -0.99117
vn -0.03614 0.16241 -0.98606
vn -0.02341 0.19559 -0.98041
vn -0.01811 0.16847 -0.98554
vn -0.01243 0.13161 -0.99122
vn -0.00919 0.12441 -0.99219
vn -0.00959 0.10028 -0.99491
vn -0.00185 -0.08543 -0.99634
vn 0.02571 -0.05220 -0.99831
vn 0.02110 -0.08370 -0.99627
vn 0.03053 -0.11611 -0.99277
vn -0.00723 -0.10899 -0.99402
vn -0.03907 -0.09118 -0.99507
vn 0.00146 -0.07032 -0.99752
vn 0.03733 -0.04470 -0.99830
vn 0.02483 0.02466 -0.99939
vn 0.01496 0.03691 -0.99921
vn -0.00067 0.04517 -0.99898
vn 0.05192 0.03807 -0.99793
vn 0.04010 0.07929 -0.99604
vn 0.02496 0.02161 -0.99945
vn 0.00428 -0.18053 -0.98356
vn 0.01894 -0.22187 -0.97489
vn 0.03473 -0.24582 -0.96869
vn 0.05257 -0.29696 -0.95344
vn -0.05731 -0.19446 -0.97924
vn -0.11997 -0.00848 -0.99274
vn -0.09692 0.11096 -0.98909
vn 0.01916 -0.03179 -0.99931
vn -0.01160 -0.14660 -0.98913
vn -0.00884 -0.07036 -0.99748
vn -0.04827 -0.01916 -0.99865
vn 0.00095 0.00040 -1.00000
vn 0.00095 0.00042 -1.00000
vn -0.01483 -0.00586 -0.99987
vn -0.02320 -0.00921 -0.99969
vn -0.04766 -0.15766 -0.98634
vn 0.00057 0.00144 -1.00000
vn -0.00929 -0.04428 -0.99898
vn 0.00674 -0.00364 -0.99997
vn 0.00955 -0.01723 -0.99981
vn -0.03165 -0.11179 -0.99323
vn -0.03740 -0.16871 -0.98496
vn 0.01457 -0.19078 0.98152
vn -0.01615 0.14505 0.98929
vn 0.00520 -0.17869 0.98389
vn 0.03046 -0.11412 0.99300
vn 0.05542 -0.08304 0.99500
vn -0.01279 0.14554 0.98927
vn 0.03577 -0.25272 0.96688
vn -0.01116 -0.21720 0.97606
vn -0.00850 0.11109 0.99377
vn -0.01807 -0.15204 0.98821
vn 0.00486 0.11092 0.99382
vn -0.03510 -0.15257 0.98767
vn -0.00016 0.00027 1.00000
vn 0.02871 -0.20209 0.97895
vn 0.15661 0.09644 0.98294
vn -0.02907 0.21742 0.97565
vn 0.02258 -0.17643 0.98405
vn -0.08541 0.21417 0.97306
vn -0.08723 0.11967 0.98897
vn 0.04086 -0.23571 0.97096
vn -0.06722 0.22332 0.97242
vn -0.00375 -0.18101 0.98347
vn 0.00095 0.22482 0.97440
vn -0.15559 0.00797 0.98779
vn -0.18492 0.26097 0.94747
vn -0.16358 0.30573 0.93796
vn -0.09434 0.40280 0.91041
vn -0.10078 0.42901 0.89766
vn -0.05178 0.39560 0.91696
vn -0.03751 0.34769 0.93686
vn -0.02971 0.30694 0.95126
vn -0.02222 0.27604 0.96089
vn 0.05442 0.23674 0.97005
vn 0.00872 -0.25910 0.96581
vn 0.12516 -0.24150 0.96230
vn 0.08798 -0.37371 0.92336
vn 0.01037 -0.26618 0.96387
vn -0.01046 -0.29842 0.95438
vn -0.09544 -0.33203 0.93843
vn 0.06099 -0.36652 0.92841
vn 0.21292 -0.20066 0.95624
vn 0.20197 0.14596 0.96845
vn 0.11915 0.11462 0.98624
vn 0.18357 0.14713 0.97193
vn 0.25543 0.19565 0.94682
vn 0.23889 0.35193 0.90503
vn 0.11533 0.10147 0.98813
vn 0.01236 -0.35334 0.93541
vn 0.03473 -0.40145 0.91522
vn 0.06091 -0.42766 0.90188
vn 0.08444 -0.49019 0.86752
vn -0.15318 -0.37158 0.91568
vn -0.32075 0.01591 0.94703
vn -0.15005 0.25867 0.95424
vn 0.09944 -0.15627 0.98270
vn -0.01579 -0.45979 0.88788
vn 0.01032 -0.21338 0.97691
vn 0.01457 -0.19078 -0.98152
vn -0.01615 0.14505 -0.98929
vn 0.00520 -0.17869 -0.98389
vn 0.03046 -0.11412 -0.99300
vn 0.05542 -0.08304 -0.99500
vn -0.01279 0.14554 -0.98927
vn 0.03577 -0.25272 -0.96688
vn -0.01116 -0.21720 -0.97606
vn -0.00850 0.11109 -0.99377
vn -0.01807 -0.15204 -0.98821
vn 0.00486 0.11092 -0.99382
vn -0.03510 -0.15257 -0.98767
vn -0.00016 0.00027 -1.00000
vn 0.02871 -0.20209 -0.97895
vn 0.15661 0.09644 -0.98294
vn -0.02907 0.21742 -0.97565
vn 0.02258 -0.17643 -0.98405
vn -0.08541 0.21417 -0.97306
vn -0.08723 0.11967 -0.98897
vn 0.04086 -0.23571 -0.97096
vn -0.06722 0.22332 -0.97242
vn -0.00375 -0.18101 -0.98347
vn 0.00095 0.22482 -0.97440
vn -0.15559 0.00797 -0.98779
vn -0.18492 0.26097 -0.94747
vn -0.16358 0.30573 -0.93796
vn -0.09434 0.40280 -0.91041
vn -0.10078 0.42901 -0.89766
vn -0.05178 0.39560 -0.91696
vn -0.03751 0.34769 -0.93686
vn -0.02971 0.30694 -0.95126
vn -0.02222 0.27604 -0.96089
vn 0.05442 0.23674 -0.97005
vn 0.00872 -0.25910 -0.96581
vn 0.12516 -0.24150 -0.96230
vn 0.08798 -0.37371 -0.92336
vn 0.01037 -0.26618 -0.96387
vn -0.01046 -0.29842 -0.95438
vn -0.09544 -0.33203 -0.93843
vn 0.06099 -0.36652 -0.92841
vn 0.21292 -0.20066 -0.95624
vn 0.20197 0.14596 -0.96845
vn 0.11915 0.11462 -0.98624
vn 0.18357 0.14713 -0.97193
vn 0.25543 0.19565 -0.94682
vn 0.23889 0.35193 -0.90503
vn 0.11533 0.10147 -0.98813
vn 0.01236 -0.35334 -0.93541
vn 0.03473 -0.40145 -0.91522
vn 0.06091 -0.42766 -0.90188
vn 0.08444 -0.49019 -0.86751
vn -0.15318 -0.37158 -0.91568
vn -0.32075 0.01591 -0.94703
vn -0.15005 0.25867 -0.95424
vn 0.09944 -0.15627 -0.98270
vn -0.01579 -0.45979 -0.88788
vn 0.01032 -0.21338 -0.97691
vn 0.01594 0.08342 0.99639
vn -0.10154 0.21118 0.97216
vn 0.08892 0.42615 0.90027
vn 0.22277 0.49998 0.83690
vn 0.46459 0.56425 0.68248
vn 0.00000 -0.00001 1.00000
vn 0.21068 0.25590 0.94347
vn -0.00144 0.02464 0.99970
vn 0.00000 -0.00001 1.00000
vn -0.00000 -0.00001 1.00000
vn -0.00000 -0.00000 1.00000
vn -0.00000 -0.00000 1.00000
vn -0.07102 0.09948 0.99250
vn 0.12858 0.16722 0.97750
vn 0.13720 0.26251 0.95513
vn 0.02794 0.11243 0.99327
vn 0.01084 0.07571 0.99707
vn -0.04113 0.07679 0.99620
vn 0.00184 0.04273 0.99908
vn -0.09992 0.08158 0.99165
vn -0.00164 0.02038 0.99979
vn 0.01594 0.08342 -0.99639
vn 0.00000 -0.00001 -1.00000
vn 0.21068 0.25590 -0.94347
vn -0.00144 0.02464 -0.99970
vn 0.00000 -0.00001 -1.00000
vn -0.00000 -0.00001 -1.00000
vn -0.00000 -0.00000 -1.00000
vn -0.00000 -0.00000 -1.00000
vn -0.07102 0.09948 -0.99250
vn 0.12858 0.16722 -0.97750
vn 0.13720 0.26251 -0.95513
vn 0.02794 0.11243 -0.99327
vn 0.01084 0.07571 -0.99707
vn -0.04113 0.07679 -0.99620
vn 0.00184 0.04273 -0.99908
vn -0.09992 0.08158 -0.99165
vn -0.00164 0.02038 -0.99979
vn 0.02944 -0.03409 0.99899
vn -0.11307 0.18874 0.97550
vn 0.09846 -0.11353 0.98864
vn 0.09096 0.01121 0.99579
vn -0.02941 0.11120 0.99336
vn 0.04223 -0.15609 0.98684
vn -0.00308 -0.14164 0.98991
vn 0.02183 -0.14756 0.98881
vn 0.07533 -0.14877 0.98600
vn 0.01119 -0.14153 0.98987
vn 0.00615 -0.13911 0.99026
vn -0.18732 0.23142 0.95465
vn 0.00023 0.06172 0.99809
vn 0.02210 0.27075 0.96240
vn 0.01946 0.02589 0.99948
vn 0.02418 0.26625 0.96360
vn -0.03055 0.12416 0.99179
vn -0.08224 0.34556 0.93479
vn 0.01163 0.06928 0.99753
vn -0.01201 0.35302 0.93554
vn -0.00197 0.06207 0.99807
vn -0.01036 0.19812 0.98012
vn -0.01834 0.34783 0.93738
vn -0.02783 0.35752 0.93349
vn -0.00631 0.06230 0.99804
vn 0.02175 -0.13831 0.99015
vn 0.02808 -0.21206 0.97685
vn -0.00520 -0.03976 0.99920
vn -0.00056 0.02610 0.99966
vn 0.02707 -0.06148 0.99774
vn 0.01586 -0.01361 0.99978
vn -0.03954 0.19274 0.98045
vn -0.03482 0.19519 0.98015
vn -0.04654 0.19864 0.97897
vn -0.01833 0.06586 0.99766
vn -0.03639 0.08983 0.99529
vn -0.07615 0.07580 0.99421
vn -0.06061 0.02059 0.99795
vn -0.07430 0.16334 0.98377
vn -0.09196 0.14068 0.98577
vn -0.11876 0.08914 0.98891
vn -0.12240 0.04314 0.99154
vn 0.05759 -0.13869 0.98866
vn -0.08647 0.27405 0.95782
vn -0.02027 0.10643 0.99411
vn -0.00694 0.14730 0.98907
vn 0.02256 -0.21579 0.97618
vn 0.01795 -0.09461 0.99535
vn -0.01390 0.13788 0.99035
vn 0.00908 -0.08630 0.99623
vn -0.01758 0.14031 0.98995
vn 0.01207 -0.10902 0.99397
vn -0.03025 0.15007 0.98821
vn 0.03350 -0.04433 0.99846
vn -0.03856 0.34199 0.93891
vn 0.09096 0.01121 -0.99579
vn -0.02941 0.11120 -0.99336
vn 0.00023 0.06172 -0.99809
vn 0.01946 0.02589 -0.99948
vn -0.03055 0.12416 -0.99179
vn 0.01163 0.06928 -0.99753
vn -0.00197 0.06207 -0.99807
vn -0.01036 0.19812 -0.98012
vn -0.00631 0.06230 -0.99804
vn -0.00520 -0.03976 -0.99920
vn -0.00056 0.02610 -0.99966
vn 0.02707 -0.06148 -0.99774
vn 0.01586 -0.01361 -0.99978
vn -0.01833 0.06586 -0.99766
vn -0.03639 0.08983 -0.99529
vn -0.07615 0.07580 -0.99421
vn -0.06061 0.02059 -0.99795
vn -0.02027 0.10643 -0.99411
vn -0.00694 0.14730 -0.98907
vn 0.01795 -0.09461 -0.99535
vn -0.01390 0.13788 -0.99035
vn 0.00908 -0.08630 -0.99623
vn -0.01758 0.14031 -0.98995
vn 0.01207 -0.10902 -0.99397
vn -0.03025 0.15007 -0.98821
vn 0.03350 -0.04433 -0.99846
vn 0.00617 -0.13477 0.99086
vn -0.00818 0.19396 0.98098
vn -0.01416 0.34794 0.93741
vn -0.00818 0.19396 -0.98098
vn 0.00613 -0.14344 0.98964
vn -0.01253 0.20228 0.97925
vn -0.02252 0.34772 0.93733
vn -0.01253 0.20228 -0.97925
vn -0.63287 0.07199 -0.77091
vn -0.57835 -0.10017 -0.80962
vn -0.39899 -0.19753 -0.89543
vn -0.04719 -0.25528 -0.96571
vn -0.98663 0.16295 0.00000
vn 0.24731 -0.96894 0.00000
vn -0.02185 0.18557 -0.98239
vn -0.00688 0.05626 -0.99839
vn -0.01678 -0.25142 -0.96773
vn 0.03210 -0.35922 -0.93270
vn 0.06728 0.15508 -0.98561
vn -0.21833 -0.16416 -0.96197
vn -0.21767 -0.15814 -0.96313
vn -0.16062 -0.32958 -0.93036
vn -0.24141 -0.25880 -0.93528
vn 0.10532 0.09513 -0.98988
vn 0.08322 0.12648 -0.98847
vn 0.02690 0.18583 -0.98221
vn 0.08999 0.11083 -0.98976
vn 0.09364 0.10357 -0.99021
vn -0.23089 -0.26217 -0.93699
vn -0.22766 -0.27931 -0.93282
vn 0.07641 0.12024 -0.98980
vn -0.09653 -0.17763 -0.97935
vn -0.10333 -0.17415 -0.97928
vn -0.09325 -0.18937 -0.97747
vn -0.03820 -0.19504 -0.98005
vn -0.00316 -0.19840 -0.98012
vn 0.06202 -0.19157 -0.97952
vn 0.09868 -0.16375 -0.98155
vn -0.10488 -0.28461 -0.95289
vn 0.12270 0.17848 -0.97626
vn 0.03834 0.15982 -0.98640
vn -0.20493 -0.28024 -0.93780
vn 0.13131 0.17500 -0.97577
vn -0.99935 0.03603 0.00000
vn -0.99828 -0.05866 0.00000
vn -0.99146 0.13040 0.00000
vn 0.30114 0.95358 0.00000
vn 0.28170 0.95950 0.00000
vn 0.22280 0.97487 0.00000
vn 0.46082 0.88749 0.00000
vn 0.46173 0.88702 0.00000
vn 0.46151 0.88714 0.00000
vn -0.02337 0.99973 0.00000
vn 0.58114 0.81381 0.00000
vn 0.27762 0.96069 0.00000
vn -0.89327 -0.44952 0.00000
vn -0.88177 -0.47169 0.00000
vn -0.90422 -0.42706 0.00000
vn 0.96676 0.25569 0.00000
vn 0.75580 0.65481 0.00000
vn 0.85702 0.51528 0.00000
vn 0.96676 0.25569 0.00000
vn -0.94497 -0.32715 0.00000
vn -0.79791 -0.60278 0.00000
vn -0.61895 -0.78543 0.00000
vn -0.93181 -0.36295 0.00000
vn 0.65924 0.75194 0.00000
vn 0.60681 0.79484 0.00000
vn 0.70885 0.70536 0.00000
vn -0.99339 -0.11477 0.00000
vn -0.99339 -0.11477 0.00000
vn 0.79442 -0.60738 0.00000
vn 0.79442 -0.60738 0.00000
vn -0.28217 -0.95936 0.00000
vn 0.76990 0.63816 0.00000
vn 0.78442 0.62023 0.00000
vn 0.67922 0.73394 0.00000
vn 0.95658 -0.29145 0.00000
vn 0.90225 -0.43122 0.00000
vn 0.93885 -0.34433 0.00000
vn 0.95659 -0.29145 0.00000
vn 0.90628 -0.42267 0.00000
vn -0.96884 -0.24769 0.00000
vn -0.28124 -0.95964 0.00000
vn 0.01076 -0.99994 0.00000
vn -0.07314 -0.99732 0.00000
vn -0.40390 -0.91480 0.00000
vn -0.68901 -0.72475 0.00000
vn -0.83434 -0.55125 0.00000
vn 0.97312 0.23028 0.00000
vn 0.86203 0.50686 0.00000
vn 0.92856 0.37117 0.00000
vn -0.93304 -0.35976 0.00000
vn -0.09833 -0.99515 0.00000
vn 0.13909 -0.99028 0.00000
vn -0.34436 -0.93884 0.00000
vn 0.26603 0.96397 0.00000
vn 0.56109 0.82776 0.00000
vn -0.02638 0.99965 0.00000
vn -0.59801 -0.80149 0.00000
vn -0.63853 -0.76960 0.00000
vn 0.99296 0.11845 0.00000
vn 0.88185 0.47154 0.00000
vn 0.95485 0.29707 0.00000
vn 0.99296 0.11845 0.00000
vn -0.67897 -0.73416 0.00000
vn -0.68069 -0.73257 0.00000
vn 0.73010 0.68334 0.00000
vn 0.75634 0.65418 0.00000
vn -0.65536 -0.75531 0.00000
vn -0.62742 -0.77868 0.00000
vn 0.66517 0.74669 0.00000
vn 0.68421 0.72928 0.00000
vn -0.57594 -0.81749 0.00000
vn -0.55273 -0.83336 0.00000
vn 0.55984 0.82860 0.00000
vn 0.60371 0.79721 0.00000
vn 0.27498 0.96145 0.00000
vn 0.18826 0.98212 0.00000
vn 0.36019 0.93288 0.00000
vn 0.61962 0.78490 0.00000
vn 0.77646 0.63017 0.00000
vn 0.97348 -0.22875 0.00000
vn -0.52910 -0.84856 0.00000
vn 0.51447 0.85751 0.00000
vn 0.51447 0.85751 0.00000
vn 0.95012 0.31187 0.00000
vn 0.98733 0.15869 0.00000
vn 0.98560 -0.16909 0.00000
vn 0.93907 -0.34372 0.00000
vn 0.58093 0.81395 0.00000
vn 0.54963 0.83541 0.00000
vn 0.54963 0.83541 0.00000
vn 0.61143 0.79130 0.00000
vn 0.86475 -0.50220 0.00000
vn -0.64881 0.76095 0.00000
vn -0.92299 -0.38481 0.00000
vn 0.64101 0.76753 0.00000
vn 0.64101 0.76753 0.00000
vn 0.09400 -0.99557 0.00000
vn 0.38120 0.92449 0.00000
vn 0.42216 0.90652 0.00000
vn 0.17450 -0.98466 0.00000
vn 0.57445 -0.81854 0.00000
vn 0.37871 -0.92552 0.00000
vn -0.77399 0.63320 0.00000
vn -0.74357 0.66866 0.00000
vn -0.80278 0.59627 0.00000
vn -0.61719 0.78682 0.00000
vn -0.30886 0.95111 0.00000
vn -0.20501 0.97876 0.00000
vn -0.40952 0.91230 0.00000
vn 0.74864 -0.66298 0.00000
vn 0.74161 -0.67083 0.00000
vn -0.69869 0.71543 0.00000
vn -0.79706 0.60390 0.00000
vn 0.75915 -0.65092 0.00000
vn 0.75736 -0.65299 0.00000
vn 0.77308 -0.63430 0.00000
vn 0.76704 -0.64160 0.00000
vn -0.65101 0.75907 0.00000
vn -0.85163 0.52415 0.00000
vn -0.68418 0.72931 0.00000
vn -0.79671 0.60436 0.00000
vn 0.77906 -0.62695 0.00000
vn -0.95801 0.28674 0.00000
vn -0.99122 0.13224 0.00000
vn 0.82431 0.56614 0.00000
vn 0.98406 0.17783 0.00000
vn 0.92297 0.38488 0.00000
vn -0.99976 -0.02172 0.00000
vn -0.99976 -0.02172 0.00000
vn 0.99961 -0.02795 0.00000
vn 0.99961 -0.02795 0.00000
vn 0.04209 0.99911 0.00000
vn 0.04209 0.99911 0.00000
vn 0.52778 -0.84938 0.00000
vn 0.71174 -0.70245 0.00000
vn 0.71174 -0.70245 0.00000
vn 0.30067 -0.95373 0.00000
vn -0.22009 0.97548 0.00000
vn -0.28622 0.95816 0.00000
vn -0.25329 0.96739 0.00000
vn 0.15009 -0.98867 0.00000
vn 0.23037 -0.97310 0.00000
vn -0.59330 0.80498 0.00000
vn -0.45993 0.88796 0.00000
vn -0.59301 0.80519 0.00000
vn -0.54895 0.83586 0.00000
vn 0.50328 -0.86413 0.00000
vn 0.37539 -0.92687 0.00000
vn 0.44061 -0.89770 0.00000
vn 0.47876 -0.87795 0.00000
vn 0.68181 -0.73153 0.00000
vn 0.22837 -0.97357 0.00000
vn -0.04799 0.99885 0.00000
vn -0.17416 0.98472 0.00000
vn -0.11117 0.99380 0.00000
vn -0.04799 0.99885 0.00000
vn -0.27664 0.96097 0.00000
vn -0.25647 0.96655 0.00000
vn 0.12449 -0.99222 0.00000
vn 0.27002 -0.96286 0.00000
vn -0.64434 0.76474 0.00000
vn -0.65266 0.75765 0.00000
vn 0.56434 -0.82554 0.00000
vn 0.70805 -0.70616 0.00000
vn -0.63595 0.77173 0.00000
vn 0.08041 -0.99676 0.00000
vn 0.59977 -0.80017 0.00000
vn 0.27296 -0.96202 0.00000
vn 0.20947 -0.97781 0.00000
vn -0.95412 -0.29942 0.00000
vn -0.95412 -0.29942 0.00000
vn 0.33292 -0.94295 0.00000
vn -0.90629 0.42266 0.00000
vn -0.93243 0.36136 0.00000
vn 0.11026 -0.99390 -0.00000
vn 0.23134 -0.97287 0.00000
vn 0.08511 -0.99637 0.00000
vn 0.28216 -0.95937 -0.00000
vn 0.53353 -0.84578 -0.00000
vn 0.62127 -0.78359 0.00000
vn 0.70096 -0.71320 0.00000
vn 0.70096 -0.71320 0.00000
vn 0.57730 -0.81653 0.00000
vn 0.47603 -0.87943 0.00000
vn 0.71533 -0.69878 0.00000
vn 0.73882 -0.67390 0.00000
vn 0.72764 -0.68596 0.00000
vn 0.71441 -0.69972 0.00000
vn 0.74977 -0.66170 0.00000
vn 0.99469 -0.10294 0.00000
vn 0.90966 -0.41536 0.00000
vn 0.74979 -0.66168 0.00000
vn -0.51651 0.85628 0.00000
vn -0.05100 0.99870 0.00000
vn -0.22912 0.97340 0.00000
vn -0.63073 0.77601 0.00000
vn -0.81558 -0.57865 0.00000
vn -0.81558 -0.57865 0.00000
vn -0.81558 -0.57865 0.00000
vn -0.60757 0.79426 0.00000
vn -0.43770 0.89912 0.00000
vn -0.43770 0.89912 0.00000
vn -0.75888 0.65124 0.00000
vn -0.92647 0.37637 0.00000
vn -0.96624 0.25764 0.00000
vn -0.99060 0.13679 0.00000
vn -0.08483 0.99640 -0.00002
vn -0.08178 0.99665 0.00000
vn -0.08178 0.99665 -0.00001
vn -0.08789 0.99613 -0.00002
vn -0.09095 0.99586 -0.00001
vn -0.09097 0.99585 0.00000
vn 0.74870 0.66291 0.00000
vn 0.90108 0.43365 0.00000
vn 0.84520 0.53445 0.00000
vn 0.71279 0.70138 0.00000
vn 0.99777 -0.06672 0.00000
vn 0.98857 0.15073 0.00000
vn 0.96241 -0.27159 0.00000
vn -0.80521 0.59299 0.00000
vn -0.79799 0.60268 0.00000
vn -0.81082 0.58530 0.00000
vn -0.78635 0.61778 0.00000
vn -0.75028 0.66113 0.00000
vn -0.76782 0.64067 0.00000
vn -0.70176 0.71241 0.00000
vn -0.71716 0.69691 0.00000
vn -0.65560 0.75511 -0.00001
vn -0.67096 0.74149 0.00000
vn -0.63997 0.76840 -0.00002
vn -0.63997 0.76840 -0.00001
vn -0.94991 -0.31252 0.00000
vn -0.94991 -0.31252 0.00000
vn -0.94991 -0.31252 0.00001
vn -0.01649 -0.99986 0.00000
vn -0.52668 0.85007 0.00000
vn -0.19433 0.98094 0.00000
vn -0.77966 0.62621 0.00000
vn -0.82438 0.56604 0.00000
vn 0.75023 0.66118 0.00000
vn 0.75023 0.66118 0.00000
vn -0.86426 0.50305 0.00000
vn -0.86426 0.50305 0.00000
vn 0.69899 -0.71513 0.00000
vn 0.68420 -0.72930 0.00000
vn -0.08511 0.99637 -0.00000
vn -0.28216 0.95937 0.00000
vn -0.11026 0.99390 0.00000
vn -0.23134 0.97287 0.00000
vn 0.09495 -0.99548 0.00002
vn 0.35374 -0.93534 0.00000
vn 0.14075 -0.99004 0.00001
vn 0.26081 -0.96539 0.00002
vn -0.62127 0.78359 0.00000
vn -0.53353 0.84578 0.00000
vn 0.45929 -0.88828 0.00001
vn 0.50253 -0.86456 0.00000
vn 0.54445 -0.83879 0.00000
vn 0.54445 -0.83879 0.00000
vn -0.70096 0.71320 0.00000
vn -0.70096 0.71320 0.00000
vn 0.54117 -0.84091 0.00000
vn -0.36956 0.92921 0.00000
vn -0.14075 0.99004 -0.00001
vn -0.26081 0.96539 -0.00002
vn -0.09495 0.99548 -0.00002
vn -0.35375 0.93534 0.00000
vn 0.10234 -0.99475 0.00000
vn 0.41863 -0.90816 0.00000
vn 0.20221 -0.97934 0.00000
vn 0.21839 -0.97586 0.00000
vn -0.50253 0.86456 0.00000
vn -0.45929 0.88828 -0.00001
vn 0.34729 -0.93776 0.00000
vn 0.36455 -0.93118 0.00000
vn 0.38169 -0.92429 0.00000
vn -0.54445 0.83879 0.00000
vn -0.54445 0.83879 0.00000
vn 0.60445 -0.79664 0.00000
vn -0.54117 0.84091 0.00000
vn -0.20221 0.97934 0.00000
vn -0.21839 0.97586 0.00000
vn -0.10234 0.99475 0.00000
vn -0.41863 0.90816 0.00000
vn -0.36455 0.93118 0.00000
vn -0.34729 0.93776 0.00000
vn -0.38169 0.92429 0.00000
vn 0.45927 -0.88830 0.00000
vn 0.68077 -0.73250 0.00000
vn 0.68077 -0.73250 0.00000
vn 0.18136 -0.98342 0.00000
vn -0.60445 0.79664 0.00000
vn -0.60445 0.79664 0.00000
vn -0.75023 -0.66118 0.00000
vn 0.62810 -0.77813 0.00000
vn 0.16027 -0.98707 0.00000
vn 0.41585 -0.90943 0.00000
vn -0.01267 0.99992 0.00001
vn 0.13784 0.99045 0.00002
vn 0.13785 0.99045 0.00001
vn -0.16642 0.98605 0.00000
vn 0.22912 -0.97340 0.00000
vn 0.63073 -0.77601 0.00000
vn 0.51651 -0.85628 0.00000
vn 0.05100 -0.99870 0.00000
vn -0.40376 0.91487 0.00000
vn -0.49168 0.87077 0.00000
vn -0.64005 0.76833 0.00000
vn -0.70201 0.71216 0.00000
vn -0.12320 -0.99238 0.00000
vn -0.80860 0.58836 0.00001
vn -0.80859 0.58837 0.00000
vn -0.80861 0.58835 0.00001
vn 0.82438 -0.56604 0.00000
vn 0.77966 -0.62621 0.00000
vn 0.86426 -0.50305 0.00000
vn 0.86426 -0.50305 0.00000
vn -0.75869 0.65145 0.00000
vn -0.75869 0.65145 0.00000
vn -0.90297 0.42971 0.00001
vn -0.90297 0.42971 0.00001
vn -0.90296 0.42972 0.00000
vn -0.13785 -0.99045 -0.00001
vn 0.16643 -0.98605 0.00000
vn 0.01267 -0.99992 -0.00001
vn -0.13785 -0.99045 -0.00003
vn 0.02997 0.99955 0.00000
vn 0.20380 0.97901 0.00000
vn -0.15041 0.98862 0.00000
vn 0.49168 -0.87077 0.00000
vn 0.40376 -0.91487 0.00000
vn -0.43416 0.90084 0.00000
vn -0.54288 0.83981 0.00000
vn 0.70201 -0.71216 0.00000
vn 0.64005 -0.76833 0.00000
vn -0.69938 0.71475 0.00000
vn -0.75314 0.65787 0.00000
vn 0.75869 -0.65145 0.00000
vn -0.91160 0.41108 0.00000
vn -0.91160 0.41108 0.00000
vn 0.81558 0.57865 0.00000
vn 0.81558 0.57865 0.00000
vn 0.81558 0.57865 0.00000
vn -0.97863 0.20563 0.00000
vn 0.99606 0.08867 0.00000
vn 0.76018 0.64972 0.00000
vn 0.92759 0.37360 0.00000
vn -0.71279 -0.70138 0.00000
vn -0.55570 -0.83138 0.00000
vn -0.55570 -0.83138 0.00000
vn -0.84520 -0.53445 0.00000
vn 0.83416 0.55152 0.00000
vn 0.69862 0.71550 0.00000
vn -0.98857 -0.15073 0.00000
vn -0.99777 0.06672 0.00000
vn 0.96581 0.25927 0.00000
vn 0.94881 0.31584 0.00000
vn 0.97939 0.20199 0.00000
vn 0.97939 0.20199 0.00000
vn -0.96241 0.27159 0.00000
vn -0.07198 -0.63288 -0.77090
vn 0.10017 -0.57837 -0.80960
vn 0.19754 -0.39900 -0.89542
vn 0.25529 -0.04719 -0.96571
vn -0.16295 -0.98663 0.00000
vn 0.96893 0.24732 0.00000
vn -0.18557 -0.02185 -0.98239
vn -0.05626 -0.00689 -0.99839
vn 0.25143 -0.01678 -0.96773
vn 0.35923 0.03211 -0.93270
vn -0.15508 0.06728 -0.98561
vn 0.16416 -0.21833 -0.96197
vn 0.15814 -0.21767 -0.96313
vn 0.32958 -0.16063 -0.93036
vn 0.25880 -0.24142 -0.93527
vn -0.09513 0.10532 -0.98988
vn -0.12648 0.08322 -0.98847
vn -0.18583 0.02690 -0.98221
vn -0.11083 0.08999 -0.98976
vn -0.10057 0.09049 -0.99081
vn 0.25764 -0.23545 -0.93712
vn 0.28461 -0.10488 -0.95289
vn -0.03601 -0.99935 0.00000
vn 0.05866 -0.99828 0.00000
vn -0.13036 -0.99147 0.00000
vn 0.12880 0.15583 -0.97935
vn 0.13480 0.15111 -0.97928
vn 0.12783 0.16798 -0.97747
vn 0.07489 0.18410 -0.98005
vn 0.04114 0.19412 -0.98012
vn -0.02414 0.19991 -0.97952
vn -0.06545 0.17963 -0.98155
vn -0.15464 -0.15164 -0.97626
vn -0.06827 -0.14950 -0.98640
vn 0.26835 0.23524 -0.93416
vn 0.25486 0.23575 -0.93780
vn -0.16118 -0.14680 -0.97595
vn -0.47839 -0.87815 0.00000
vn -0.46044 -0.88769 0.00000
vn -0.40557 -0.91406 0.00000
vn -0.62243 -0.78267 0.00000
vn -0.62324 -0.78203 0.00000
vn -0.62304 -0.78219 0.00000
vn -0.14492 0.16494 -0.97560
vn -0.10743 0.09018 -0.99011
vn -0.11857 -0.09632 -0.98826
vn -0.10984 -0.09303 -0.98959
vn -0.24539 -0.24925 -0.93683
vn -0.25678 -0.25801 -0.93139
vn -0.99973 -0.02339 0.00000
vn -0.81381 0.58113 0.00000
vn -0.96069 0.27761 0.00000
vn 0.44952 -0.89327 0.00000
vn 0.47169 -0.88177 0.00000
vn 0.42706 -0.90422 0.00000
vn -0.25568 0.96676 0.00000
vn -0.65481 0.75580 0.00000
vn -0.51527 0.85703 0.00000
vn 0.32715 -0.94497 0.00000
vn 0.60278 -0.79791 0.00000
vn 0.78543 -0.61895 0.00000
vn 0.78543 -0.61895 0.00000
vn 0.36295 -0.93181 0.00000
vn -0.75194 0.65924 0.00000
vn -0.79484 0.60682 0.00000
vn -0.70536 0.70885 0.00000
vn 0.11477 -0.99339 0.00000
vn 0.11477 -0.99339 0.00000
vn 0.60738 0.79442 0.00000
vn 0.60738 0.79442 0.00000
vn 0.95936 -0.28217 0.00000
vn -0.63816 0.76990 0.00000
vn -0.62023 0.78442 0.00000
vn -0.73394 0.67922 0.00000
vn 0.29145 0.95659 0.00000
vn 0.43122 0.90225 0.00000
vn 0.34433 0.93885 0.00000
vn 0.42267 0.90628 0.00000
vn 0.42267 0.90628 0.00000
vn 0.24769 -0.96884 0.00000
vn 0.95964 -0.28124 0.00000
vn 0.99994 0.01076 0.00000
vn 0.99732 -0.07314 0.00000
vn 0.91480 -0.40390 0.00000
vn 0.72475 -0.68901 0.00000
vn 0.55125 -0.83434 0.00000
vn -0.23026 0.97313 0.00000
vn -0.50687 0.86202 0.00000
vn -0.37116 0.92857 0.00000
vn 0.35976 -0.93304 0.00000
vn 0.99515 -0.09834 0.00000
vn 0.99028 0.13909 0.00000
vn 0.93884 -0.34436 0.00000
vn -0.96397 0.26600 0.00000
vn -0.82777 0.56107 0.00000
vn -0.99965 -0.02641 0.00000
vn 0.80148 -0.59802 0.00000
vn 0.76960 -0.63853 0.00000
vn -0.11845 0.99296 0.00000
vn -0.47154 0.88184 0.00000
vn -0.29708 0.95485 0.00000
vn 0.73417 -0.67897 0.00000
vn 0.73257 -0.68069 0.00000
vn -0.68334 0.73010 0.00000
vn -0.65418 0.75633 0.00000
vn 0.73098 -0.68240 0.00000
vn -0.71140 0.70279 0.00000
vn -0.71140 0.70279 0.00000
vn -0.96145 0.27498 0.00000
vn -0.98212 0.18826 0.00000
vn -0.98212 0.18826 0.00000
vn -0.93288 0.36019 0.00000
vn -0.78490 0.61962 0.00000
vn -0.63017 0.77646 0.00000
vn -0.31188 0.95012 0.00000
vn -0.15870 0.98733 0.00000
vn 0.16908 0.98560 0.00000
vn 0.34372 0.93907 0.00000
vn -0.81395 0.58093 0.00000
vn -0.83541 0.54963 0.00000
vn -0.83541 0.54963 0.00000
vn -0.79130 0.61143 0.00000
vn 0.50222 0.86474 0.00000
vn -0.76095 -0.64882 0.00000
vn 0.38481 -0.92299 0.00000
vn 0.38481 -0.92299 0.00000
vn -0.76753 0.64101 0.00000
vn -0.76753 0.64101 0.00000
vn 0.99557 0.09400 0.00000
vn -0.55139 -0.83425 0.00000
vn -0.58814 -0.80876 0.00000
vn -0.99254 0.12195 0.00000
vn 0.43407 0.90088 0.00000
vn -0.41856 -0.90819 0.00000
vn -0.44880 0.89363 0.00000
vn 0.39432 -0.91897 0.00000
vn 0.39432 -0.91897 0.00000
vn 0.25915 0.23490 -0.93683
vn 0.25915 0.23490 -0.93684
vn 0.11291 0.10291 -0.98826
vn 0.11290 0.10290 -0.98826
vn -0.55906 0.82913 0.00000
vn -0.26011 0.96558 0.00000
vn -0.41729 0.90877 0.00000
vn 0.06088 -0.99814 0.00000
vn 0.09134 -0.99582 0.00000
vn 0.03034 -0.99954 0.00000
vn 0.24744 -0.96890 0.00000
vn 0.49510 -0.86884 0.00000
vn 0.55796 -0.82986 0.00001
vn 0.39850 -0.91717 0.00001
vn -0.08637 0.99626 0.00000
vn -0.09327 0.99564 0.00000
vn 0.13614 -0.99069 0.00000
vn 0.03856 -0.99926 0.00000
vn -0.07588 0.99712 0.00000
vn -0.07767 0.99698 0.00000
vn -0.06171 0.99809 0.00000
vn -0.06790 0.99769 0.00000
vn 0.18231 -0.98324 0.00000
vn -0.02193 -0.99976 0.00000
vn 0.15188 -0.98840 0.00000
vn 0.04216 -0.99911 0.00000
vn -0.05551 0.99846 0.00000
vn -0.20567 -0.97862 0.00000
vn -0.31403 -0.94941 0.00000
vn 0.85468 0.51916 0.00000
vn 0.56385 0.82587 0.00000
vn 0.72900 0.68451 0.00000
vn -0.41717 -0.90883 0.00000
vn 0.38110 0.92453 0.00000
vn 0.72773 -0.68586 0.00000
vn -0.30608 0.95201 0.00000
vn -0.12186 0.99255 0.00000
vn -0.48571 0.87412 -0.00000
vn 0.52347 -0.85205 0.00000
vn 0.47252 -0.88132 0.00000
vn 0.49822 -0.86705 0.00000
vn -0.58220 0.81304 -0.00001
vn -0.51958 0.85442 -0.00001
vn 0.23450 -0.97212 0.00000
vn 0.34334 -0.93921 0.00000
vn 0.23343 -0.97237 0.00000
vn 0.27262 -0.96212 0.00000
vn -0.30067 0.95373 0.00000
vn -0.40440 0.91458 -0.00000
vn -0.35300 0.93562 0.00000
vn -0.35260 0.93577 0.00000
vn -0.14945 0.98877 0.00000
vn -0.14945 0.98877 0.00000
vn -0.54869 0.83603 0.00000
vn 0.65789 -0.75311 0.00000
vn 0.56196 -0.82716 0.00000
vn 0.61114 -0.79152 0.00000
vn 0.47959 -0.87749 0.00000
vn 0.49533 -0.86871 0.00000
vn -0.61098 0.79164 0.00000
vn -0.49774 0.86733 0.00000
vn 0.18283 -0.98315 0.00000
vn 0.17552 -0.98448 0.00000
vn -0.25818 0.96610 0.00000
vn -0.13267 0.99116 0.00000
vn -0.39009 -0.92078 0.00000
vn -0.09136 -0.99582 0.00000
vn -0.64302 0.76585 0.00000
vn -0.26814 0.96338 0.00000
vn -0.52868 0.84882 0.00000
vn -0.54257 0.84001 0.00000
vn -0.63151 -0.77537 0.00000
vn -0.43540 0.90024 0.00000
vn -0.10252 -0.99473 0.00000
vn -0.14648 -0.98921 0.00000
vn -0.62684 0.77915 0.00000
vn -0.52838 0.84901 0.00000
vn -0.64209 0.76663 0.00000
vn -0.49327 0.86988 0.00000
vn -0.27933 0.96019 0.00000
vn -0.20599 0.97855 0.00000
vn -0.13190 0.99126 0.00000
vn -0.24463 0.96962 0.00000
vn -0.32719 0.94496 0.00000
vn -0.11847 0.99296 0.00000
vn -0.09601 0.99538 0.00000
vn -0.10682 0.99428 0.00000
vn -0.11934 0.99285 0.00000
vn -0.08523 0.99636 0.00000
vn 0.24280 0.97008 0.00000
vn 0.24280 0.97008 0.00000
vn -0.08521 0.99636 0.00000
vn 0.29539 -0.95538 0.00000
vn 0.67465 -0.73814 0.00000
vn 0.53659 -0.84384 0.00000
vn 0.20005 -0.97979 0.00000
vn -0.86484 -0.50205 0.00000
vn -0.35515 -0.93481 0.00000
vn -0.66261 -0.74897 0.00000
vn 0.22152 -0.97515 0.00000
vn 0.35306 -0.93560 0.00000
vn 0.08313 -0.99654 0.00000
vn -0.13833 -0.99039 0.00000
vn -0.22207 -0.97503 0.00000
vn 0.00906 -0.99996 0.00000
vn 0.35785 -0.93378 0.00000
vn 0.62914 -0.77729 0.00000
vn 0.62676 -0.77921 0.00000
vn 0.62437 -0.78113 0.00000
vn 0.87997 0.47504 0.00000
vn 0.84755 0.53072 0.00000
vn 0.96488 0.26269 0.00000
vn 0.37596 0.92664 0.00000
vn 0.53612 0.84414 0.00000
vn 0.20912 0.97789 0.00000
vn 0.02761 -0.99962 0.00000
vn 0.03546 -0.99937 0.00000
vn 0.02139 -0.99977 0.00000
vn 0.04792 -0.99885 0.00000
vn 0.08480 -0.99640 0.00000
vn 0.06717 -0.99774 0.00000
vn 0.13123 -0.99135 0.00000
vn 0.11683 -0.99315 0.00000
vn 0.17298 -0.98492 0.00000
vn 0.15931 -0.98723 0.00000
vn -0.40000 -0.91651 0.00000
vn -0.09801 -0.99519 0.00000
vn -0.64223 -0.76651 0.00000
vn -0.70799 0.70622 0.00000
vn 0.33429 -0.94247 0.00000
vn 0.59470 -0.80395 0.00000
vn 0.05509 -0.99848 0.00000
vn 0.00623 -0.99998 0.00000
vn 0.92780 0.37307 0.00000
vn 0.92780 0.37307 0.00000
vn -0.13379 0.99101 0.00000
vn -0.14735 0.98908 0.00000
vn 0.64209 -0.76663 0.00000
vn 0.49327 -0.86988 0.00000
vn 0.62684 -0.77915 0.00000
vn 0.52838 -0.84901 0.00000
vn -0.63779 0.77021 -0.00001
vn -0.44541 0.89532 0.00000
vn -0.61086 0.79174 -0.00001
vn -0.50892 0.86081 -0.00001
vn 0.20599 -0.97855 0.00000
vn 0.27933 -0.96019 0.00000
vn -0.33682 0.94157 -0.00000
vn -0.30218 0.95325 0.00000
vn -0.26718 0.96365 0.00000
vn -0.26718 0.96365 0.00000
vn 0.13190 -0.99126 0.00000
vn 0.13190 -0.99126 0.00000
vn -0.26987 0.96290 0.00000
vn 0.40673 -0.91355 0.00000
vn 0.61086 -0.79174 0.00001
vn 0.50893 -0.86081 0.00001
vn 0.63779 -0.77021 0.00001
vn 0.44541 -0.89533 0.00000
vn -0.62392 0.78149 0.00000
vn -0.39383 0.91918 0.00000
vn -0.56260 0.82673 0.00000
vn -0.53351 0.84579 0.00000
vn 0.30218 -0.95325 0.00000
vn 0.33682 -0.94157 0.00000
vn -0.42433 0.90551 0.00000
vn -0.41081 0.91172 0.00000
vn -0.39721 0.91773 0.00000
vn -0.39721 0.91773 0.00000
vn 0.26718 -0.96365 0.00000
vn 0.26718 -0.96365 0.00000
vn -0.21716 0.97614 0.00000
vn 0.26987 -0.96290 0.00000
vn 0.56260 -0.82673 0.00000
vn 0.53351 -0.84579 0.00000
vn 0.62392 -0.78149 0.00000
vn 0.39383 -0.91918 0.00000
vn 0.41081 -0.91172 0.00000
vn 0.42433 -0.90551 0.00000
vn 0.39721 -0.91773 0.00000
vn -0.37603 0.92661 0.00000
vn -0.15039 0.98863 0.00000
vn -0.59268 0.80544 0.00000
vn 0.21716 -0.97614 0.00000
vn -0.92780 -0.37307 0.00000
vn -0.19691 0.98042 0.00000
vn -0.60457 0.79655 0.00000
vn -0.40585 0.91394 0.00000
vn -0.19691 0.98042 0.00000
vn 0.70005 -0.71409 0.00000
vn 0.31004 -0.95072 0.00000
vn 0.59395 -0.80450 0.00000
vn 0.58096 -0.81393 0.00000
vn -0.53659 0.84384 0.00000
vn -0.20005 0.97979 0.00000
vn -0.29539 0.95538 0.00000
vn -0.67465 0.73814 0.00000
vn 0.38375 -0.92344 0.00000
vn 0.31389 -0.94946 0.00000
vn 0.18783 -0.98220 0.00000
vn 0.13221 -0.99122 0.00000
vn -0.78920 0.61414 0.00000
vn 0.02382 -0.99972 0.00000
vn 0.02382 -0.99972 0.00000
vn -0.00623 0.99998 0.00000
vn -0.05509 0.99848 0.00000
vn 0.04253 0.99910 0.00000
vn 0.07635 -0.99708 0.00000
vn 0.07635 -0.99708 0.00000
vn -0.09676 -0.99531 0.00000
vn -0.09676 -0.99531 0.00000
vn -0.80005 0.59994 0.00000
vn -0.58096 0.81393 0.00000
vn -0.70005 0.71409 0.00000
vn 0.73794 -0.67487 0.00000
vn 0.84747 -0.53084 0.00000
vn 0.59919 -0.80060 0.00000
vn -0.31389 0.94946 0.00000
vn -0.38375 0.92344 0.00000
vn 0.36147 -0.93239 0.00000
vn 0.27406 -0.96171 0.00000
vn -0.13221 0.99122 0.00000
vn -0.18783 0.98220 0.00000
vn 0.13411 -0.99097 0.00000
vn 0.08264 -0.99658 0.00000
vn -0.07635 0.99708 0.00000
vn -0.06497 -0.99789 0.00000
vn -0.16131 -0.98690 0.00000
vn 0.86484 0.50205 0.00000
vn -0.25527 -0.96687 0.00000
vn -0.25527 -0.96687 0.00000
vn 0.46670 0.88442 0.00000
vn -0.96488 -0.26269 0.00000
vn -0.99999 0.00494 0.00000
vn -0.99999 0.00494 0.00000
vn -0.84755 -0.53072 0.00000
vn 0.99938 -0.03521 0.00000
vn 0.86029 0.50981 0.00000
vn 0.97180 0.23582 0.00000
vn -0.53612 -0.84414 0.00000
vn -0.37596 -0.92664 0.00000
vn 0.60137 0.79897 0.00000
vn 0.64726 0.76227 0.00000
vn 0.55357 0.83281 0.00000
vn 0.55357 0.83281 0.00000
vn -0.20912 -0.97789 0.00000
vn -0.62261 0.78253 0.00000
vn -0.55268 0.83340 0.00000
vn -0.65309 0.75728 0.00000
vn -0.48272 0.87577 0.00000
vn -0.28421 0.95876 0.00000
vn -0.23398 0.97224 0.00000
vn -0.18326 0.98306 0.00000
vn -0.18326 0.98306 0.00000
vn -0.25908 0.96585 0.00000
vn -0.35439 0.93510 0.00000
vn -0.11925 0.99286 0.00000
vn -0.09128 0.99583 0.00000
vn -0.10658 0.99430 0.00000
vn -0.11664 0.99317 0.00000
vn -0.07648 0.99707 0.00000
vn 0.35442 0.93508 0.00000
vn 0.13695 0.99058 0.00000
vn -0.07622 0.99709 0.00000
vn 0.27567 -0.96125 0.00000
vn 0.65723 -0.75369 0.00000
vn 0.50913 -0.86069 0.00000
vn 0.19967 -0.97986 0.00000
vn -0.87219 -0.48917 0.00000
vn -0.87219 -0.48917 0.00000
vn -0.87219 -0.48917 0.00000
vn 0.19907 -0.97998 0.00000
vn 0.32116 -0.94703 0.00000
vn 0.32116 -0.94703 0.00000
vn 0.07172 -0.99742 0.00000
vn -0.13541 -0.99079 0.00000
vn -0.21572 -0.97646 0.00000
vn 0.01476 -0.99989 0.00000
vn 0.35747 -0.93393 0.00000
vn 0.67981 -0.73339 0.00000
vn 0.72877 -0.68476 0.00000
vn 0.77406 -0.63312 0.00000
vn 0.77406 -0.63312 0.00000
vn 0.95856 0.28489 0.00000
vn 0.78743 0.61640 0.00000
vn 0.83265 0.55379 0.00000
vn 0.96716 0.25417 0.00000
vn 0.47643 0.87921 0.00000
vn 0.55765 0.83008 0.00000
vn 0.39171 0.92009 0.00000
vn 0.39171 0.92009 0.00000
vn 0.04790 -0.99885 0.00000
vn 0.03819 -0.99927 0.00000
vn 0.02520 -0.99968 0.00000
vn 0.08358 -0.99650 0.00000
vn 0.08609 -0.99629 0.00000
vn 0.06864 -0.99764 0.00000
vn 0.13363 -0.99103 0.00000
vn 0.11858 -0.99294 0.00000
vn 0.16229 -0.98674 0.00000
vn 0.15547 -0.98784 0.00000
vn -0.43878 -0.89859 0.00000
vn -0.12628 -0.99199 0.00000
vn -0.68221 -0.73116 0.00000
vn -0.68221 -0.73116 0.00000
vn -0.70201 0.71217 0.00000
vn 0.36313 -0.93174 0.00000
vn 0.59879 -0.80090 0.00000
vn 0.09039 -0.99591 0.00000
vn 0.05775 -0.99833 0.00000
vn 0.90001 0.43586 0.00000
vn 0.90001 0.43586 0.00000
vn 0.02507 -0.99969 0.00000
vn 0.02507 -0.99969 0.00000
vn -0.13011 0.99150 0.00000
vn -0.14616 0.98926 0.00000
vn 0.34561 0.43586 -0.83101
vn 0.22277 0.49998 -0.83690
vn 0.08892 0.42615 -0.90027
vn -0.10154 0.21118 -0.97216
vn 0.65900 0.75215 0.00000
vn -0.75247 0.65863 0.00000
vn 0.09846 -0.11353 -0.98864
vn 0.02944 -0.03409 -0.99899
vn -0.11307 0.18874 -0.97550
vn -0.18732 0.23142 -0.95465
vn 0.04223 -0.15609 -0.98684
vn 0.02210 0.27075 -0.96240
vn 0.02418 0.26625 -0.96360
vn -0.08224 0.34556 -0.93479
vn -0.01201 0.35302 -0.93554
vn -0.00308 -0.14164 -0.98991
vn 0.02183 -0.14756 -0.98881
vn 0.07533 -0.14877 -0.98600
vn 0.01119 -0.14153 -0.98987
vn 0.00615 -0.13911 -0.99026
vn -0.01834 0.34783 -0.93738
vn -0.02783 0.35752 -0.93349
vn 0.02175 -0.13831 -0.99015
vn -0.03954 0.19274 -0.98045
vn -0.03482 0.19519 -0.98015
vn -0.04654 0.19864 -0.97897
vn -0.07430 0.16334 -0.98377
vn -0.09196 0.14068 -0.98577
vn -0.11876 0.08914 -0.98891
vn -0.12240 0.04314 -0.99154
vn -0.08647 0.27405 -0.95782
vn 0.02808 -0.21206 -0.97685
vn 0.05759 -0.13869 -0.98866
vn -0.03856 0.34199 -0.93891
vn 0.02256 -0.21579 -0.97618
vn 0.56279 0.82660 0.00000
vn 0.48787 0.87292 0.00000
vn 0.63334 0.77388 0.00000
vn 0.33371 -0.94268 0.00000
vn 0.34819 -0.93742 0.00000
vn 0.39111 -0.92035 0.00000
vn 0.21360 -0.97692 0.00000
vn 0.21291 -0.97707 0.00000
vn 0.21308 -0.97703 0.00000
vn 0.57712 -0.81666 0.00000
vn 0.14711 -0.98912 0.00000
vn 0.37824 -0.92571 0.00000
vn 0.19878 0.98004 0.00000
vn 0.18188 0.98332 0.00000
vn 0.21563 0.97648 0.00000
vn -0.34182 -0.93976 0.00000
vn -0.03957 -0.99922 0.00000
vn -0.15550 -0.98784 0.00000
vn 0.29058 0.95685 0.00000
vn 0.09277 0.99569 0.00000
vn -0.08840 0.99608 0.00000
vn -0.08840 0.99608 0.00000
vn 0.27700 0.96087 0.00000
vn 0.05430 -0.99852 0.00000
vn 0.09848 -0.99514 0.00000
vn 0.09848 -0.99514 0.00000
vn 0.00993 -0.99995 0.00000
vn 0.19575 0.98065 0.00000
vn -0.08927 0.99601 0.00000
vn -0.97408 -0.22622 0.00000
vn -0.34708 0.93784 0.00000
vn -0.04946 -0.99878 0.00000
vn -0.06452 -0.99792 0.00000
vn -0.54310 -0.83967 0.00000
vn -0.25138 -0.96789 0.00000
vn -0.87221 -0.48913 0.00000
vn -0.80737 -0.59004 0.00000
vn -0.86419 -0.50316 0.00000
vn 0.34769 0.93761 0.00000
vn 0.34769 0.93761 0.00000
vn -0.35372 0.93535 0.00000
vn -0.57159 0.82054 0.00000
vn -0.50752 0.86164 0.00000
vn -0.26251 0.96493 0.00000
vn -0.02524 0.99968 0.00000
vn 0.12297 0.99241 0.00000
vn -0.10898 -0.99404 0.00000
vn -0.16033 -0.98706 0.00000
vn -0.26236 -0.96497 0.00000
vn 0.16950 -0.98553 0.00000
vn -0.05105 0.99870 0.00000
vn -0.39958 0.91670 0.00000
vn -0.51111 0.85951 0.00000
vn -0.32816 0.94462 0.00000
vn 0.38643 -0.92232 0.00000
vn 0.16286 -0.98665 0.00000
vn 0.57945 -0.81501 0.00000
vn -0.10598 0.99437 0.00000
vn -0.07218 0.99739 0.00000
vn -0.44309 -0.89648 0.00000
vn -0.19191 -0.98141 0.00000
vn -0.32144 -0.94693 0.00000
vn -0.03680 0.99932 0.00000
vn -0.03528 0.99938 0.00000
vn -0.01021 -0.99995 0.00000
vn -0.03577 -0.99936 0.00000
vn -0.05759 0.99834 0.00000
vn -0.08141 0.99668 0.00000
vn 0.04899 -0.99880 0.00000
vn 0.03216 -0.99948 0.00000
vn -0.12379 0.99231 0.00000
vn -0.14238 0.98981 0.00000
vn 0.13699 -0.99057 0.00000
vn 0.10144 -0.99484 0.00000
vn 0.35544 -0.93470 0.00000
vn 0.29223 -0.95635 0.00000
vn 0.08868 -0.99606 0.00000
vn -0.05533 -0.99847 0.00000
vn -0.46323 -0.88624 0.00000
vn -0.71110 -0.70309 0.00000
vn -0.13581 -0.99074 0.00000
vn -0.16091 0.98697 0.00000
vn -0.31076 -0.95049 0.00000
vn -0.42334 -0.90597 0.00000
vn -0.68511 -0.72844 0.00000
vn -0.81997 -0.57241 0.00000
vn 0.11981 -0.99280 0.00000
vn 0.14470 -0.98948 0.00000
vn 0.14470 -0.98948 0.00000
vn 0.09483 -0.99549 0.00000
vn -0.91663 -0.39973 0.00000
vn 0.99550 -0.09476 0.00000
vn 0.24690 0.96904 0.00000
vn 0.06980 -0.99756 0.00000
vn -0.63202 0.77495 0.00000
vn -0.63202 0.77495 0.00000
vn 0.27415 -0.96169 0.00000
vn 0.24346 -0.96991 0.00000
vn 0.00617 -0.13477 -0.99086
vn -0.01416 0.34794 -0.93741
vn -0.03375 0.99943 0.00000
vn 0.01533 -0.99988 0.00000
vn -0.02252 0.34772 -0.93733
vn 0.00613 -0.14344 -0.98964
vn -0.10517 0.99445 0.00000
vn 0.06579 -0.99783 0.00000
vn 0.06579 -0.99783 0.00000
# 1798 normal vertices

g item_blade
f 2/3/2 1/2/1 5/1/5
f 6/4/6 2/3/2 5/1/5
f 4/5/4 2/3/2 6/4/6
f 8/6/8 4/5/4 6/4/6
f 3/7/3 4/5/4 8/6/8
f 7/8/7 3/7/3 8/6/8
f 1/2/1 3/7/3 7/8/7
f 5/1/5 1/2/1 7/8/7
f 7/11/7 8/10/8 6/9/6
f 5/12/5 7/11/7 6/9/6
f 13/15/13 9/14/9 10/13/10
f 14/16/14 13/15/13 10/13/10
f 14/16/14 10/13/10 12/17/12
f 16/18/16 14/16/14 12/17/12
f 16/18/16 12/17/12 11/19/11
f 15/20/15 16/18/16 11/19/11
f 15/20/15 11/19/11 9/14/9
f 13/15/13 15/20/15 9/14/9
f 14/9/14 16/10/16 15/11/15
f 13/12/13 14/9/14 15/11/15
f 19/23/17 18/22/17 17/21/17
f 17/21/17 20/24/17 19/23/17
f 19/23/17 20/24/17 24/25/17
f 20/24/17 25/26/17 24/25/17
f 21/28/17 19/23/17 26/27/17
f 26/27/17 27/29/17 21/28/17
f 26/27/17 22/30/17 27/29/17
f 22/30/17 28/31/17 27/29/17
f 18/22/17 19/23/17 29/32/17
f 19/23/17 21/28/17 29/32/17
f 23/34/17 24/25/17 30/33/17
f 24/25/17 25/26/17 30/33/17
f 23/34/17 24/25/17 25/26/17
f 31/21/18 32/22/18 33/23/18
f 33/23/18 34/24/18 31/21/18
f 38/25/18 34/24/18 33/23/18
f 38/25/18 39/26/18 34/24/18
f 40/27/18 33/23/18 35/28/18
f 35/28/18 41/29/18 40/27/18
f 41/29/18 36/30/18 40/27/18
f 41/29/18 42/31/18 36/30/18
f 43/32/18 33/23/18 32/22/18
f 43/32/18 35/28/18 33/23/18
f 44/33/18 38/25/18 37/34/18
f 44/33/18 39/26/18 38/25/18
f 39/26/18 38/25/18 37/34/18
f 59/37/17 58/36/17 57/35/25
f 61/39/17 60/38/17 59/37/17
f 62/40/17 60/38/17 61/39/17
f 63/41/17 62/40/17 61/39/17
f 64/42/17 62/40/17 63/41/17
f 65/43/17 62/40/17 64/42/17
f 66/44/17 65/43/17 64/42/17
f 67/45/17 66/44/17 64/42/17
f 68/46/17 66/44/17 67/45/17
f 69/47/17 68/46/17 67/45/17
f 70/48/17 68/46/17 69/47/17
f 71/49/17 70/48/17 69/47/17
f 72/50/17 70/48/17 71/49/17
f 73/51/17 72/50/17 71/49/17
f 74/52/17 72/50/17 73/51/17
f 60/38/17 58/36/17 59/37/17
f 58/36/17 55/53/17 57/35/25
f 53/55/17 78/54/27 55/53/17
f 56/58/24 78/57/27 54/56/23
f 51/60/17 79/59/28 53/55/17
f 54/56/23 79/62/28 52/61/22
f 53/55/17 79/59/28 78/54/27
f 78/57/27 79/62/28 54/56/23
f 52/61/22 79/62/28 49/63/21
f 47/66/17 80/65/29 50/64/17
f 49/63/21 80/68/29 48/67/20
f 79/62/28 80/68/29 49/63/21
f 50/64/17 80/65/29 51/60/17
f 51/60/17 80/65/29 79/59/28
f 80/68/29 81/69/30 48/67/20
f 47/66/17 81/70/30 80/65/29
f 47/66/17 82/71/31 81/70/30
f 81/69/30 82/72/31 48/67/20
f 47/66/17 83/73/17 82/71/31
f 46/76/19 86/75/32 45/74/17
f 86/75/32 84/77/17 45/74/17
f 77/78/26 86/75/32 46/76/19
f 87/79/33 77/78/26 48/67/20
f 48/67/20 82/72/31 87/79/33
f 86/75/32 88/80/34 84/77/17
f 83/82/17 88/80/34 85/81/17
f 84/77/17 88/80/34 83/82/17
f 88/85/34 87/84/33 85/83/17
f 83/82/17 45/74/17 84/77/17
f 47/86/17 45/74/17 83/82/17
f 83/82/17 85/81/17 82/72/31
f 82/72/31 85/81/17 87/79/33
f 86/88/32 77/87/26 88/85/34
f 88/85/34 77/87/26 87/84/33
f 78/54/27 56/89/24 57/35/25
f 55/53/17 78/54/27 57/35/25
f 97/35/38 98/36/39 99/37/40
f 99/37/40 100/38/41 101/39/42
f 101/39/42 100/38/41 102/40/18
f 101/39/42 102/40/18 103/41/18
f 103/41/18 102/40/18 104/42/18
f 104/42/18 102/40/18 105/43/18
f 104/42/18 105/43/18 106/44/18
f 104/42/18 106/44/18 107/45/18
f 107/45/18 106/44/18 108/46/18
f 107/45/18 108/46/18 109/47/18
f 109/47/18 108/46/18 110/48/18
f 109/47/18 110/48/18 111/49/18
f 111/49/18 110/48/18 112/50/18
f 111/49/18 112/50/18 113/51/18
f 113/51/18 112/50/18 114/52/18
f 99/37/40 98/36/39 100/38/41
f 97/35/38 95/53/36 98/36/39
f 95/53/36 118/54/44 94/55/18
f 54/56/809 118/57/44 96/58/37
f 94/55/18 119/59/45 93/60/18
f 52/61/810 119/62/45 54/56/809
f 118/54/44 119/59/45 94/55/18
f 54/56/809 119/62/45 118/57/44
f 49/63/811 119/62/45 52/61/810
f 92/64/18 120/65/46 91/66/18
f 48/67/812 120/68/46 49/63/811
f 49/63/811 120/68/46 119/62/45
f 93/60/18 120/65/46 92/64/18
f 119/59/45 120/65/46 93/60/18
f 48/67/812 121/69/47 120/68/46
f 120/65/46 121/70/47 91/66/18
f 121/70/47 122/71/48 91/66/18
f 48/67/812 122/72/48 121/69/47
f 122/71/48 123/73/18 91/66/18
f 89/74/18 126/75/49 90/76/35
f 89/74/18 124/77/18 126/75/49
f 90/76/35 126/75/49 117/78/43
f 48/67/812 117/78/43 127/79/50
f 127/79/50 122/72/48 48/67/812
f 124/77/18 128/80/51 126/75/49
f 125/81/18 128/80/51 123/82/18
f 123/82/18 128/80/51 124/77/18
f 125/83/18 127/84/50 128/85/51
f 124/77/18 89/74/18 123/82/18
f 123/82/18 89/74/18 91/86/18
f 122/72/48 125/81/18 123/82/18
f 127/79/50 125/81/18 122/72/48
f 128/85/51 117/87/43 126/88/49
f 127/84/50 117/87/43 128/85/51
f 97/35/38 96/89/37 118/54/44
f 97/35/38 118/54/44 95/53/36
f 54/56/23 96/58/813 56/58/813
f 77/78/814 117/78/814 48/67/814
f 131/92/54 129/91/52 132/90/55
f 131/92/54 132/90/55 133/93/56
f 132/96/55 130/95/53 133/94/56
f 130/95/53 140/97/63 133/94/56
f 133/93/56 141/98/64 131/92/54
f 131/92/54 141/98/64 134/99/57
f 142/102/65 143/101/66 141/100/64
f 142/102/65 144/103/67 143/101/66
f 144/103/67 145/104/68 143/101/66
f 144/103/67 146/105/69 145/104/68
f 146/105/69 147/106/70 145/104/68
f 146/105/69 148/107/71 147/106/70
f 148/107/71 149/108/72 147/106/70
f 141/98/64 143/109/66 134/99/57
f 134/99/57 143/109/66 135/110/58
f 135/110/58 143/109/66 136/111/59
f 143/109/66 145/112/68 136/111/59
f 145/112/68 147/113/70 136/111/59
f 136/111/59 147/113/70 137/114/60
f 137/114/60 147/113/70 138/115/61
f 147/113/70 149/116/72 138/115/61
f 138/115/61 149/116/72 139/117/62
f 149/116/72 150/118/73 139/117/62
f 149/108/72 148/107/71 150/119/73
f 148/107/71 151/120/74 150/119/73
f 151/120/74 152/121/75 150/119/73
f 152/121/75 153/122/76 150/119/73
f 150/118/73 153/123/76 139/117/62
f 153/123/76 154/124/77 139/117/62
f 156/127/79 160/126/83 157/125/80
f 160/126/83 161/128/84 157/125/80
f 161/128/84 162/129/85 157/125/80
f 163/132/86 164/131/87 159/130/82
f 164/131/87 165/133/17 159/130/82
f 164/131/87 166/134/88 165/133/17
f 166/134/88 167/135/89 165/133/17
f 163/137/86 162/129/85 164/136/87
f 162/129/85 168/138/90 164/136/87
f 164/136/87 168/138/90 166/139/88
f 168/138/90 169/140/91 166/139/88
f 169/140/91 170/141/92 166/139/88
f 170/141/92 171/142/93 166/139/88
f 166/139/88 171/142/93 167/143/89
f 142/102/65 141/100/64 173/144/95
f 133/94/56 140/97/63 173/144/95
f 141/100/64 133/94/56 173/144/95
f 162/129/85 163/137/86 174/145/96
f 163/132/86 158/147/81 174/146/96
f 158/147/81 157/148/80 174/146/96
f 157/125/80 162/129/85 174/145/96
f 156/151/79 157/150/80 155/149/78
f 172/152/94 155/149/78 157/150/80
f 158/153/81 172/152/94 157/150/80
f 177/156/99 175/155/97 178/154/100
f 177/159/99 178/158/100 179/157/101
f 179/161/101 178/154/100 180/160/102
f 156/151/79 155/149/78 181/162/103
f 179/157/101 180/163/102 181/162/103
f 160/126/83 156/127/79 182/164/104
f 156/151/79 181/162/103 182/165/104
f 181/166/103 180/160/102 182/164/104
f 159/168/82 172/152/94 183/167/105
f 172/152/94 158/153/81 183/167/105
f 158/147/81 163/132/86 183/169/105
f 163/132/86 159/130/82 183/169/105
f 175/155/97 153/122/76 152/121/75
f 180/160/102 178/154/100 184/170/106
f 184/170/106 160/126/83 182/164/104
f 180/160/102 184/170/106 182/164/104
f 184/170/106 178/154/100 175/155/97
f 152/121/75 184/170/106 175/155/97
f 177/159/99 179/157/101 176/171/98
f 181/162/103 155/149/78 176/171/98
f 179/157/101 181/162/103 176/171/98
f 153/123/76 175/172/97 154/124/77
f 154/124/77 175/172/97 177/159/99
f 176/171/98 154/124/77 177/159/99
f 185/90/107 129/91/816 131/92/815
f 186/93/108 185/90/107 131/92/815
f 186/94/108 130/95/817 185/96/107
f 186/94/108 140/97/818 130/95/817
f 131/92/815 187/98/109 186/93/108
f 134/99/819 187/98/109 131/92/815
f 187/100/109 188/101/110 142/102/820
f 188/101/110 144/103/821 142/102/820
f 188/101/110 189/104/111 144/103/821
f 189/104/111 146/105/822 144/103/821
f 189/104/111 190/106/112 146/105/822
f 190/106/112 148/107/823 146/105/822
f 190/106/112 191/108/113 148/107/823
f 134/99/819 188/109/110 187/98/109
f 135/110/824 188/109/110 134/99/819
f 136/111/825 188/109/110 135/110/824
f 136/111/825 189/112/111 188/109/110
f 136/111/825 190/113/112 189/112/111
f 137/114/826 190/113/112 136/111/825
f 138/115/827 190/113/112 137/114/826
f 138/115/827 191/116/113 190/113/112
f 139/117/828 191/116/113 138/115/827
f 139/117/828 192/118/114 191/116/113
f 192/119/114 148/107/823 191/108/113
f 192/119/114 151/120/829 148/107/823
f 192/119/114 152/121/830 151/120/829
f 192/119/114 193/122/115 152/121/830
f 139/117/828 193/123/115 192/118/114
f 139/117/828 154/124/831 193/123/115
f 195/125/117 160/126/832 194/127/116
f 195/125/117 161/128/833 160/126/832
f 195/125/117 162/129/834 161/128/833
f 197/130/119 199/131/121 198/132/120
f 197/130/119 200/133/18 199/131/121
f 200/133/18 201/134/122 199/131/121
f 200/133/18 202/135/123 201/134/122
f 199/136/121 162/129/834 198/137/120
f 199/136/121 168/138/835 162/129/834
f 201/139/122 168/138/835 199/136/121
f 201/139/122 169/140/836 168/138/835
f 201/139/122 170/141/837 169/140/836
f 201/139/122 171/142/838 170/141/837
f 202/143/123 171/142/838 201/139/122
f 173/144/839 187/100/109 142/102/820
f 173/144/839 140/97/818 186/94/108
f 173/144/839 186/94/108 187/100/109
f 203/145/124 198/137/120 162/129/834
f 203/146/124 196/147/118 198/132/120
f 203/146/124 195/148/117 196/147/118
f 203/145/124 162/129/834 195/125/117
f 155/149/840 195/150/117 194/151/116
f 195/150/117 155/149/840 172/152/841
f 195/150/117 172/152/841 196/153/118
f 206/154/127 204/155/125 205/156/126
f 207/157/128 206/158/127 205/159/126
f 208/160/129 206/154/127 207/161/128
f 209/162/130 155/149/840 194/151/116
f 209/162/130 208/163/129 207/157/128
f 210/164/131 194/127/116 160/126/832
f 210/165/131 209/162/130 194/151/116
f 210/164/131 208/160/129 209/166/130
f 211/167/132 172/152/841 197/168/119
f 211/167/132 196/153/118 172/152/841
f 211/169/132 198/132/120 196/147/118
f 211/169/132 197/130/119 198/132/120
f 152/121/830 193/122/115 204/155/125
f 184/170/842 206/154/127 208/160/129
f 210/164/131 160/126/832 184/170/842
f 210/164/131 184/170/842 208/160/129
f 204/155/125 206/154/127 184/170/842
f 204/155/125 184/170/842 152/121/830
f 176/171/843 207/157/128 205/159/126
f 176/171/843 155/149/840 209/162/130
f 176/171/843 209/162/130 207/157/128
f 154/124/831 204/172/125 193/123/115
f 205/159/126 204/172/125 154/124/831
f 205/159/126 154/124/831 176/171/843
f 129/91/845 185/90/844 132/90/844
f 132/96/844 185/96/844 130/95/846
f 171/142/849 202/143/848 167/143/847
f 159/168/852 197/168/851 172/152/850
f 214/175/18 213/174/18 212/173/18
f 214/175/18 215/176/18 213/174/18
f 215/176/18 216/177/18 213/174/18
f 216/177/18 217/178/18 213/174/18
f 216/177/18 218/179/18 217/178/18
f 218/179/18 219/180/18 217/178/18
f 220/182/18 221/181/18 219/180/18
f 220/182/18 222/183/18 221/181/18
f 222/183/18 223/184/18 221/181/18
f 222/183/18 224/185/18 223/184/18
f 224/185/18 225/186/18 223/184/18
f 224/185/18 226/187/18 225/186/18
f 226/187/18 227/188/18 225/186/18
f 228/191/18 231/190/18 229/189/18
f 231/190/18 232/192/18 229/189/18
f 229/189/18 232/192/18 230/193/18
f 233/195/18 230/193/18 234/194/18
f 230/193/18 232/192/18 234/194/18
f 237/198/18 238/197/18 236/196/18
f 236/196/18 238/197/18 235/199/18
f 235/199/18 238/197/18 233/195/18
f 238/197/18 239/200/18 233/195/18
f 239/200/18 240/201/18 233/195/18
f 239/200/18 241/202/18 240/201/18
f 241/202/18 242/203/18 240/201/18
f 242/203/18 241/202/18 244/204/18
f 241/202/18 243/205/18 244/204/18
f 244/204/18 245/206/18 242/203/18
f 219/180/18 246/207/18 220/182/18
f 219/180/18 218/179/18 246/207/18
f 249/210/135 248/209/134 247/208/133
f 249/210/135 250/211/136 248/209/134
f 250/211/136 251/212/137 248/209/134
f 251/212/137 252/213/138 248/209/134
f 251/212/137 253/214/139 252/213/138
f 254/217/140 256/216/142 255/215/141
f 256/216/142 257/218/143 255/215/141
f 256/216/142 258/219/144 257/218/143
f 258/219/144 259/220/18 257/218/143
f 258/219/144 260/221/145 259/220/18
f 260/221/145 261/222/146 259/220/18
f 248/209/134 262/223/147 247/208/133
f 264/226/149 265/225/150 263/224/148
f 265/225/150 266/227/151 263/224/148
f 265/225/150 267/228/152 266/227/151
f 267/228/152 268/229/153 266/227/151
f 264/226/149 271/230/156 265/225/150
f 271/230/156 272/231/157 265/225/150
f 265/225/150 272/231/157 267/228/152
f 272/231/157 273/232/158 267/228/152
f 267/228/152 273/232/158 269/233/154
f 264/226/149 274/234/159 271/230/156
f 248/209/134 252/213/138 276/235/161
f 252/213/138 277/236/162 276/235/161
f 255/215/141 257/218/143 278/237/163
f 257/218/143 279/238/164 278/237/163
f 251/212/137 281/239/166 253/214/139
f 281/239/166 282/240/167 253/214/139
f 254/217/140 283/241/168 256/216/142
f 283/241/168 284/242/169 256/216/142
f 256/216/142 284/242/169 258/219/144
f 284/242/169 285/243/170 258/219/144
f 258/219/144 285/243/170 260/221/145
f 285/243/170 286/244/171 260/221/145
f 260/221/145 287/245/172 261/222/146
f 260/221/145 286/244/171 287/245/172
f 287/245/172 288/246/173 261/222/146
f 257/218/143 289/247/174 279/238/164
f 257/218/143 259/220/18 289/247/174
f 289/247/174 290/248/175 279/238/164
f 289/247/174 291/249/176 290/248/175
f 261/222/146 292/250/177 291/249/176
f 261/222/146 288/246/173 292/250/177
f 291/249/176 289/247/174 293/251/178
f 289/247/174 259/220/18 293/251/178
f 259/220/18 261/222/146 293/251/178
f 261/222/146 291/249/176 293/251/178
f 250/211/136 249/210/135 280/252/165
f 249/210/135 294/253/179 280/252/165
f 249/210/135 247/208/133 294/253/179
f 247/208/133 295/254/180 294/253/179
f 247/208/133 263/224/148 295/254/180
f 263/224/148 296/255/181 295/254/180
f 263/224/148 266/227/151 296/255/181
f 266/227/151 297/256/182 296/255/181
f 266/227/151 268/229/153 297/256/182
f 268/229/153 298/257/183 297/256/182
f 268/229/153 270/258/155 298/257/183
f 270/258/155 299/259/184 298/257/183
f 270/258/155 300/260/185 299/259/184
f 301/261/186 281/239/166 251/212/137
f 253/214/139 282/240/167 302/262/187
f 263/224/148 247/208/133 262/223/147
f 262/223/147 264/226/149 263/224/148
f 300/260/185 270/258/155 269/233/154
f 301/261/186 251/212/137 250/211/136
f 280/252/165 301/261/186 250/211/136
f 252/213/138 253/214/139 303/263/188
f 253/214/139 302/262/187 303/263/188
f 302/262/187 254/217/140 303/263/188
f 303/263/188 254/217/140 255/215/141
f 252/213/138 303/263/188 255/215/141
f 305/266/18 308/265/18 306/264/18
f 308/265/18 309/267/18 306/264/18
f 306/264/18 309/267/18 307/268/18
f 309/267/18 310/269/18 307/268/18
f 307/268/18 310/269/18 304/270/18
f 305/266/18 311/271/18 308/265/18
f 313/274/18 316/273/18 314/272/18
f 316/273/18 317/275/18 314/272/18
f 314/272/18 317/275/18 315/276/18
f 317/275/18 318/277/18 315/276/18
f 315/276/18 318/277/18 312/278/18
f 313/274/18 319/279/18 316/273/18
f 321/282/18 324/281/18 322/280/18
f 322/280/18 324/281/18 323/283/18
f 324/281/18 325/284/18 323/283/18
f 323/283/18 325/284/18 320/285/18
f 321/282/18 326/286/18 324/281/18
f 320/285/18 325/284/18 327/287/18
f 325/284/18 328/288/18 327/287/18
f 325/284/18 324/281/18 328/288/18
f 332/291/18 333/290/18 330/289/18
f 330/289/18 333/290/18 331/292/190
f 333/290/18 334/293/191 331/292/190
f 331/292/190 334/293/191 335/294/192
f 332/291/18 330/289/18 336/295/18
f 331/292/190 335/294/192 337/296/193
f 335/294/192 329/297/189 337/296/193
f 339/300/195 342/299/18 340/298/18
f 342/299/18 343/301/18 340/298/18
f 340/298/18 343/301/18 341/302/196
f 343/301/18 345/303/198 341/302/196
f 341/302/196 345/303/198 344/304/197
f 345/303/198 346/305/199 344/304/197
f 344/304/197 347/307/200 338/306/194
f 344/304/197 346/305/199 347/307/200
f 347/307/200 348/308/201 338/306/194
f 351/311/18 353/310/18 350/309/18
f 351/311/18 354/312/18 353/310/18
f 351/311/18 352/313/18 354/312/18
f 352/313/18 355/314/18 354/312/18
f 352/313/18 349/315/18 355/314/18
f 356/173/17 357/174/17 358/175/17
f 357/174/17 359/176/17 358/175/17
f 357/174/17 360/177/17 359/176/17
f 357/174/17 361/178/17 360/177/17
f 361/178/17 362/179/17 360/177/17
f 361/178/17 363/180/17 362/179/17
f 363/180/17 365/181/17 364/182/17
f 365/181/17 366/183/17 364/182/17
f 365/181/17 367/184/17 366/183/17
f 367/184/17 368/185/17 366/183/17
f 367/184/17 369/186/17 368/185/17
f 369/186/17 370/187/17 368/185/17
f 369/186/17 371/188/17 370/187/17
f 373/189/17 375/190/17 372/191/17
f 373/189/17 376/192/17 375/190/17
f 374/193/17 376/192/17 373/189/17
f 378/194/17 374/193/17 377/195/17
f 378/194/17 376/192/17 374/193/17
f 380/196/17 382/197/17 381/198/17
f 379/199/17 382/197/17 380/196/17
f 377/195/17 382/197/17 379/199/17
f 377/195/17 383/200/17 382/197/17
f 377/195/17 384/201/17 383/200/17
f 384/201/17 385/202/17 383/200/17
f 384/201/17 386/203/17 385/202/17
f 388/204/17 385/202/17 386/203/17
f 388/204/17 387/205/17 385/202/17
f 386/203/17 389/206/17 388/204/17
f 364/182/17 390/207/17 363/180/17
f 390/207/17 362/179/17 363/180/17
f 391/208/202 392/209/203 393/210/204
f 392/209/203 394/211/205 393/210/204
f 392/209/203 395/212/206 394/211/205
f 392/209/203 396/213/207 395/212/206
f 396/213/207 397/214/208 395/212/206
f 399/215/210 400/216/211 398/217/209
f 399/215/210 401/218/212 400/216/211
f 401/218/212 402/219/213 400/216/211
f 401/218/212 403/220/17 402/219/213
f 403/220/17 404/221/214 402/219/213
f 403/220/17 405/222/215 404/221/214
f 391/208/202 406/223/216 392/209/203
f 407/224/217 409/225/219 408/226/218
f 407/224/217 410/227/220 409/225/219
f 410/227/220 411/228/221 409/225/219
f 410/227/220 412/229/222 411/228/221
f 409/225/219 415/230/225 408/226/218
f 409/225/219 416/231/226 415/230/225
f 411/228/221 416/231/226 409/225/219
f 411/228/221 417/232/227 416/231/226
f 413/233/223 417/232/227 411/228/221
f 415/230/225 418/234/228 408/226/218
f 420/235/230 396/213/207 392/209/203
f 420/235/230 421/236/231 396/213/207
f 422/237/232 401/218/212 399/215/210
f 422/237/232 423/238/233 401/218/212
f 397/214/208 425/239/235 395/212/206
f 397/214/208 426/240/236 425/239/235
f 400/216/211 427/241/237 398/217/209
f 400/216/211 428/242/238 427/241/237
f 402/219/213 428/242/238 400/216/211
f 402/219/213 429/243/239 428/242/238
f 404/221/214 429/243/239 402/219/213
f 404/221/214 430/244/240 429/243/239
f 405/222/215 431/245/241 404/221/214
f 431/245/241 430/244/240 404/221/214
f 405/222/215 432/246/242 431/245/241
f 423/238/233 433/247/243 401/218/212
f 433/247/243 403/220/17 401/218/212
f 423/238/233 434/248/244 433/247/243
f 434/248/244 435/249/245 433/247/243
f 435/249/245 436/250/246 405/222/215
f 436/250/246 432/246/242 405/222/215
f 437/251/247 433/247/243 435/249/245
f 437/251/247 403/220/17 433/247/243
f 437/251/247 405/222/215 403/220/17
f 437/251/247 435/249/245 405/222/215
f 424/252/234 393/210/204 394/211/205
f 424/252/234 438/253/248 393/210/204
f 438/253/248 391/208/202 393/210/204
f 438/253/248 439/254/249 391/208/202
f 439/254/249 407/224/217 391/208/202
f 439/254/249 440/255/250 407/224/217
f 440/255/250 410/227/220 407/224/217
f 440/255/250 441/256/251 410/227/220
f 441/256/251 412/229/222 410/227/220
f 441/256/251 442/257/252 412/229/222
f 442/257/252 414/258/224 412/229/222
f 442/257/252 443/259/253 414/258/224
f 443/259/253 444/260/254 414/258/224
f 395/212/206 425/239/235 445/261/255
f 446/262/256 426/240/236 397/214/208
f 406/223/216 391/208/202 407/224/217
f 407/224/217 408/226/218 406/223/216
f 413/233/223 414/258/224 444/260/254
f 394/211/205 395/212/206 445/261/255
f 394/211/205 445/261/255 424/252/234
f 447/263/257 397/214/208 396/213/207
f 447/263/257 446/262/256 397/214/208
f 447/263/257 398/217/209 446/262/256
f 399/215/210 398/217/209 447/263/257
f 399/215/210 447/263/257 396/213/207
f 450/264/17 452/265/17 449/266/17
f 450/264/17 453/267/17 452/265/17
f 451/268/17 453/267/17 450/264/17
f 451/268/17 454/269/17 453/267/17
f 448/270/17 454/269/17 451/268/17
f 452/265/17 455/271/17 449/266/17
f 458/272/17 460/273/17 457/274/17
f 458/272/17 461/275/17 460/273/17
f 459/276/17 461/275/17 458/272/17
f 459/276/17 462/277/17 461/275/17
f 456/278/17 462/277/17 459/276/17
f 460/273/17 463/279/17 457/274/17
f 466/280/17 468/281/17 465/282/17
f 467/283/17 468/281/17 466/280/17
f 467/283/17 469/284/17 468/281/17
f 464/285/17 469/284/17 467/283/17
f 468/281/17 470/286/17 465/282/17
f 471/287/17 469/284/17 464/285/17
f 471/287/17 472/288/17 469/284/17
f 472/288/17 468/281/17 469/284/17
f 474/289/17 477/290/17 476/291/17
f 475/292/259 477/290/17 474/289/17
f 475/292/259 478/293/260 477/290/17
f 479/294/261 478/293/260 475/292/259
f 480/295/17 474/289/17 476/291/17
f 481/296/262 479/294/261 475/292/259
f 481/296/262 473/297/258 479/294/261
f 484/298/17 486/299/17 483/300/264
f 484/298/17 487/301/17 486/299/17
f 485/302/265 487/301/17 484/298/17
f 485/302/265 489/303/267 487/301/17
f 488/304/266 489/303/267 485/302/265
f 488/304/266 490/305/268 489/303/267
f 482/306/263 491/307/269 488/304/266
f 491/307/269 490/305/268 488/304/266
f 482/306/263 492/308/270 491/307/269
f 494/309/17 497/310/17 495/311/17
f 497/310/17 498/312/17 495/311/17
f 498/312/17 496/313/17 495/311/17
f 498/312/17 499/314/17 496/313/17
f 499/314/17 493/315/17 496/313/17
f 18/22/855 32/22/854 31/21/853
f 17/21/853 18/22/855 31/21/853
f 17/21/857 31/21/857 34/24/856
f 20/24/858 17/21/857 34/24/856
f 24/25/861 38/25/860 33/23/859
f 19/23/862 24/25/861 33/23/859
f 20/24/858 34/24/856 39/26/863
f 25/26/863 20/24/858 39/26/863
f 19/23/865 33/23/865 40/27/864
f 26/27/866 19/23/865 40/27/864
f 27/29/868 41/29/868 35/28/867
f 21/28/869 27/29/868 35/28/867
f 26/27/866 40/27/864 36/30/870
f 22/30/871 26/27/866 36/30/870
f 28/31/872 42/31/873 41/29/872
f 27/29/873 28/31/872 41/29/872
f 22/30/874 36/30/874 42/31/874
f 28/31/874 22/30/874 42/31/874
f 29/32/876 43/32/875 32/22/854
f 18/22/855 29/32/876 32/22/854
f 21/28/869 35/28/867 43/32/875
f 29/32/876 21/28/869 43/32/875
f 23/34/877 37/34/877 38/25/860
f 24/25/861 23/34/877 38/25/860
f 30/33/880 44/33/879 37/34/878
f 23/34/881 30/33/880 37/34/878
f 25/26/882 39/26/882 44/33/879
f 30/33/880 25/26/882 44/33/879
f 24/25/883 38/25/883 39/26/863
f 25/26/863 24/25/883 39/26/863
f 23/34/877 37/34/877 38/25/860
f 24/25/861 23/34/877 38/25/860
f 25/26/882 39/26/882 37/34/878
f 23/34/881 25/26/882 37/34/878
f 74/52/17 73/51/17 75/316/17
f 76/317/17 74/52/17 75/316/17
f 116/317/18 115/316/18 113/51/18
f 114/52/18 116/317/18 113/51/18
f 57/35/886 97/35/885 99/37/884
f 59/37/887 57/35/886 99/37/884
f 59/37/887 99/37/884 101/39/888
f 61/39/889 59/37/887 101/39/888
f 62/40/892 102/40/891 100/38/890
f 60/38/890 62/40/892 100/38/890
f 61/39/889 101/39/888 103/41/893
f 63/41/893 61/39/889 103/41/893
f 63/41/895 103/41/895 104/42/894
f 64/42/896 63/41/895 104/42/894
f 65/43/898 105/43/897 102/40/891
f 62/40/892 65/43/898 102/40/891
f 66/44/899 106/44/899 105/43/897
f 65/43/898 66/44/899 105/43/897
f 64/42/896 104/42/894 107/45/900
f 67/45/901 64/42/896 107/45/900
f 68/46/904 108/46/903 106/44/902
f 66/44/905 68/46/904 106/44/902
f 67/45/901 107/45/900 109/47/906
f 69/47/907 67/45/901 109/47/906
f 70/48/909 110/48/908 108/46/903
f 68/46/904 70/48/909 108/46/903
f 69/47/907 109/47/906 111/49/910
f 71/49/911 69/47/907 111/49/910
f 72/50/913 112/50/912 110/48/908
f 70/48/909 72/50/913 110/48/908
f 71/49/911 111/49/910 113/51/914
f 73/51/915 71/49/911 113/51/914
f 74/52/917 114/52/916 112/50/912
f 72/50/913 74/52/917 112/50/912
f 60/38/919 100/38/919 98/36/918
f 58/36/920 60/38/919 98/36/918
f 58/36/920 98/36/918 95/53/921
f 55/53/922 58/36/920 95/53/921
f 75/316/923 115/316/923 116/317/923
f 76/317/923 75/316/923 116/317/923
f 73/51/915 113/51/914 115/316/924
f 75/316/924 73/51/915 115/316/924
f 76/317/926 116/317/925 114/52/916
f 74/52/917 76/317/926 114/52/916
f 55/53/922 95/53/921 94/55/927
f 53/55/928 55/53/922 94/55/927
f 53/55/928 94/55/927 93/60/929
f 51/60/930 53/55/928 93/60/929
f 50/64/933 92/64/932 91/66/931
f 47/66/934 50/64/933 91/66/931
f 51/60/930 93/60/929 92/64/935
f 50/64/935 51/60/930 92/64/935
f 45/74/936 89/74/936 90/76/936
f 46/76/936 45/74/936 90/76/936
f 46/76/937 90/76/937 117/78/937
f 77/78/937 46/76/937 117/78/937
f 47/86/934 91/86/931 89/74/938
f 45/74/939 47/86/934 89/74/938
f 56/89/940 96/89/940 97/35/885
f 57/35/886 56/89/940 97/35/885
f 165/133/942 200/133/941 197/130/851
f 159/130/852 165/133/942 197/130/851
f 167/135/847 202/135/848 200/133/941
f 165/133/942 167/135/847 200/133/941
f 270/258/155 268/229/153 267/228/152
f 269/233/154 270/258/155 267/228/152
f 262/223/147 275/318/160 274/234/159
f 264/226/149 262/223/147 274/234/159
f 275/318/160 262/223/147 248/209/134
f 276/235/161 275/318/160 248/209/134
f 277/236/162 252/213/138 255/215/141
f 278/237/163 277/236/162 255/215/141
f 413/233/223 411/228/221 412/229/222
f 414/258/224 413/233/223 412/229/222
f 418/234/228 419/318/229 406/223/216
f 408/226/218 418/234/228 406/223/216
f 392/209/203 406/223/216 419/318/229
f 420/235/230 392/209/203 419/318/229
f 399/215/210 396/213/207 421/236/231
f 422/237/232 399/215/210 421/236/231
f 213/174/945 357/174/944 356/173/943
f 212/173/943 213/174/945 356/173/943
f 212/173/947 356/173/947 358/175/946
f 214/175/948 212/173/947 358/175/946
f 214/175/948 358/175/946 359/176/949
f 215/176/950 214/175/948 359/176/949
f 215/176/950 359/176/949 360/177/951
f 216/177/952 215/176/950 360/177/951
f 217/178/954 361/178/953 357/174/944
f 213/174/945 217/178/954 357/174/944
f 216/177/952 360/177/951 362/179/955
f 218/179/956 216/177/952 362/179/955
f 219/180/958 363/180/957 361/178/953
f 217/178/954 219/180/958 361/178/953
f 221/181/960 365/181/959 363/180/957
f 219/180/958 221/181/960 363/180/957
f 220/182/963 364/182/962 366/183/961
f 222/183/964 220/182/963 366/183/961
f 223/184/965 367/184/965 365/181/959
f 221/181/960 223/184/965 365/181/959
f 222/183/964 366/183/961 368/185/966
f 224/185/967 222/183/964 368/185/966
f 225/186/970 369/186/969 367/184/968
f 223/184/968 225/186/970 367/184/968
f 224/185/967 368/185/966 370/187/971
f 226/187/972 224/185/967 370/187/971
f 227/188/974 371/188/973 369/186/969
f 225/186/970 227/188/974 369/186/969
f 226/187/975 370/187/976 371/188/975
f 227/188/976 226/187/975 371/188/975
f 228/191/979 372/191/978 375/190/977
f 231/190/980 228/191/979 375/190/977
f 229/189/983 373/189/982 372/191/981
f 228/191/981 229/189/983 372/191/981
f 231/190/980 375/190/977 376/192/984
f 232/192/985 231/190/980 376/192/984
f 230/193/987 374/193/986 373/189/982
f 229/189/983 230/193/987 373/189/982
f 233/195/989 377/195/988 374/193/986
f 230/193/987 233/195/989 374/193/986
f 234/194/992 378/194/991 377/195/990
f 233/195/990 234/194/992 377/195/990
f 232/192/985 376/192/984 378/194/991
f 234/194/992 232/192/985 378/194/991
f 237/198/994 381/198/994 382/197/993
f 238/197/995 237/198/994 382/197/993
f 236/196/998 380/196/997 381/198/996
f 237/198/999 236/196/998 381/198/996
f 235/199/1001 379/199/1000 380/196/997
f 236/196/998 235/199/1001 380/196/997
f 233/195/989 377/195/988 379/199/1000
f 235/199/1001 233/195/989 379/199/1000
f 238/197/995 382/197/993 383/200/1002
f 239/200/1003 238/197/995 383/200/1002
f 240/201/1005 384/201/1004 377/195/988
f 233/195/989 240/201/1005 377/195/988
f 239/200/1003 383/200/1002 385/202/1006
f 241/202/1007 239/200/1003 385/202/1006
f 242/203/1008 386/203/1008 384/201/1004
f 240/201/1005 242/203/1008 384/201/1004
f 243/205/1011 387/205/1010 388/204/1009
f 244/204/1012 243/205/1011 388/204/1009
f 241/202/1007 385/202/1006 387/205/1010
f 243/205/1011 241/202/1007 387/205/1010
f 245/206/1013 389/206/1014 386/203/1013
f 242/203/1014 245/206/1013 386/203/1013
f 244/204/1012 388/204/1009 389/206/1015
f 245/206/1015 244/204/1012 389/206/1015
f 246/207/1017 390/207/1016 364/182/962
f 220/182/963 246/207/1017 364/182/962
f 218/179/956 362/179/955 390/207/1016
f 246/207/1017 218/179/956 390/207/1016
f 271/230/1020 415/230/1019 416/231/1018
f 272/231/1021 271/230/1020 416/231/1018
f 272/231/1021 416/231/1018 417/232/1022
f 273/232/1023 272/231/1021 417/232/1022
f 273/232/1023 417/232/1022 413/233/1024
f 269/233/1025 273/232/1023 413/233/1024
f 274/234/1027 418/234/1026 415/230/1019
f 271/230/1020 274/234/1027 415/230/1019
f 277/236/1030 421/236/1029 420/235/1028
f 276/235/1031 277/236/1030 420/235/1028
f 279/238/1034 423/238/1033 422/237/1032
f 278/237/1035 279/238/1034 422/237/1032
f 281/239/1038 425/239/1037 426/240/1036
f 282/240/1039 281/239/1038 426/240/1036
f 254/217/1040 398/217/1041 427/241/1040
f 283/241/1042 254/217/1040 427/241/1040
f 283/241/1045 427/241/1044 428/242/1043
f 284/242/1046 283/241/1045 428/242/1043
f 284/242/1046 428/242/1043 429/243/1047
f 285/243/1048 284/242/1046 429/243/1047
f 285/243/1048 429/243/1047 430/244/1049
f 286/244/1049 285/243/1048 430/244/1049
f 286/244/1052 430/244/1051 431/245/1050
f 287/245/1053 286/244/1052 431/245/1050
f 287/245/1053 431/245/1050 432/246/1054
f 288/246/1055 287/245/1053 432/246/1054
f 290/248/1057 434/248/1056 423/238/1033
f 279/238/1034 290/248/1057 423/238/1033
f 291/249/1059 435/249/1058 434/248/1056
f 290/248/1057 291/249/1059 434/248/1056
f 292/250/1061 436/250/1060 435/249/1058
f 291/249/1059 292/250/1061 435/249/1058
f 288/246/1062 432/246/1062 436/250/1060
f 292/250/1061 288/246/1062 436/250/1060
f 294/253/1065 438/253/1064 424/252/1063
f 280/252/1066 294/253/1065 424/252/1063
f 295/254/1068 439/254/1067 438/253/1064
f 294/253/1065 295/254/1068 438/253/1064
f 296/255/1070 440/255/1069 439/254/1067
f 295/254/1068 296/255/1070 439/254/1067
f 297/256/1072 441/256/1071 440/255/1069
f 296/255/1070 297/256/1072 440/255/1069
f 298/257/1074 442/257/1073 441/256/1071
f 297/256/1072 298/257/1074 441/256/1071
f 299/259/1075 443/259/1076 442/257/1075
f 298/257/1077 299/259/1075 442/257/1075
f 300/260/1078 444/260/1078 443/259/1078
f 299/259/1078 300/260/1078 443/259/1078
f 301/261/1080 445/261/1079 425/239/1037
f 281/239/1038 301/261/1080 425/239/1037
f 282/240/1039 426/240/1036 446/262/1081
f 302/262/1082 282/240/1039 446/262/1081
f 269/233/1083 413/233/1084 444/260/1083
f 300/260/1084 269/233/1083 444/260/1083
f 280/252/1066 424/252/1063 445/261/1079
f 301/261/1080 280/252/1066 445/261/1079
f 302/262/1082 446/262/1081 398/217/1085
f 254/217/1086 302/262/1082 398/217/1085
f 275/318/1088 419/318/1087 418/234/1026
f 274/234/1027 275/318/1088 418/234/1026
f 276/235/1031 420/235/1028 419/318/1087
f 275/318/1088 276/235/1031 419/318/1087
f 278/237/1035 422/237/1032 421/236/1029
f 277/236/1030 278/237/1035 421/236/1029
f 306/264/1091 450/264/1090 449/266/1089
f 305/266/1092 306/264/1091 449/266/1089
f 308/265/1095 452/265/1094 453/267/1093
f 309/267/1096 308/265/1095 453/267/1093
f 307/268/1098 451/268/1097 450/264/1090
f 306/264/1091 307/268/1098 450/264/1090
f 309/267/1096 453/267/1093 454/269/1099
f 310/269/1100 309/267/1096 454/269/1099
f 310/269/1100 454/269/1099 448/270/1101
f 304/270/1102 310/269/1100 448/270/1101
f 304/270/1104 448/270/1103 451/268/1097
f 307/268/1098 304/270/1104 451/268/1097
f 311/271/1105 455/271/1105 452/265/1094
f 308/265/1095 311/271/1105 452/265/1094
f 305/266/1092 449/266/1089 455/271/1106
f 311/271/1106 305/266/1092 455/271/1106
f 314/272/1109 458/272/1108 457/274/1107
f 313/274/1110 314/272/1109 457/274/1107
f 316/273/1113 460/273/1112 461/275/1111
f 317/275/1114 316/273/1113 461/275/1111
f 315/276/1116 459/276/1115 458/272/1108
f 314/272/1109 315/276/1116 458/272/1108
f 317/275/1114 461/275/1111 462/277/1117
f 318/277/1118 317/275/1114 462/277/1117
f 318/277/1118 462/277/1117 456/278/1119
f 312/278/1119 318/277/1118 456/278/1119
f 312/278/1121 456/278/1120 459/276/1115
f 315/276/1116 312/278/1121 459/276/1115
f 319/279/1122 463/279/1122 460/273/1112
f 316/273/1113 319/279/1122 460/273/1112
f 313/274/1110 457/274/1107 463/279/1123
f 319/279/1123 313/274/1110 463/279/1123
f 322/280/1126 466/280/1125 465/282/1124
f 321/282/1127 322/280/1126 465/282/1124
f 323/283/1129 467/283/1128 466/280/1125
f 322/280/1126 323/283/1129 466/280/1125
f 320/285/1130 464/285/1130 467/283/1128
f 323/283/1129 320/285/1130 467/283/1128
f 326/286/1133 470/286/1132 468/281/1131
f 324/281/1134 326/286/1133 468/281/1131
f 321/282/1127 465/282/1124 470/286/1135
f 326/286/1136 321/282/1127 470/286/1135
f 327/287/1137 471/287/1137 464/285/1137
f 320/285/1137 327/287/1137 464/285/1137
f 328/288/1140 472/288/1139 471/287/1138
f 327/287/1138 328/288/1140 471/287/1138
f 324/281/1134 468/281/1131 472/288/1139
f 328/288/1140 324/281/1134 472/288/1139
f 332/291/1143 476/291/1142 477/290/1141
f 333/290/1144 332/291/1143 477/290/1141
f 331/292/1147 475/292/1146 474/289/1145
f 330/289/1148 331/292/1147 474/289/1145
f 333/290/1144 477/290/1141 478/293/1149
f 334/293/1150 333/290/1144 478/293/1149
f 334/293/1150 478/293/1149 479/294/1151
f 335/294/1152 334/293/1150 479/294/1151
f 330/289/1148 474/289/1145 480/295/1153
f 336/295/1153 330/289/1148 480/295/1153
f 336/295/1154 480/295/1155 476/291/1154
f 332/291/1156 336/295/1154 476/291/1154
f 337/296/1158 481/296/1157 475/292/1146
f 331/292/1147 337/296/1158 475/292/1146
f 329/297/1160 473/297/1159 481/296/1157
f 337/296/1158 329/297/1160 481/296/1157
f 335/294/1152 479/294/1151 473/297/1161
f 329/297/1162 335/294/1152 473/297/1161
f 339/300/1163 483/300/1164 486/299/1163
f 342/299/1165 339/300/1163 486/299/1163
f 340/298/1168 484/298/1167 483/300/1166
f 339/300/1169 340/298/1168 483/300/1166
f 342/299/1171 486/299/1171 487/301/1170
f 343/301/1172 342/299/1171 487/301/1170
f 341/302/1174 485/302/1173 484/298/1167
f 340/298/1168 341/302/1174 484/298/1167
f 343/301/1172 487/301/1170 489/303/1175
f 345/303/1176 343/301/1172 489/303/1175
f 344/304/1178 488/304/1177 485/302/1173
f 341/302/1174 344/304/1178 485/302/1173
f 345/303/1176 489/303/1175 490/305/1179
f 346/305/1180 345/303/1176 490/305/1179
f 338/306/1181 482/306/1181 488/304/1177
f 344/304/1178 338/306/1181 488/304/1177
f 346/305/1180 490/305/1179 491/307/1182
f 347/307/1183 346/305/1180 491/307/1182
f 348/308/1184 492/308/1185 482/306/1184
f 338/306/1186 348/308/1184 482/306/1184
f 491/307/1182 492/308/1187 348/308/1187
f 347/307/1183 491/307/1182 348/308/1187
f 353/310/1190 497/310/1189 494/309/1188
f 350/309/1188 353/310/1190 494/309/1188
f 350/309/1193 494/309/1192 495/311/1191
f 351/311/1194 350/309/1193 495/311/1191
f 354/312/1196 498/312/1195 497/310/1189
f 353/310/1190 354/312/1196 497/310/1189
f 351/311/1194 495/311/1191 496/313/1197
f 352/313/1198 351/311/1194 496/313/1197
f 355/314/1200 499/314/1199 498/312/1195
f 354/312/1196 355/314/1200 498/312/1195
f 349/315/1202 493/315/1201 499/314/1199
f 355/314/1200 349/315/1202 499/314/1199
f 352/313/1198 496/313/1197 493/315/1203
f 349/315/1203 352/313/1198 493/315/1203
g item_damaged
f 502/23/17 501/22/17 500/21/17
f 500/21/17 503/24/17 502/23/17
f 502/23/17 503/24/17 507/25/17
f 503/24/17 508/26/17 507/25/17
f 504/28/17 502/23/17 509/27/17
f 509/27/17 510/29/17 504/28/17
f 509/27/17 505/30/17 510/29/17
f 505/30/17 511/31/17 510/29/17
f 501/22/17 502/23/17 512/32/17
f 502/23/17 504/28/17 512/32/17
f 506/34/17 507/25/17 513/33/17
f 507/25/17 508/26/17 513/33/17
f 506/34/17 507/25/17 508/26/17
f 514/21/18 515/22/18 516/23/18
f 516/23/18 517/24/18 514/21/18
f 521/25/18 517/24/18 516/23/18
f 521/25/18 522/26/18 517/24/18
f 523/27/18 516/23/18 518/28/18
f 518/28/18 524/29/18 523/27/18
f 524/29/18 519/30/18 523/27/18
f 524/29/18 525/31/18 519/30/18
f 526/32/18 516/23/18 515/22/18
f 526/32/18 518/28/18 516/23/18
f 527/33/18 521/25/18 520/34/18
f 527/33/18 522/26/18 521/25/18
f 522/26/18 521/25/18 520/34/18
f 542/37/17 541/36/17 540/35/277
f 544/39/17 543/38/17 542/37/17
f 545/40/17 543/38/17 544/39/17
f 546/41/17 545/40/17 544/39/17
f 547/42/17 545/40/17 546/41/17
f 548/43/17 545/40/17 547/42/17
f 549/44/17 548/43/17 547/42/17
f 550/45/17 549/44/17 547/42/17
f 551/46/17 549/44/17 550/45/17
f 552/47/17 551/46/17 550/45/17
f 553/48/17 551/46/17 552/47/17
f 554/49/17 553/48/17 552/47/17
f 555/50/17 553/48/17 554/49/17
f 543/38/17 541/36/17 542/37/17
f 541/36/17 538/53/17 540/35/277
f 536/55/17 557/54/279 538/53/17
f 539/58/276 557/57/279 537/56/275
f 534/60/17 558/59/280 536/55/17
f 537/56/275 558/62/280 535/61/274
f 536/55/17 558/59/280 557/54/279
f 557/57/279 558/62/280 537/56/275
f 535/61/274 558/62/280 532/63/273
f 530/66/17 559/65/281 533/64/17
f 532/63/273 559/68/281 531/67/272
f 558/62/280 559/68/281 532/63/273
f 533/64/17 559/65/281 534/60/17
f 534/60/17 559/65/281 558/59/280
f 559/68/281 560/69/282 531/67/272
f 530/66/17 560/70/282 559/65/281
f 530/66/17 561/71/283 560/70/282
f 560/69/282 561/72/283 531/67/272
f 530/66/17 562/73/17 561/71/283
f 529/76/271 565/75/284 528/74/17
f 565/75/284 563/77/17 528/74/17
f 556/78/278 565/75/284 529/76/271
f 566/79/285 556/78/278 531/67/272
f 531/67/272 561/72/283 566/79/285
f 565/75/284 567/80/286 563/77/17
f 562/82/17 567/80/286 564/81/17
f 563/77/17 567/80/286 562/82/17
f 567/85/286 566/84/285 564/83/17
f 562/82/17 528/74/17 563/77/17
f 530/86/17 528/74/17 562/82/17
f 562/82/17 564/81/17 561/72/283
f 561/72/283 564/81/17 566/79/285
f 565/88/284 556/87/278 567/85/286
f 567/85/286 556/87/278 566/84/285
f 557/54/279 539/89/276 540/35/277
f 538/53/17 557/54/279 540/35/277
f 576/35/290 577/36/291 578/37/292
f 578/37/292 579/38/293 580/39/294
f 580/39/294 579/38/293 581/40/18
f 580/39/294 581/40/18 582/41/18
f 582/41/18 581/40/18 583/42/18
f 583/42/18 581/40/18 584/43/18
f 583/42/18 584/43/18 585/44/18
f 583/42/18 585/44/18 586/45/18
f 586/45/18 585/44/18 587/46/18
f 586/45/18 587/46/18 588/47/18
f 588/47/18 587/46/18 589/48/18
f 588/47/18 589/48/18 590/49/18
f 590/49/18 589/48/18 591/50/18
f 578/37/292 577/36/291 579/38/293
f 576/35/290 574/53/288 577/36/291
f 574/53/288 593/54/296 573/55/18
f 537/56/1204 593/57/296 575/58/289
f 573/55/18 594/59/297 572/60/18
f 535/61/1205 594/62/297 537/56/1204
f 593/54/296 594/59/297 573/55/18
f 537/56/1204 594/62/297 593/57/296
f 532/63/1206 594/62/297 535/61/1205
f 571/64/18 595/65/298 570/66/18
f 531/67/1207 595/68/298 532/63/1206
f 532/63/1206 595/68/298 594/62/297
f 572/60/18 595/65/298 571/64/18
f 594/59/297 595/65/298 572/60/18
f 531/67/1207 596/69/299 595/68/298
f 595/65/298 596/70/299 570/66/18
f 596/70/299 597/71/300 570/66/18
f 531/67/1207 597/72/300 596/69/299
f 597/71/300 598/73/18 570/66/18
f 568/74/18 601/75/301 569/76/287
f 568/74/18 599/77/18 601/75/301
f 569/76/287 601/75/301 592/78/295
f 531/67/1207 592/78/295 602/79/302
f 602/79/302 597/72/300 531/67/1207
f 599/77/18 603/80/303 601/75/301
f 600/81/18 603/80/303 598/82/18
f 598/82/18 603/80/303 599/77/18
f 600/83/18 602/84/302 603/85/303
f 599/77/18 568/74/18 598/82/18
f 598/82/18 568/74/18 570/86/18
f 597/72/300 600/81/18 598/82/18
f 602/79/302 600/81/18 597/72/300
f 603/85/303 592/87/295 601/88/301
f 602/84/302 592/87/295 603/85/303
f 576/35/290 575/89/289 593/54/296
f 576/35/290 593/54/296 574/53/288
f 537/56/275 575/58/1208 539/58/1208
f 556/78/1209 592/78/1209 531/67/1209
f 606/92/306 604/91/304 607/90/307
f 606/92/306 607/90/307 608/93/308
f 607/96/307 605/95/305 608/94/308
f 605/95/305 615/97/315 608/94/308
f 608/93/308 616/98/316 606/92/306
f 606/92/306 616/98/316 609/99/309
f 617/102/317 618/101/318 616/100/316
f 617/102/317 619/103/319 618/101/318
f 619/103/319 620/104/320 618/101/318
f 619/103/319 621/105/321 620/104/320
f 621/105/321 622/106/322 620/104/320
f 621/105/321 623/107/323 622/106/322
f 623/107/323 624/108/324 622/106/322
f 616/98/316 618/109/318 609/99/309
f 609/99/309 618/109/318 610/110/310
f 610/110/310 618/109/318 611/111/311
f 618/109/318 620/112/320 611/111/311
f 620/112/320 622/113/322 611/111/311
f 611/111/311 622/113/322 612/114/312
f 612/114/312 622/113/322 613/115/313
f 622/113/322 624/116/324 613/115/313
f 613/115/313 624/116/324 614/117/314
f 624/116/324 625/118/325 614/117/314
f 624/108/324 623/107/323 625/119/325
f 623/107/323 626/120/326 625/119/325
f 617/102/317 616/100/316 627/144/327
f 608/94/308 615/97/315 627/144/327
f 616/100/316 608/94/308 627/144/327
f 628/90/328 604/91/1211 606/92/1210
f 629/93/329 628/90/328 606/92/1210
f 629/94/329 605/95/1212 628/96/328
f 629/94/329 615/97/1213 605/95/1212
f 606/92/1210 630/98/330 629/93/329
f 609/99/1214 630/98/330 606/92/1210
f 630/100/330 631/101/331 617/102/1215
f 631/101/331 619/103/1216 617/102/1215
f 631/101/331 632/104/332 619/103/1216
f 632/104/332 621/105/1217 619/103/1216
f 632/104/332 633/106/333 621/105/1217
f 633/106/333 623/107/1218 621/105/1217
f 633/106/333 634/108/334 623/107/1218
f 609/99/1214 631/109/331 630/98/330
f 610/110/1219 631/109/331 609/99/1214
f 611/111/1220 631/109/331 610/110/1219
f 611/111/1220 632/112/332 631/109/331
f 611/111/1220 633/113/333 632/112/332
f 612/114/1221 633/113/333 611/111/1220
f 613/115/1222 633/113/333 612/114/1221
f 613/115/1222 634/116/334 633/113/333
f 614/117/1223 634/116/334 613/115/1222
f 614/117/1223 635/118/335 634/116/334
f 635/119/335 623/107/1218 634/108/334
f 635/119/335 626/120/1224 623/107/1218
f 627/144/1225 630/100/330 617/102/1215
f 627/144/1225 615/97/1213 629/94/329
f 627/144/1225 629/94/329 630/100/330
f 604/91/1227 628/90/1226 607/90/1226
f 607/96/1226 628/96/1226 605/95/1228
f 639/127/339 643/126/343 640/125/340
f 643/126/343 644/128/344 640/125/340
f 644/128/344 645/129/345 640/125/340
f 646/132/346 647/131/347 642/130/342
f 647/131/347 648/133/17 642/130/342
f 647/131/347 649/134/348 648/133/17
f 649/134/348 650/135/349 648/133/17
f 646/137/346 645/129/345 647/136/347
f 645/129/345 651/138/350 647/136/347
f 647/136/347 651/138/350 649/139/348
f 651/138/350 652/140/351 649/139/348
f 652/140/351 653/141/352 649/139/348
f 653/141/352 654/142/353 649/139/348
f 649/139/348 654/142/353 650/143/349
f 645/129/345 646/137/346 656/145/355
f 646/132/346 641/147/341 656/146/355
f 641/147/341 640/148/340 656/146/355
f 640/125/340 645/129/345 656/145/355
f 639/151/339 640/150/340 638/149/338
f 655/152/354 638/149/338 640/150/340
f 641/153/341 655/152/354 640/150/340
f 660/161/359 659/154/358 661/160/360
f 639/151/339 638/149/338 662/162/361
f 660/157/359 661/163/360 662/162/361
f 643/126/343 639/127/339 663/164/362
f 639/151/339 662/162/361 663/165/362
f 662/166/361 661/160/360 663/164/362
f 642/168/342 655/152/354 664/167/363
f 655/152/354 641/153/341 664/167/363
f 641/147/341 646/132/346 664/169/363
f 646/132/346 642/130/342 664/169/363
f 657/155/356 637/122/337 636/121/336
f 661/160/360 659/154/358 665/170/364
f 665/170/364 643/126/343 663/164/362
f 661/160/360 665/170/364 663/164/362
f 665/170/364 659/154/358 657/155/356
f 636/121/336 665/170/364 657/155/356
f 662/162/361 638/149/338 658/171/357
f 660/157/359 662/162/361 658/171/357
f 668/125/367 643/126/1229 667/127/366
f 668/125/367 644/128/1230 643/126/1229
f 668/125/367 645/129/1231 644/128/1230
f 670/130/369 672/131/371 671/132/370
f 670/130/369 673/133/18 672/131/371
f 673/133/18 674/134/372 672/131/371
f 673/133/18 675/135/373 674/134/372
f 672/136/371 645/129/1231 671/137/370
f 672/136/371 651/138/1232 645/129/1231
f 674/139/372 651/138/1232 672/136/371
f 674/139/372 652/140/1233 651/138/1232
f 674/139/372 653/141/1234 652/140/1233
f 674/139/372 654/142/1235 653/141/1234
f 675/143/373 654/142/1235 674/139/372
f 676/145/374 671/137/370 645/129/1231
f 676/146/374 669/147/368 671/132/370
f 676/146/374 668/148/367 669/147/368
f 676/145/374 645/129/1231 668/125/367
f 638/149/1236 668/150/367 667/151/366
f 668/150/367 638/149/1236 655/152/1237
f 668/150/367 655/152/1237 669/153/368
f 680/160/378 678/154/376 679/161/377
f 681/162/379 638/149/1236 667/151/366
f 681/162/379 680/163/378 679/157/377
f 682/164/380 667/127/366 643/126/1229
f 682/165/380 681/162/379 667/151/366
f 682/164/380 680/160/378 681/166/379
f 683/167/381 655/152/1237 670/168/369
f 683/167/381 669/153/368 655/152/1237
f 683/169/381 671/132/370 669/147/368
f 683/169/381 670/130/369 671/132/370
f 636/121/1238 666/122/365 677/155/375
f 665/170/1239 678/154/376 680/160/378
f 682/164/380 643/126/1229 665/170/1239
f 682/164/380 665/170/1239 680/160/378
f 677/155/375 678/154/376 665/170/1239
f 677/155/375 665/170/1239 636/121/1238
f 658/171/1240 638/149/1236 681/162/379
f 658/171/1240 681/162/379 679/157/377
f 654/142/1243 675/143/1242 650/143/1241
f 642/168/1246 670/168/1245 655/152/1244
f 694/51/17 693/50/17 692/49/17
f 695/52/17 693/50/17 694/51/17
f 696/49/18 697/50/18 698/51/18
f 698/51/18 697/50/18 699/52/18
f 704/156/386 702/155/384 705/154/17
f 704/159/386 705/158/17 706/157/387
f 704/159/386 706/157/387 703/171/385
f 700/123/382 702/172/384 701/124/383
f 701/124/383 702/172/384 704/159/386
f 703/171/385 701/124/383 704/159/386
f 710/154/18 708/155/389 709/156/390
f 711/157/391 710/158/18 709/159/390
f 703/171/1247 711/157/391 709/159/390
f 701/124/1248 708/172/389 707/123/388
f 709/159/390 708/172/389 701/124/1248
f 709/159/390 701/124/1248 703/171/1247
f 721/320/401 713/119/393 717/319/397
f 722/322/402 712/117/392 716/321/396
f 719/319/399 715/119/395 720/320/400
f 723/321/403 712/117/1250 722/322/1249
f 730/323/410 724/121/404 729/319/409
f 733/324/413 725/123/405 728/321/408
f 731/319/411 724/121/1252 730/323/1251
f 735/321/415 727/123/407 732/324/412
f 737/3/417 736/2/416 740/1/420
f 741/4/421 737/3/417 740/1/420
f 739/5/419 737/3/417 741/4/421
f 743/6/423 739/5/419 741/4/421
f 738/7/418 739/5/419 743/6/423
f 742/8/422 738/7/418 743/6/423
f 736/2/416 738/7/418 742/8/422
f 740/1/420 736/2/416 742/8/422
f 742/11/422 743/10/423 741/9/421
f 740/12/420 742/11/422 741/9/421
f 748/15/428 744/14/424 745/13/425
f 749/16/429 748/15/428 745/13/425
f 749/16/429 745/13/425 747/17/427
f 751/18/431 749/16/429 747/17/427
f 751/18/431 747/17/427 746/19/426
f 750/20/430 751/18/431 746/19/426
f 750/20/430 746/19/426 744/14/424
f 748/15/428 750/20/430 744/14/424
f 749/9/429 751/10/431 750/11/430
f 748/12/428 749/9/429 750/11/430
f 501/22/1255 515/22/1254 514/21/1253
f 500/21/1253 501/22/1255 514/21/1253
f 500/21/1257 514/21/1257 517/24/1256
f 503/24/1258 500/21/1257 517/24/1256
f 507/25/1261 521/25/1260 516/23/1259
f 502/23/1259 507/25/1261 516/23/1259
f 503/24/1258 517/24/1256 522/26/1262
f 508/26/1262 503/24/1258 522/26/1262
f 502/23/1265 516/23/1264 523/27/1263
f 509/27/1266 502/23/1265 523/27/1263
f 510/29/1268 524/29/1268 518/28/1267
f 504/28/1269 510/29/1268 518/28/1267
f 509/27/1266 523/27/1263 519/30/1270
f 505/30/1271 509/27/1266 519/30/1270
f 511/31/1272 525/31/1273 524/29/1272
f 510/29/1273 511/31/1272 524/29/1272
f 505/30/1274 519/30/1274 525/31/1274
f 511/31/1274 505/30/1274 525/31/1274
f 512/32/1276 526/32/1275 515/22/1254
f 501/22/1255 512/32/1276 515/22/1254
f 504/28/1269 518/28/1267 526/32/1275
f 512/32/1276 504/28/1269 526/32/1275
f 506/34/1277 520/34/1277 521/25/1260
f 507/25/1261 506/34/1277 521/25/1260
f 513/33/1280 527/33/1279 520/34/1278
f 506/34/1278 513/33/1280 520/34/1278
f 508/26/1282 522/26/1281 527/33/1279
f 513/33/1280 508/26/1282 527/33/1279
f 507/25/1283 521/25/1283 522/26/1262
f 508/26/1262 507/25/1283 522/26/1262
f 506/34/1277 520/34/1277 521/25/1260
f 507/25/1261 506/34/1277 521/25/1260
f 508/26/1282 522/26/1281 520/34/1278
f 506/34/1278 508/26/1282 520/34/1278
f 540/35/1286 576/35/1285 578/37/1284
f 542/37/1287 540/35/1286 578/37/1284
f 542/37/1287 578/37/1284 580/39/1288
f 544/39/1289 542/37/1287 580/39/1288
f 545/40/1292 581/40/1291 579/38/1290
f 543/38/1290 545/40/1292 579/38/1290
f 544/39/1289 580/39/1288 582/41/1293
f 546/41/1293 544/39/1289 582/41/1293
f 546/41/1295 582/41/1295 583/42/1294
f 547/42/1296 546/41/1295 583/42/1294
f 548/43/1298 584/43/1297 581/40/1291
f 545/40/1292 548/43/1298 581/40/1291
f 549/44/1299 585/44/1299 584/43/1297
f 548/43/1298 549/44/1299 584/43/1297
f 547/42/1296 583/42/1294 586/45/1300
f 550/45/1301 547/42/1296 586/45/1300
f 551/46/1304 587/46/1303 585/44/1302
f 549/44/1302 551/46/1304 585/44/1302
f 550/45/1301 586/45/1300 588/47/1305
f 552/47/1306 550/45/1301 588/47/1305
f 553/48/1308 589/48/1307 587/46/1303
f 551/46/1304 553/48/1308 587/46/1303
f 552/47/1306 588/47/1305 590/49/1309
f 554/49/1309 552/47/1306 590/49/1309
f 555/50/1311 591/50/1310 589/48/1307
f 553/48/1308 555/50/1311 589/48/1307
f 543/38/1314 579/38/1313 577/36/1312
f 541/36/1315 543/38/1314 577/36/1312
f 541/36/1315 577/36/1312 574/53/1316
f 538/53/1317 541/36/1315 574/53/1316
f 538/53/1317 574/53/1316 573/55/1318
f 536/55/1319 538/53/1317 573/55/1318
f 536/55/1319 573/55/1318 572/60/1320
f 534/60/1321 536/55/1319 572/60/1320
f 533/64/1324 571/64/1323 570/66/1322
f 530/66/1325 533/64/1324 570/66/1322
f 534/60/1321 572/60/1320 571/64/1326
f 533/64/1326 534/60/1321 571/64/1326
f 528/74/1327 568/74/1327 569/76/1327
f 529/76/1327 528/74/1327 569/76/1327
f 529/76/1328 569/76/1329 592/78/1328
f 556/78/1328 529/76/1328 592/78/1328
f 530/86/1325 570/86/1322 568/74/1330
f 528/74/1331 530/86/1325 568/74/1330
f 539/89/1332 575/89/1332 576/35/1285
f 540/35/1286 539/89/1332 576/35/1285
f 648/133/1334 673/133/1333 670/130/1245
f 642/130/1246 648/133/1334 670/130/1245
f 650/135/1241 675/135/1242 673/133/1333
f 648/133/1334 650/135/1241 673/133/1333
f 685/52/17 684/51/17 686/316/17
f 687/317/17 685/52/17 686/316/17
f 691/317/18 690/316/18 688/51/18
f 689/52/18 691/317/18 688/51/18
f 686/316/1335 690/316/1335 691/317/1335
f 687/317/1335 686/316/1335 691/317/1335
f 684/51/1336 688/51/1336 690/316/1336
f 686/316/1336 684/51/1336 690/316/1336
f 687/317/1337 691/317/1337 689/52/1337
f 685/52/1337 687/317/1337 689/52/1337
f 692/49/1338 696/49/1338 698/51/1338
f 694/51/1338 692/49/1338 698/51/1338
f 695/52/1339 699/52/1340 697/50/1339
f 693/50/1340 695/52/1339 697/50/1339
f 713/119/393 714/120/394 718/323/398
f 717/319/397 713/119/393 718/323/398
f 712/117/392 713/118/393 721/324/401
f 716/321/396 712/117/392 721/324/401
f 714/120/1341 715/119/395 719/319/399
f 718/323/1342 714/120/1341 719/319/399
f 715/118/395 712/117/1250 723/321/403
f 720/324/400 715/118/395 723/321/403
f 724/121/404 725/122/405 733/320/413
f 729/319/409 724/121/404 733/320/413
f 725/123/405 726/124/406 734/322/414
f 728/321/408 725/123/405 734/322/414
f 727/122/407 724/121/1252 731/319/411
f 732/320/412 727/122/407 731/319/411
f 726/124/1343 727/123/407 735/321/415
f 734/322/1344 726/124/1343 735/321/415
g item_bladens
f 753/3/2 752/2/1 756/1/5
f 757/4/6 753/3/2 756/1/5
f 755/5/4 753/3/2 757/4/6
f 759/6/8 755/5/4 757/4/6
f 754/7/3 755/5/4 759/6/8
f 758/8/7 754/7/3 759/6/8
f 752/2/1 754/7/3 758/8/7
f 756/1/5 752/2/1 758/8/7
f 758/11/7 759/10/8 757/9/6
f 756/12/5 758/11/7 757/9/6
f 764/15/13 760/14/9 761/13/10
f 765/16/14 764/15/13 761/13/10
f 765/16/14 761/13/10 763/17/12
f 767/18/16 765/16/14 763/17/12
f 767/18/16 763/17/12 762/19/11
f 766/20/15 767/18/16 762/19/11
f 766/20/15 762/19/11 760/14/9
f 764/15/13 766/20/15 760/14/9
f 765/9/14 767/10/16 766/11/15
f 764/12/13 765/9/14 766/11/15
f 770/23/17 769/22/17 768/21/17
f 768/21/17 771/24/17 770/23/17
f 770/23/17 771/24/17 775/25/17
f 771/24/17 776/26/17 775/25/17
f 772/28/17 770/23/17 777/27/17
f 777/27/17 778/29/17 772/28/17
f 777/27/17 773/30/17 778/29/17
f 773/30/17 779/31/17 778/29/17
f 769/22/17 770/23/17 780/32/17
f 770/23/17 772/28/17 780/32/17
f 774/34/17 775/25/17 781/33/17
f 775/25/17 776/26/17 781/33/17
f 774/34/17 775/25/17 776/26/17
f 782/21/18 783/22/18 784/23/18
f 784/23/18 785/24/18 782/21/18
f 789/25/18 785/24/18 784/23/18
f 789/25/18 790/26/18 785/24/18
f 791/27/18 784/23/18 786/28/18
f 786/28/18 792/29/18 791/27/18
f 792/29/18 787/30/18 791/27/18
f 792/29/18 793/31/18 787/30/18
f 794/32/18 784/23/18 783/22/18
f 794/32/18 786/28/18 784/23/18
f 795/33/18 789/25/18 788/34/18
f 795/33/18 790/26/18 789/25/18
f 790/26/18 789/25/18 788/34/18
f 810/37/17 809/36/17 808/35/25
f 812/39/17 811/38/17 810/37/17
f 813/40/17 811/38/17 812/39/17
f 814/41/17 813/40/17 812/39/17
f 815/42/17 813/40/17 814/41/17
f 816/43/17 813/40/17 815/42/17
f 817/44/17 816/43/17 815/42/17
f 818/45/17 817/44/17 815/42/17
f 819/46/17 817/44/17 818/45/17
f 820/47/17 819/46/17 818/45/17
f 821/48/17 819/46/17 820/47/17
f 822/49/17 821/48/17 820/47/17
f 823/50/17 821/48/17 822/49/17
f 824/51/17 823/50/17 822/49/17
f 825/52/17 823/50/17 824/51/17
f 811/38/17 809/36/17 810/37/17
f 809/36/17 806/53/17 808/35/25
f 804/55/17 829/54/27 806/53/17
f 807/58/24 829/57/27 805/56/23
f 802/60/17 830/59/28 804/55/17
f 805/56/23 830/62/28 803/61/22
f 804/55/17 830/59/28 829/54/27
f 829/57/27 830/62/28 805/56/23
f 803/61/22 830/62/28 800/63/21
f 798/66/17 831/65/29 801/64/17
f 800/63/21 831/68/29 799/67/20
f 830/62/28 831/68/29 800/63/21
f 801/64/17 831/65/29 802/60/17
f 802/60/17 831/65/29 830/59/28
f 831/68/29 832/69/30 799/67/20
f 798/66/17 832/70/30 831/65/29
f 798/66/17 833/71/31 832/70/30
f 832/69/30 833/72/31 799/67/20
f 798/66/17 834/73/17 833/71/31
f 797/76/19 837/75/32 796/74/17
f 837/75/32 835/77/17 796/74/17
f 828/78/26 837/75/32 797/76/19
f 838/79/33 828/78/26 799/67/20
f 799/67/20 833/72/31 838/79/33
f 837/75/32 839/80/34 835/77/17
f 834/82/17 839/80/34 836/81/17
f 835/77/17 839/80/34 834/82/17
f 839/85/34 838/84/33 836/83/17
f 834/82/17 796/74/17 835/77/17
f 798/86/17 796/74/17 834/82/17
f 834/82/17 836/81/17 833/72/31
f 833/72/31 836/81/17 838/79/33
f 837/88/32 828/87/26 839/85/34
f 839/85/34 828/87/26 838/84/33
f 829/54/27 807/89/24 808/35/25
f 806/53/17 829/54/27 808/35/25
f 848/35/38 849/36/39 850/37/40
f 850/37/40 851/38/41 852/39/42
f 852/39/42 851/38/41 853/40/18
f 852/39/42 853/40/18 854/41/18
f 854/41/18 853/40/18 855/42/18
f 855/42/18 853/40/18 856/43/18
f 855/42/18 856/43/18 857/44/18
f 855/42/18 857/44/18 858/45/18
f 858/45/18 857/44/18 859/46/18
f 858/45/18 859/46/18 860/47/18
f 860/47/18 859/46/18 861/48/18
f 860/47/18 861/48/18 862/49/18
f 862/49/18 861/48/18 863/50/18
f 862/49/18 863/50/18 864/51/18
f 864/51/18 863/50/18 865/52/18
f 850/37/40 849/36/39 851/38/41
f 848/35/38 846/53/36 849/36/39
f 846/53/36 869/54/44 845/55/18
f 805/56/809 869/57/44 847/58/37
f 845/55/18 870/59/45 844/60/18
f 803/61/810 870/62/45 805/56/809
f 869/54/44 870/59/45 845/55/18
f 805/56/809 870/62/45 869/57/44
f 800/63/811 870/62/45 803/61/810
f 843/64/18 871/65/46 842/66/18
f 799/67/812 871/68/46 800/63/811
f 800/63/811 871/68/46 870/62/45
f 844/60/18 871/65/46 843/64/18
f 870/59/45 871/65/46 844/60/18
f 799/67/812 872/69/47 871/68/46
f 871/65/46 872/70/47 842/66/18
f 872/70/47 873/71/48 842/66/18
f 799/67/812 873/72/48 872/69/47
f 873/71/48 874/73/18 842/66/18
f 840/74/18 877/75/49 841/76/35
f 840/74/18 875/77/18 877/75/49
f 841/76/35 877/75/49 868/78/43
f 799/67/812 868/78/43 878/79/50
f 878/79/50 873/72/48 799/67/812
f 875/77/18 879/80/51 877/75/49
f 876/81/18 879/80/51 874/82/18
f 874/82/18 879/80/51 875/77/18
f 876/83/18 878/84/50 879/85/51
f 875/77/18 840/74/18 874/82/18
f 874/82/18 840/74/18 842/86/18
f 873/72/48 876/81/18 874/82/18
f 878/79/50 876/81/18 873/72/48
f 879/85/51 868/87/43 877/88/49
f 878/84/50 868/87/43 879/85/51
f 848/35/38 847/89/37 869/54/44
f 848/35/38 869/54/44 846/53/36
f 805/56/23 847/58/813 807/58/813
f 828/78/814 868/78/814 799/67/814
f 882/92/54 880/91/52 883/90/55
f 882/92/54 883/90/55 884/93/56
f 883/96/55 881/95/53 884/94/56
f 881/95/53 891/97/63 884/94/56
f 884/93/56 892/98/64 882/92/54
f 882/92/54 892/98/64 885/99/57
f 893/102/65 894/101/66 892/100/64
f 893/102/65 895/103/67 894/101/66
f 895/103/67 896/104/68 894/101/66
f 895/103/67 897/105/69 896/104/68
f 897/105/69 898/106/70 896/104/68
f 897/105/69 899/107/71 898/106/70
f 899/107/71 900/108/72 898/106/70
f 892/98/64 894/109/66 885/99/57
f 885/99/57 894/109/66 886/110/58
f 886/110/58 894/109/66 887/111/59
f 894/109/66 896/112/68 887/111/59
f 896/112/68 898/113/70 887/111/59
f 887/111/59 898/113/70 888/114/60
f 888/114/60 898/113/70 889/115/61
f 898/113/70 900/116/72 889/115/61
f 889/115/61 900/116/72 890/117/62
f 900/116/72 901/118/73 890/117/62
f 900/108/72 899/107/71 901/119/73
f 899/107/71 902/120/74 901/119/73
f 902/120/74 903/121/75 901/119/73
f 903/121/75 904/122/76 901/119/73
f 901/118/73 904/123/76 890/117/62
f 904/123/76 905/124/77 890/117/62
f 907/127/79 911/126/83 908/125/80
f 911/126/83 912/128/84 908/125/80
f 912/128/84 913/129/85 908/125/80
f 914/132/86 915/131/87 910/130/82
f 915/131/87 916/133/17 910/130/82
f 915/131/87 917/134/88 916/133/17
f 917/134/88 918/135/89 916/133/17
f 914/137/86 913/129/85 915/136/87
f 913/129/85 919/138/90 915/136/87
f 915/136/87 919/138/90 917/139/88
f 919/138/90 920/140/91 917/139/88
f 920/140/91 921/141/92 917/139/88
f 921/141/92 922/142/93 917/139/88
f 917/139/88 922/142/93 918/143/89
f 893/102/65 892/100/64 924/144/95
f 884/94/56 891/97/63 924/144/95
f 892/100/64 884/94/56 924/144/95
f 913/129/85 914/137/86 925/145/96
f 914/132/86 909/147/81 925/146/96
f 909/147/81 908/148/80 925/146/96
f 908/125/80 913/129/85 925/145/96
f 907/151/79 908/150/80 906/149/78
f 923/152/94 906/149/78 908/150/80
f 909/153/81 923/152/94 908/150/80
f 928/156/99 926/155/97 929/154/100
f 928/159/99 929/158/100 930/157/101
f 930/161/101 929/154/100 931/160/102
f 907/151/79 906/149/78 932/162/103
f 930/157/101 931/163/102 932/162/103
f 911/126/83 907/127/79 933/164/104
f 907/151/79 932/162/103 933/165/104
f 932/166/103 931/160/102 933/164/104
f 910/168/82 923/152/94 934/167/105
f 923/152/94 909/153/81 934/167/105
f 909/147/81 914/132/86 934/169/105
f 914/132/86 910/130/82 934/169/105
f 926/155/97 904/122/76 903/121/75
f 931/160/102 929/154/100 935/170/106
f 935/170/106 911/126/83 933/164/104
f 931/160/102 935/170/106 933/164/104
f 935/170/106 929/154/100 926/155/97
f 903/121/75 935/170/106 926/155/97
f 928/159/99 930/157/101 927/171/98
f 932/162/103 906/149/78 927/171/98
f 930/157/101 932/162/103 927/171/98
f 904/123/76 926/172/97 905/124/77
f 905/124/77 926/172/97 928/159/99
f 927/171/98 905/124/77 928/159/99
f 936/90/107 880/91/816 882/92/815
f 937/93/108 936/90/107 882/92/815
f 937/94/108 881/95/817 936/96/107
f 937/94/108 891/97/818 881/95/817
f 882/92/815 938/98/109 937/93/108
f 885/99/819 938/98/109 882/92/815
f 938/100/109 939/101/110 893/102/820
f 939/101/110 895/103/821 893/102/820
f 939/101/110 940/104/111 895/103/821
f 940/104/111 897/105/822 895/103/821
f 940/104/111 941/106/112 897/105/822
f 941/106/112 899/107/823 897/105/822
f 941/106/112 942/108/113 899/107/823
f 885/99/819 939/109/110 938/98/109
f 886/110/824 939/109/110 885/99/819
f 887/111/825 939/109/110 886/110/824
f 887/111/825 940/112/111 939/109/110
f 887/111/825 941/113/112 940/112/111
f 888/114/826 941/113/112 887/111/825
f 889/115/827 941/113/112 888/114/826
f 889/115/827 942/116/113 941/113/112
f 890/117/828 942/116/113 889/115/827
f 890/117/828 943/118/114 942/116/113
f 943/119/114 899/107/823 942/108/113
f 943/119/114 902/120/829 899/107/823
f 943/119/114 903/121/830 902/120/829
f 943/119/114 944/122/115 903/121/830
f 890/117/828 944/123/115 943/118/114
f 890/117/828 905/124/831 944/123/115
f 946/125/117 911/126/832 945/127/116
f 946/125/117 912/128/833 911/126/832
f 946/125/117 913/129/834 912/128/833
f 948/130/119 950/131/121 949/132/120
f 948/130/119 951/133/18 950/131/121
f 951/133/18 952/134/122 950/131/121
f 951/133/18 953/135/123 952/134/122
f 950/136/121 913/129/834 949/137/120
f 950/136/121 919/138/835 913/129/834
f 952/139/122 919/138/835 950/136/121
f 952/139/122 920/140/836 919/138/835
f 952/139/122 921/141/837 920/140/836
f 952/139/122 922/142/838 921/141/837
f 953/143/123 922/142/838 952/139/122
f 924/144/839 938/100/109 893/102/820
f 924/144/839 891/97/818 937/94/108
f 924/144/839 937/94/108 938/100/109
f 954/145/124 949/137/120 913/129/834
f 954/146/124 947/147/118 949/132/120
f 954/146/124 946/148/117 947/147/118
f 954/145/124 913/129/834 946/125/117
f 906/149/840 946/150/117 945/151/116
f 946/150/117 906/149/840 923/152/841
f 946/150/117 923/152/841 947/153/118
f 957/154/127 955/155/125 956/156/126
f 958/157/128 957/158/127 956/159/126
f 959/160/129 957/154/127 958/161/128
f 960/162/130 906/149/840 945/151/116
f 960/162/130 959/163/129 958/157/128
f 961/164/131 945/127/116 911/126/832
f 961/165/131 960/162/130 945/151/116
f 961/164/131 959/160/129 960/166/130
f 962/167/132 923/152/841 948/168/119
f 962/167/132 947/153/118 923/152/841
f 962/169/132 949/132/120 947/147/118
f 962/169/132 948/130/119 949/132/120
f 903/121/830 944/122/115 955/155/125
f 935/170/842 957/154/127 959/160/129
f 961/164/131 911/126/832 935/170/842
f 961/164/131 935/170/842 959/160/129
f 955/155/125 957/154/127 935/170/842
f 955/155/125 935/170/842 903/121/830
f 927/171/843 958/157/128 956/159/126
f 927/171/843 906/149/840 960/162/130
f 927/171/843 960/162/130 958/157/128
f 905/124/831 955/172/125 944/123/115
f 956/159/126 955/172/125 905/124/831
f 956/159/126 905/124/831 927/171/843
f 880/91/845 936/90/844 883/90/844
f 883/96/844 936/96/844 881/95/846
f 922/142/849 953/143/848 918/143/847
f 910/168/852 948/168/851 923/152/850
f 769/22/855 783/22/854 782/21/853
f 768/21/853 769/22/855 782/21/853
f 768/21/857 782/21/857 785/24/856
f 771/24/858 768/21/857 785/24/856
f 775/25/861 789/25/860 784/23/859
f 770/23/862 775/25/861 784/23/859
f 771/24/858 785/24/856 790/26/863
f 776/26/863 771/24/858 790/26/863
f 770/23/865 784/23/865 791/27/864
f 777/27/866 770/23/865 791/27/864
f 778/29/868 792/29/868 786/28/867
f 772/28/869 778/29/868 786/28/867
f 777/27/866 791/27/864 787/30/870
f 773/30/871 777/27/866 787/30/870
f 779/31/872 793/31/873 792/29/872
f 778/29/873 779/31/872 792/29/872
f 773/30/874 787/30/874 793/31/874
f 779/31/874 773/30/874 793/31/874
f 780/32/876 794/32/875 783/22/854
f 769/22/855 780/32/876 783/22/854
f 772/28/869 786/28/867 794/32/875
f 780/32/876 772/28/869 794/32/875
f 774/34/877 788/34/877 789/25/860
f 775/25/861 774/34/877 789/25/860
f 781/33/880 795/33/879 788/34/878
f 774/34/881 781/33/880 788/34/878
f 776/26/882 790/26/882 795/33/879
f 781/33/880 776/26/882 795/33/879
f 775/25/883 789/25/883 790/26/863
f 776/26/863 775/25/883 790/26/863
f 774/34/877 788/34/877 789/25/860
f 775/25/861 774/34/877 789/25/860
f 776/26/882 790/26/882 788/34/878
f 774/34/881 776/26/882 788/34/878
f 825/52/17 824/51/17 826/316/17
f 827/317/17 825/52/17 826/316/17
f 867/317/18 866/316/18 864/51/18
f 865/52/18 867/317/18 864/51/18
f 808/35/886 848/35/885 850/37/884
f 810/37/887 808/35/886 850/37/884
f 810/37/887 850/37/884 852/39/888
f 812/39/889 810/37/887 852/39/888
f 813/40/892 853/40/891 851/38/890
f 811/38/890 813/40/892 851/38/890
f 812/39/889 852/39/888 854/41/893
f 814/41/893 812/39/889 854/41/893
f 814/41/895 854/41/895 855/42/894
f 815/42/896 814/41/895 855/42/894
f 816/43/898 856/43/897 853/40/891
f 813/40/892 816/43/898 853/40/891
f 817/44/899 857/44/899 856/43/897
f 816/43/898 817/44/899 856/43/897
f 815/42/896 855/42/894 858/45/900
f 818/45/901 815/42/896 858/45/900
f 819/46/904 859/46/903 857/44/902
f 817/44/905 819/46/904 857/44/902
f 818/45/901 858/45/900 860/47/906
f 820/47/907 818/45/901 860/47/906
f 821/48/909 861/48/908 859/46/903
f 819/46/904 821/48/909 859/46/903
f 820/47/907 860/47/906 862/49/910
f 822/49/911 820/47/907 862/49/910
f 823/50/913 863/50/912 861/48/908
f 821/48/909 823/50/913 861/48/908
f 822/49/911 862/49/910 864/51/914
f 824/51/915 822/49/911 864/51/914
f 825/52/917 865/52/916 863/50/912
f 823/50/913 825/52/917 863/50/912
f 811/38/919 851/38/919 849/36/918
f 809/36/920 811/38/919 849/36/918
f 809/36/920 849/36/918 846/53/921
f 806/53/922 809/36/920 846/53/921
f 826/316/923 866/316/923 867/317/923
f 827/317/923 826/316/923 867/317/923
f 824/51/915 864/51/914 866/316/924
f 826/316/924 824/51/915 866/316/924
f 827/317/926 867/317/925 865/52/916
f 825/52/917 827/317/926 865/52/916
f 806/53/922 846/53/921 845/55/927
f 804/55/928 806/53/922 845/55/927
f 804/55/928 845/55/927 844/60/929
f 802/60/930 804/55/928 844/60/929
f 801/64/933 843/64/932 842/66/931
f 798/66/934 801/64/933 842/66/931
f 802/60/930 844/60/929 843/64/935
f 801/64/935 802/60/930 843/64/935
f 796/74/936 840/74/936 841/76/936
f 797/76/936 796/74/936 841/76/936
f 797/76/937 841/76/937 868/78/937
f 828/78/937 797/76/937 868/78/937
f 798/86/934 842/86/931 840/74/938
f 796/74/939 798/86/934 840/74/938
f 807/89/940 847/89/940 848/35/885
f 808/35/886 807/89/940 848/35/885
f 916/133/942 951/133/941 948/130/851
f 910/130/852 916/133/942 948/130/851
f 918/135/847 953/135/848 951/133/941
f 916/133/942 918/135/847 951/133/941
g sheath
f 965/175/17 964/174/17 963/173/17
f 965/175/17 966/176/17 964/174/17
f 966/176/17 967/177/17 964/174/17
f 967/177/17 968/178/17 964/174/17
f 967/177/17 969/179/17 968/178/17
f 969/179/17 970/180/17 968/178/17
f 971/182/17 972/181/17 970/180/17
f 971/182/17 973/183/17 972/181/17
f 973/183/17 974/184/17 972/181/17
f 973/183/17 975/185/17 974/184/17
f 975/185/17 976/186/17 974/184/17
f 975/185/17 977/187/17 976/186/17
f 977/187/17 978/188/17 976/186/17
f 979/191/17 982/190/17 980/189/17
f 982/190/17 983/192/17 980/189/17
f 980/189/17 983/192/17 981/193/17
f 984/195/17 981/193/17 985/194/17
f 981/193/17 983/192/17 985/194/17
f 988/198/264 989/197/17 987/196/17
f 987/196/17 989/197/17 986/199/17
f 986/199/17 989/197/17 984/195/17
f 989/197/17 990/200/17 984/195/17
f 990/200/17 991/201/17 984/195/17
f 990/200/17 992/202/17 991/201/17
f 992/202/17 993/203/17 991/201/17
f 993/203/17 992/202/17 995/204/17
f 992/202/17 994/205/17 995/204/17
f 995/204/17 996/206/17 993/203/17
f 970/180/17 997/207/17 971/182/17
f 970/180/17 969/179/17 997/207/17
f 1000/210/434 999/209/433 998/208/432
f 1000/210/434 1001/211/435 999/209/433
f 1001/211/435 1002/212/436 999/209/433
f 1002/212/436 1003/213/437 999/209/433
f 1002/212/436 1004/214/438 1003/213/437
f 1005/217/439 1007/216/441 1006/215/440
f 1007/216/441 1008/218/442 1006/215/440
f 1007/216/441 1009/219/443 1008/218/442
f 1009/219/443 1010/220/17 1008/218/442
f 1009/219/443 1011/221/444 1010/220/17
f 1011/221/444 1012/222/445 1010/220/17
f 999/209/433 1013/223/446 998/208/432
f 1015/226/448 1016/225/449 1014/224/447
f 1016/225/449 1017/227/450 1014/224/447
f 1016/225/449 1018/228/451 1017/227/450
f 1018/228/451 1019/229/452 1017/227/450
f 1015/226/448 1022/230/455 1016/225/449
f 1022/230/455 1023/231/456 1016/225/449
f 1016/225/449 1023/231/456 1018/228/451
f 1023/231/456 1024/232/457 1018/228/451
f 1018/228/451 1024/232/457 1020/233/453
f 1015/226/448 1025/234/458 1022/230/455
f 999/209/433 1003/213/437 1027/235/460
f 1003/213/437 1028/236/461 1027/235/460
f 1006/215/440 1008/218/442 1029/237/462
f 1008/218/442 1030/238/463 1029/237/462
f 1002/212/436 1032/239/465 1004/214/438
f 1032/239/465 1033/240/466 1004/214/438
f 1005/217/439 1034/241/467 1007/216/441
f 1034/241/467 1035/242/468 1007/216/441
f 1007/216/441 1035/242/468 1009/219/443
f 1035/242/468 1036/243/469 1009/219/443
f 1009/219/443 1036/243/469 1011/221/444
f 1036/243/469 1037/244/470 1011/221/444
f 1011/221/444 1038/245/471 1012/222/445
f 1011/221/444 1037/244/470 1038/245/471
f 1038/245/471 1039/246/472 1012/222/445
f 1008/218/442 1040/247/473 1030/238/463
f 1008/218/442 1010/220/17 1040/247/473
f 1040/247/473 1041/248/474 1030/238/463
f 1040/247/473 1042/249/475 1041/248/474
f 1012/222/445 1043/250/476 1042/249/475
f 1012/222/445 1039/246/472 1043/250/476
f 1042/249/475 1040/247/473 1044/251/477
f 1040/247/473 1010/220/17 1044/251/477
f 1010/220/17 1012/222/445 1044/251/477
f 1012/222/445 1042/249/475 1044/251/477
f 1001/211/435 1000/210/434 1031/252/464
f 1000/210/434 1045/253/478 1031/252/464
f 1000/210/434 998/208/432 1045/253/478
f 998/208/432 1046/254/479 1045/253/478
f 998/208/432 1014/224/447 1046/254/479
f 1014/224/447 1047/255/480 1046/254/479
f 1014/224/447 1017/227/450 1047/255/480
f 1017/227/450 1048/256/481 1047/255/480
f 1017/227/450 1019/229/452 1048/256/481
f 1019/229/452 1049/257/482 1048/256/481
f 1019/229/452 1021/258/454 1049/257/482
f 1021/258/454 1050/259/483 1049/257/482
f 1021/258/454 1051/260/484 1050/259/483
f 1052/261/485 1032/239/465 1002/212/436
f 1004/214/438 1033/240/466 1053/262/486
f 1014/224/447 998/208/432 1013/223/446
f 1013/223/446 1015/226/448 1014/224/447
f 1051/260/484 1021/258/454 1020/233/453
f 1052/261/485 1002/212/436 1001/211/435
f 1031/252/464 1052/261/485 1001/211/435
f 1003/213/437 1004/214/438 1054/263/487
f 1004/214/438 1053/262/486 1054/263/487
f 1053/262/486 1005/217/439 1054/263/487
f 1054/263/487 1005/217/439 1006/215/440
f 1003/213/437 1054/263/487 1006/215/440
f 1056/266/17 1059/265/17 1057/264/17
f 1059/265/17 1060/267/17 1057/264/17
f 1057/264/17 1060/267/17 1058/268/17
f 1060/267/17 1061/269/17 1058/268/17
f 1058/268/17 1061/269/17 1055/270/264
f 1056/266/17 1062/271/17 1059/265/17
f 1064/274/17 1067/273/17 1065/272/17
f 1067/273/17 1068/275/17 1065/272/17
f 1065/272/17 1068/275/17 1066/276/17
f 1068/275/17 1069/277/17 1066/276/17
f 1066/276/17 1069/277/17 1063/278/17
f 1064/274/17 1070/279/17 1067/273/17
f 1072/282/17 1075/281/17 1073/280/17
f 1073/280/17 1075/281/17 1074/283/17
f 1075/281/17 1076/284/17 1074/283/17
f 1074/283/17 1076/284/17 1071/285/17
f 1072/282/17 1077/286/17 1075/281/17
f 1071/285/17 1076/284/17 1078/287/17
f 1076/284/17 1079/288/17 1078/287/17
f 1076/284/17 1075/281/17 1079/288/17
f 1083/291/17 1084/290/17 1081/289/17
f 1081/289/17 1084/290/17 1082/292/489
f 1084/290/17 1085/293/490 1082/292/489
f 1082/292/489 1085/293/490 1086/294/491
f 1083/291/17 1081/289/17 1087/295/17
f 1082/292/489 1086/294/491 1088/296/492
f 1086/294/491 1080/297/488 1088/296/492
f 1090/300/17 1093/299/17 1091/298/17
f 1093/299/17 1094/301/17 1091/298/17
f 1091/298/17 1094/301/17 1092/302/494
f 1094/301/17 1096/303/496 1092/302/494
f 1092/302/494 1096/303/496 1095/304/495
f 1096/303/496 1097/305/497 1095/304/495
f 1095/304/495 1098/307/498 1089/306/493
f 1095/304/495 1097/305/497 1098/307/498
f 1098/307/498 1099/308/499 1089/306/493
f 1102/311/17 1104/310/17 1101/309/264
f 1102/311/17 1105/312/17 1104/310/17
f 1102/311/17 1103/313/17 1105/312/17
f 1103/313/17 1106/314/17 1105/312/17
f 1103/313/17 1100/315/17 1106/314/17
f 1107/173/18 1108/174/18 1109/175/18
f 1108/174/18 1110/176/18 1109/175/18
f 1108/174/18 1111/177/18 1110/176/18
f 1108/174/18 1112/178/18 1111/177/18
f 1112/178/18 1113/179/18 1111/177/18
f 1112/178/18 1114/180/18 1113/179/18
f 1114/180/18 1116/181/18 1115/182/18
f 1116/181/18 1117/183/18 1115/182/18
f 1116/181/18 1118/184/18 1117/183/18
f 1118/184/18 1119/185/18 1117/183/18
f 1118/184/18 1120/186/18 1119/185/18
f 1120/186/18 1121/187/18 1119/185/18
f 1120/186/18 1122/188/18 1121/187/18
f 1124/189/18 1126/190/18 1123/191/18
f 1124/189/18 1127/192/18 1126/190/18
f 1125/193/18 1127/192/18 1124/189/18
f 1129/194/18 1125/193/18 1128/195/18
f 1129/194/18 1127/192/18 1125/193/18
f 1131/196/18 1133/197/18 1132/198/195
f 1130/199/18 1133/197/18 1131/196/18
f 1128/195/18 1133/197/18 1130/199/18
f 1128/195/18 1134/200/18 1133/197/18
f 1128/195/18 1135/201/18 1134/200/18
f 1135/201/18 1136/202/18 1134/200/18
f 1135/201/18 1137/203/18 1136/202/18
f 1139/204/18 1136/202/18 1137/203/18
f 1139/204/18 1138/205/18 1136/202/18
f 1137/203/18 1140/206/18 1139/204/18
f 1115/182/18 1141/207/18 1114/180/18
f 1141/207/18 1113/179/18 1114/180/18
f 1142/208/500 1143/209/501 1144/210/502
f 1143/209/501 1145/211/503 1144/210/502
f 1143/209/501 1146/212/504 1145/211/503
f 1143/209/501 1147/213/505 1146/212/504
f 1147/213/505 1148/214/506 1146/212/504
f 1150/215/508 1151/216/509 1149/217/507
f 1150/215/508 1152/218/510 1151/216/509
f 1152/218/510 1153/219/511 1151/216/509
f 1152/218/510 1154/220/18 1153/219/511
f 1154/220/18 1155/221/512 1153/219/511
f 1154/220/18 1156/222/513 1155/221/512
f 1142/208/500 1157/223/514 1143/209/501
f 1158/224/515 1160/225/517 1159/226/516
f 1158/224/515 1161/227/518 1160/225/517
f 1161/227/518 1162/228/519 1160/225/517
f 1161/227/518 1163/229/520 1162/228/519
f 1160/225/517 1166/230/523 1159/226/516
f 1160/225/517 1167/231/524 1166/230/523
f 1162/228/519 1167/231/524 1160/225/517
f 1162/228/519 1168/232/525 1167/231/524
f 1164/233/521 1168/232/525 1162/228/519
f 1166/230/523 1169/234/526 1159/226/516
f 1171/235/528 1147/213/505 1143/209/501
f 1171/235/528 1172/236/529 1147/213/505
f 1173/237/530 1152/218/510 1150/215/508
f 1173/237/530 1174/238/531 1152/218/510
f 1148/214/506 1176/239/533 1146/212/504
f 1148/214/506 1177/240/534 1176/239/533
f 1151/216/509 1178/241/535 1149/217/507
f 1151/216/509 1179/242/536 1178/241/535
f 1153/219/511 1179/242/536 1151/216/509
f 1153/219/511 1180/243/537 1179/242/536
f 1155/221/512 1180/243/537 1153/219/511
f 1155/221/512 1181/244/538 1180/243/537
f 1156/222/513 1182/245/539 1155/221/512
f 1182/245/539 1181/244/538 1155/221/512
f 1156/222/513 1183/246/540 1182/245/539
f 1174/238/531 1184/247/541 1152/218/510
f 1184/247/541 1154/220/18 1152/218/510
f 1174/238/531 1185/248/542 1184/247/541
f 1185/248/542 1186/249/543 1184/247/541
f 1186/249/543 1187/250/544 1156/222/513
f 1187/250/544 1183/246/540 1156/222/513
f 1188/251/545 1184/247/541 1186/249/543
f 1188/251/545 1154/220/18 1184/247/541
f 1188/251/545 1156/222/513 1154/220/18
f 1188/251/545 1186/249/543 1156/222/513
f 1175/252/532 1144/210/502 1145/211/503
f 1175/252/532 1189/253/546 1144/210/502
f 1189/253/546 1142/208/500 1144/210/502
f 1189/253/546 1190/254/547 1142/208/500
f 1190/254/547 1158/224/515 1142/208/500
f 1190/254/547 1191/255/548 1158/224/515
f 1191/255/548 1161/227/518 1158/224/515
f 1191/255/548 1192/256/549 1161/227/518
f 1192/256/549 1163/229/520 1161/227/518
f 1192/256/549 1193/257/550 1163/229/520
f 1193/257/550 1165/258/522 1163/229/520
f 1193/257/550 1194/259/551 1165/258/522
f 1194/259/551 1195/260/552 1165/258/522
f 1146/212/504 1176/239/533 1196/261/553
f 1197/262/554 1177/240/534 1148/214/506
f 1157/223/514 1142/208/500 1158/224/515
f 1158/224/515 1159/226/516 1157/223/514
f 1164/233/521 1165/258/522 1195/260/552
f 1145/211/503 1146/212/504 1196/261/553
f 1145/211/503 1196/261/553 1175/252/532
f 1198/263/555 1148/214/506 1147/213/505
f 1198/263/555 1197/262/554 1148/214/506
f 1198/263/555 1149/217/507 1197/262/554
f 1150/215/508 1149/217/507 1198/263/555
f 1150/215/508 1198/263/555 1147/213/505
f 1201/264/18 1203/265/18 1200/266/18
f 1201/264/18 1204/267/18 1203/265/18
f 1202/268/18 1204/267/18 1201/264/18
f 1202/268/18 1205/269/18 1204/267/18
f 1199/270/195 1205/269/18 1202/268/18
f 1203/265/18 1206/271/18 1200/266/18
f 1209/272/18 1211/273/18 1208/274/18
f 1209/272/18 1212/275/18 1211/273/18
f 1210/276/18 1212/275/18 1209/272/18
f 1210/276/18 1213/277/18 1212/275/18
f 1207/278/18 1213/277/18 1210/276/18
f 1211/273/18 1214/279/18 1208/274/18
f 1217/280/18 1219/281/18 1216/282/18
f 1218/283/18 1219/281/18 1217/280/18
f 1218/283/18 1220/284/18 1219/281/18
f 1215/285/18 1220/284/18 1218/283/18
f 1219/281/18 1221/286/18 1216/282/18
f 1222/287/18 1220/284/18 1215/285/18
f 1222/287/18 1223/288/18 1220/284/18
f 1223/288/18 1219/281/18 1220/284/18
f 1225/289/18 1228/290/18 1227/291/18
f 1226/292/557 1228/290/18 1225/289/18
f 1226/292/557 1229/293/558 1228/290/18
f 1230/294/559 1229/293/558 1226/292/557
f 1231/295/18 1225/289/18 1227/291/18
f 1232/296/560 1230/294/559 1226/292/557
f 1232/296/560 1224/297/556 1230/294/559
f 1235/298/18 1237/299/18 1234/300/18
f 1235/298/18 1238/301/18 1237/299/18
f 1236/302/562 1238/301/18 1235/298/18
f 1236/302/562 1240/303/564 1238/301/18
f 1239/304/563 1240/303/564 1236/302/562
f 1239/304/563 1241/305/565 1240/303/564
f 1233/306/561 1242/307/566 1239/304/563
f 1242/307/566 1241/305/565 1239/304/563
f 1233/306/561 1243/308/567 1242/307/566
f 1245/309/195 1248/310/18 1246/311/18
f 1248/310/18 1249/312/18 1246/311/18
f 1249/312/18 1247/313/18 1246/311/18
f 1249/312/18 1250/314/18 1247/313/18
f 1250/314/18 1244/315/18 1247/313/18
f 1021/258/454 1019/229/452 1018/228/451
f 1020/233/453 1021/258/454 1018/228/451
f 1013/223/446 1026/318/459 1025/234/458
f 1015/226/448 1013/223/446 1025/234/458
f 1026/318/459 1013/223/446 999/209/433
f 1027/235/460 1026/318/459 999/209/433
f 1028/236/461 1003/213/437 1006/215/440
f 1029/237/462 1028/236/461 1006/215/440
f 1164/233/521 1162/228/519 1163/229/520
f 1165/258/522 1164/233/521 1163/229/520
f 1169/234/526 1170/318/527 1157/223/514
f 1159/226/516 1169/234/526 1157/223/514
f 1143/209/501 1157/223/514 1170/318/527
f 1171/235/528 1143/209/501 1170/318/527
f 1150/215/508 1147/213/505 1172/236/529
f 1173/237/530 1150/215/508 1172/236/529
f 964/174/1347 1108/174/1346 1107/173/1345
f 963/173/1345 964/174/1347 1107/173/1345
f 963/173/1349 1107/173/1349 1109/175/1348
f 965/175/1350 963/173/1349 1109/175/1348
f 965/175/1350 1109/175/1348 1110/176/1351
f 966/176/1352 965/175/1350 1110/176/1351
f 966/176/1352 1110/176/1351 1111/177/1353
f 967/177/1354 966/176/1352 1111/177/1353
f 968/178/1356 1112/178/1355 1108/174/1346
f 964/174/1347 968/178/1356 1108/174/1346
f 967/177/1354 1111/177/1353 1113/179/1357
f 969/179/1358 967/177/1354 1113/179/1357
f 970/180/1360 1114/180/1359 1112/178/1355
f 968/178/1356 970/180/1360 1112/178/1355
f 972/181/1362 1116/181/1361 1114/180/1359
f 970/180/1360 972/181/1362 1114/180/1359
f 971/182/1365 1115/182/1364 1117/183/1363
f 973/183/1366 971/182/1365 1117/183/1363
f 974/184/1367 1118/184/1367 1116/181/1361
f 972/181/1362 974/184/1367 1116/181/1361
f 973/183/1366 1117/183/1363 1119/185/1368
f 975/185/1369 973/183/1366 1119/185/1368
f 976/186/1372 1120/186/1371 1118/184/1370
f 974/184/1370 976/186/1372 1118/184/1370
f 975/185/1369 1119/185/1368 1121/187/1373
f 977/187/1373 975/185/1369 1121/187/1373
f 978/188/1374 1122/188/1374 1120/186/1371
f 976/186/1372 978/188/1374 1120/186/1371
f 977/187/1375 1121/187/1375 1122/188/1375
f 978/188/1375 977/187/1375 1122/188/1375
f 979/191/1377 1123/191/1377 1126/190/1376
f 982/190/1378 979/191/1377 1126/190/1376
f 980/189/1381 1124/189/1380 1123/191/1379
f 979/191/1379 980/189/1381 1123/191/1379
f 982/190/1378 1126/190/1376 1127/192/1382
f 983/192/1383 982/190/1378 1127/192/1382
f 981/193/1385 1125/193/1384 1124/189/1380
f 980/189/1381 981/193/1385 1124/189/1380
f 984/195/1387 1128/195/1386 1125/193/1384
f 981/193/1385 984/195/1387 1125/193/1384
f 985/194/1390 1129/194/1389 1128/195/1388
f 984/195/1388 985/194/1390 1128/195/1388
f 983/192/1383 1127/192/1382 1129/194/1389
f 985/194/1390 983/192/1383 1129/194/1389
f 988/198/1393 1132/198/1392 1133/197/1391
f 989/197/1394 988/198/1393 1133/197/1391
f 987/196/1397 1131/196/1396 1132/198/1395
f 988/198/1395 987/196/1397 1132/198/1395
f 986/199/1399 1130/199/1398 1131/196/1396
f 987/196/1397 986/199/1399 1131/196/1396
f 984/195/1387 1128/195/1386 1130/199/1398
f 986/199/1399 984/195/1387 1130/199/1398
f 989/197/1394 1133/197/1391 1134/200/1400
f 990/200/1401 989/197/1394 1134/200/1400
f 991/201/1403 1135/201/1402 1128/195/1386
f 984/195/1387 991/201/1403 1128/195/1386
f 990/200/1401 1134/200/1400 1136/202/1404
f 992/202/1405 990/200/1401 1136/202/1404
f 993/203/1407 1137/203/1406 1135/201/1402
f 991/201/1403 993/203/1407 1135/201/1402
f 994/205/1410 1138/205/1409 1139/204/1408
f 995/204/1411 994/205/1410 1139/204/1408
f 992/202/1405 1136/202/1404 1138/205/1409
f 994/205/1410 992/202/1405 1138/205/1409
f 996/206/1412 1140/206/1412 1137/203/1406
f 993/203/1407 996/206/1412 1137/203/1406
f 995/204/1411 1139/204/1408 1140/206/1413
f 996/206/1413 995/204/1411 1140/206/1413
f 997/207/1415 1141/207/1414 1115/182/1364
f 971/182/1365 997/207/1415 1115/182/1364
f 969/179/1358 1113/179/1357 1141/207/1414
f 997/207/1415 969/179/1358 1141/207/1414
f 1022/230/1418 1166/230/1417 1167/231/1416
f 1023/231/1419 1022/230/1418 1167/231/1416
f 1023/231/1419 1167/231/1416 1168/232/1420
f 1024/232/1421 1023/231/1419 1168/232/1420
f 1024/232/1421 1168/232/1420 1164/233/1422
f 1020/233/1422 1024/232/1421 1164/233/1422
f 1025/234/1424 1169/234/1423 1166/230/1417
f 1022/230/1418 1025/234/1424 1166/230/1417
f 1028/236/1427 1172/236/1426 1171/235/1425
f 1027/235/1428 1028/236/1427 1171/235/1425
f 1030/238/1431 1174/238/1430 1173/237/1429
f 1029/237/1432 1030/238/1431 1173/237/1429
f 1032/239/1435 1176/239/1434 1177/240/1433
f 1033/240/1436 1032/239/1435 1177/240/1433
f 1005/217/1439 1149/217/1438 1178/241/1437
f 1034/241/1437 1005/217/1439 1178/241/1437
f 1034/241/1441 1178/241/1441 1179/242/1440
f 1035/242/1442 1034/241/1441 1179/242/1440
f 1035/242/1442 1179/242/1440 1180/243/1443
f 1036/243/1444 1035/242/1442 1180/243/1443
f 1036/243/1444 1180/243/1443 1181/244/1445
f 1037/244/1446 1036/243/1444 1181/244/1445
f 1037/244/1446 1181/244/1445 1182/245/1447
f 1038/245/1448 1037/244/1446 1182/245/1447
f 1038/245/1448 1182/245/1447 1183/246/1449
f 1039/246/1449 1038/245/1448 1183/246/1449
f 1185/248/1450 1174/238/1430 1030/238/1431
f 1041/248/1450 1185/248/1450 1030/238/1431
f 1042/249/1452 1186/249/1451 1185/248/1450
f 1041/248/1450 1042/249/1452 1185/248/1450
f 1043/250/1454 1187/250/1453 1186/249/1451
f 1042/249/1452 1043/250/1454 1186/249/1451
f 1039/246/1455 1183/246/1455 1187/250/1453
f 1043/250/1454 1039/246/1455 1187/250/1453
f 1045/253/1458 1189/253/1457 1175/252/1456
f 1031/252/1459 1045/253/1458 1175/252/1456
f 1046/254/1461 1190/254/1460 1189/253/1457
f 1045/253/1458 1046/254/1461 1189/253/1457
f 1047/255/1463 1191/255/1462 1190/254/1460
f 1046/254/1461 1047/255/1463 1190/254/1460
f 1048/256/1465 1192/256/1464 1191/255/1462
f 1047/255/1463 1048/256/1465 1191/255/1462
f 1049/257/1467 1193/257/1466 1192/256/1464
f 1048/256/1465 1049/257/1467 1192/256/1464
f 1050/259/1468 1194/259/1468 1193/257/1466
f 1049/257/1467 1050/259/1468 1193/257/1466
f 1051/260/1469 1195/260/1469 1194/259/1469
f 1050/259/1469 1051/260/1469 1194/259/1469
f 1052/261/1471 1196/261/1470 1176/239/1434
f 1032/239/1435 1052/261/1471 1176/239/1434
f 1033/240/1436 1177/240/1433 1197/262/1472
f 1053/262/1473 1033/240/1436 1197/262/1472
f 1020/233/1474 1164/233/1475 1195/260/1474
f 1051/260/1474 1020/233/1474 1195/260/1474
f 1031/252/1459 1175/252/1456 1196/261/1470
f 1052/261/1471 1031/252/1459 1196/261/1470
f 1053/262/1473 1197/262/1472 1149/217/1438
f 1005/217/1439 1053/262/1473 1149/217/1438
f 1026/318/1477 1170/318/1476 1169/234/1423
f 1025/234/1424 1026/318/1477 1169/234/1423
f 1027/235/1428 1171/235/1425 1170/318/1476
f 1026/318/1477 1027/235/1428 1170/318/1476
f 1029/237/1432 1173/237/1429 1172/236/1426
f 1028/236/1427 1029/237/1432 1172/236/1426
f 1057/264/1480 1201/264/1479 1200/266/1478
f 1056/266/1481 1057/264/1480 1200/266/1478
f 1059/265/1484 1203/265/1483 1204/267/1482
f 1060/267/1485 1059/265/1484 1204/267/1482
f 1058/268/1487 1202/268/1486 1201/264/1479
f 1057/264/1480 1058/268/1487 1201/264/1479
f 1060/267/1485 1204/267/1482 1205/269/1488
f 1061/269/1489 1060/267/1485 1205/269/1488
f 1061/269/1489 1205/269/1488 1199/270/1490
f 1055/270/1491 1061/269/1489 1199/270/1490
f 1055/270/1493 1199/270/1492 1202/268/1486
f 1058/268/1487 1055/270/1493 1202/268/1486
f 1062/271/1494 1206/271/1494 1203/265/1483
f 1059/265/1484 1062/271/1494 1203/265/1483
f 1056/266/1481 1200/266/1478 1206/271/1495
f 1062/271/1495 1056/266/1481 1206/271/1495
f 1065/272/1498 1209/272/1497 1208/274/1496
f 1064/274/1499 1065/272/1498 1208/274/1496
f 1067/273/1502 1211/273/1501 1212/275/1500
f 1068/275/1503 1067/273/1502 1212/275/1500
f 1066/276/1505 1210/276/1504 1209/272/1497
f 1065/272/1498 1066/276/1505 1209/272/1497
f 1068/275/1503 1212/275/1500 1213/277/1506
f 1069/277/1507 1068/275/1503 1213/277/1506
f 1069/277/1507 1213/277/1506 1207/278/1508
f 1063/278/1509 1069/277/1507 1207/278/1508
f 1063/278/1511 1207/278/1510 1210/276/1504
f 1066/276/1505 1063/278/1511 1210/276/1504
f 1070/279/1512 1214/279/1512 1211/273/1501
f 1067/273/1502 1070/279/1512 1211/273/1501
f 1064/274/1499 1208/274/1496 1214/279/1513
f 1070/279/1513 1064/274/1499 1214/279/1513
f 1073/280/1516 1217/280/1515 1216/282/1514
f 1072/282/1517 1073/280/1516 1216/282/1514
f 1074/283/1519 1218/283/1518 1217/280/1515
f 1073/280/1516 1074/283/1519 1217/280/1515
f 1071/285/1520 1215/285/1520 1218/283/1518
f 1074/283/1519 1071/285/1520 1218/283/1518
f 1077/286/1522 1221/286/1522 1219/281/1521
f 1075/281/1523 1077/286/1522 1219/281/1521
f 1072/282/1517 1216/282/1514 1221/286/1524
f 1077/286/1524 1072/282/1517 1221/286/1524
f 1078/287/1525 1222/287/1525 1215/285/1525
f 1071/285/1525 1078/287/1525 1215/285/1525
f 1079/288/1528 1223/288/1527 1222/287/1526
f 1078/287/1529 1079/288/1528 1222/287/1526
f 1075/281/1523 1219/281/1521 1223/288/1527
f 1079/288/1528 1075/281/1523 1223/288/1527
f 1083/291/1532 1227/291/1531 1228/290/1530
f 1084/290/1533 1083/291/1532 1228/290/1530
f 1082/292/1536 1226/292/1535 1225/289/1534
f 1081/289/1537 1082/292/1536 1225/289/1534
f 1084/290/1533 1228/290/1530 1229/293/1538
f 1085/293/1539 1084/290/1533 1229/293/1538
f 1085/293/1539 1229/293/1538 1230/294/1540
f 1086/294/1541 1085/293/1539 1230/294/1540
f 1081/289/1537 1225/289/1534 1231/295/1542
f 1087/295/1542 1081/289/1537 1231/295/1542
f 1087/295/1544 1231/295/1543 1227/291/1531
f 1083/291/1532 1087/295/1544 1227/291/1531
f 1088/296/1546 1232/296/1545 1226/292/1535
f 1082/292/1536 1088/296/1546 1226/292/1535
f 1080/297/1547 1224/297/1547 1232/296/1545
f 1088/296/1546 1080/297/1547 1232/296/1545
f 1086/294/1541 1230/294/1540 1224/297/1548
f 1080/297/1549 1086/294/1541 1224/297/1548
f 1090/300/1550 1234/300/1551 1237/299/1550
f 1093/299/1551 1090/300/1550 1237/299/1550
f 1091/298/1554 1235/298/1553 1234/300/1552
f 1090/300/1552 1091/298/1554 1234/300/1552
f 1093/299/1556 1237/299/1556 1238/301/1555
f 1094/301/1557 1093/299/1556 1238/301/1555
f 1092/302/1559 1236/302/1558 1235/298/1553
f 1091/298/1554 1092/302/1559 1235/298/1553
f 1094/301/1557 1238/301/1555 1240/303/1560
f 1096/303/1561 1094/301/1557 1240/303/1560
f 1095/304/1563 1239/304/1562 1236/302/1558
f 1092/302/1559 1095/304/1563 1236/302/1558
f 1096/303/1561 1240/303/1560 1241/305/1564
f 1097/305/1565 1096/303/1561 1241/305/1564
f 1089/306/1566 1233/306/1566 1239/304/1562
f 1095/304/1563 1089/306/1566 1239/304/1562
f 1097/305/1565 1241/305/1564 1242/307/1567
f 1098/307/1568 1097/305/1565 1242/307/1567
f 1099/308/1569 1243/308/1569 1233/306/1569
f 1089/306/1569 1099/308/1569 1233/306/1569
f 1098/307/1568 1242/307/1567 1243/308/1570
f 1099/308/1571 1098/307/1568 1243/308/1570
f 1104/310/1572 1248/310/1572 1245/309/1572
f 1101/309/1572 1104/310/1572 1245/309/1572
f 1101/309/1575 1245/309/1574 1246/311/1573
f 1102/311/1576 1101/309/1575 1246/311/1573
f 1105/312/1579 1249/312/1578 1248/310/1577
f 1104/310/1577 1105/312/1579 1248/310/1577
f 1102/311/1576 1246/311/1573 1247/313/1580
f 1103/313/1581 1102/311/1576 1247/313/1580
f 1106/314/1583 1250/314/1582 1249/312/1578
f 1105/312/1579 1106/314/1583 1249/312/1578
f 1100/315/1585 1244/315/1584 1250/314/1582
f 1106/314/1583 1100/315/1585 1250/314/1582
f 1103/313/1581 1247/313/1580 1244/315/1586
f 1100/315/1586 1103/313/1581 1244/315/1586
g effect
f 1253/327/570 1252/326/569 1251/325/568
f 1253/330/570 1254/329/571 1252/328/569
f 1254/329/571 1255/331/572 1252/328/569
f 1255/331/572 1256/332/573 1252/328/569
f 1255/331/572 1257/333/574 1256/332/573
f 1258/336/575 1260/335/577 1259/334/576
f 1260/335/577 1261/337/578 1259/334/576
f 1260/335/577 1262/338/579 1261/337/578
f 1262/338/579 1263/339/580 1261/337/578
f 1262/338/579 1264/340/581 1263/339/580
f 1264/340/581 1265/341/582 1263/339/580
f 1252/326/569 1266/342/583 1251/325/568
f 1268/345/585 1269/344/586 1267/343/584
f 1269/344/586 1270/346/587 1267/343/584
f 1269/344/586 1271/347/588 1270/346/587
f 1271/347/588 1272/348/589 1270/346/587
f 1268/345/585 1275/349/592 1269/344/586
f 1275/349/592 1276/350/593 1269/344/586
f 1269/344/586 1276/350/593 1271/347/588
f 1276/350/593 1277/351/594 1271/347/588
f 1271/347/588 1277/351/594 1273/352/590
f 1268/355/585 1278/354/595 1275/353/592
f 1252/328/569 1256/332/573 1280/356/597
f 1256/332/573 1281/357/598 1280/356/597
f 1259/334/576 1261/337/578 1282/358/599
f 1261/337/578 1283/359/600 1282/358/599
f 1255/331/572 1285/360/602 1257/333/574
f 1285/360/602 1286/361/603 1257/333/574
f 1258/336/575 1287/362/604 1260/335/577
f 1287/362/604 1288/363/605 1260/335/577
f 1260/335/577 1288/363/605 1262/338/579
f 1288/363/605 1289/364/606 1262/338/579
f 1262/338/579 1289/364/606 1264/340/581
f 1289/364/606 1290/365/607 1264/340/581
f 1264/340/581 1291/366/608 1265/341/582
f 1264/340/581 1290/365/607 1291/366/608
f 1291/366/608 1292/367/609 1265/341/582
f 1261/337/578 1293/368/610 1283/359/600
f 1261/337/578 1263/339/580 1293/368/610
f 1293/368/610 1294/369/611 1283/359/600
f 1293/368/610 1295/370/612 1294/369/611
f 1265/341/582 1296/371/613 1295/370/612
f 1265/341/582 1292/367/609 1296/371/613
f 1295/370/612 1293/368/610 1297/372/614
f 1293/368/610 1263/339/580 1297/372/614
f 1263/339/580 1265/341/582 1297/372/614
f 1265/341/582 1295/370/612 1297/372/614
f 1254/374/571 1253/327/570 1284/373/601
f 1253/327/570 1298/375/615 1284/373/601
f 1253/327/570 1251/325/568 1298/375/615
f 1251/325/568 1299/376/616 1298/375/615
f 1251/325/568 1267/343/584 1299/376/616
f 1267/343/584 1300/377/617 1299/376/616
f 1267/343/584 1270/346/587 1300/377/617
f 1270/346/587 1301/378/618 1300/377/617
f 1270/346/587 1272/348/589 1301/378/618
f 1272/348/589 1302/379/619 1301/378/618
f 1272/348/589 1274/380/591 1302/379/619
f 1274/380/591 1303/381/620 1302/379/619
f 1274/380/591 1304/382/621 1303/381/620
f 1305/383/622 1285/360/602 1255/331/572
f 1257/333/574 1286/361/603 1306/384/623
f 1267/387/584 1251/386/568 1266/385/583
f 1266/342/583 1268/345/585 1267/343/584
f 1304/382/621 1274/380/591 1273/352/590
f 1305/389/622 1255/388/572 1254/374/571
f 1284/373/601 1305/389/622 1254/374/571
f 1256/332/573 1257/333/574 1307/390/624
f 1257/333/574 1306/384/623 1307/390/624
f 1306/384/623 1258/336/575 1307/390/624
f 1307/390/624 1258/336/575 1259/334/576
f 1256/332/573 1307/390/624 1259/334/576
f 1308/393/625 1309/392/626 1310/391/627
f 1309/392/626 1311/394/628 1310/391/627
f 1309/392/626 1312/395/629 1311/394/628
f 1309/392/626 1313/396/630 1312/395/629
f 1313/396/630 1314/397/631 1312/395/629
f 1316/400/633 1317/399/634 1315/398/632
f 1316/400/633 1318/401/635 1317/399/634
f 1318/401/635 1319/402/636 1317/399/634
f 1318/401/635 1320/403/637 1319/402/636
f 1320/403/637 1321/404/638 1319/402/636
f 1320/403/637 1322/405/639 1321/404/638
f 1308/393/625 1323/406/640 1309/392/626
f 1324/409/641 1326/408/643 1325/407/642
f 1324/409/641 1327/410/644 1326/408/643
f 1327/410/644 1328/411/645 1326/408/643
f 1327/410/644 1329/412/646 1328/411/645
f 1326/408/643 1332/413/649 1325/407/642
f 1326/408/643 1333/414/650 1332/413/649
f 1328/411/645 1333/414/650 1326/408/643
f 1328/411/645 1334/415/651 1333/414/650
f 1330/416/647 1334/415/651 1328/411/645
f 1332/413/649 1335/417/652 1325/407/642
f 1337/418/654 1313/396/630 1309/392/626
f 1337/418/654 1338/419/655 1313/396/630
f 1339/420/656 1318/401/635 1316/400/633
f 1339/420/656 1340/421/657 1318/401/635
f 1314/397/631 1342/422/659 1312/395/629
f 1314/397/631 1343/423/660 1342/422/659
f 1317/399/634 1344/424/661 1315/398/632
f 1317/399/634 1345/425/662 1344/424/661
f 1319/402/636 1345/425/662 1317/399/634
f 1319/402/636 1346/426/663 1345/425/662
f 1321/404/638 1346/426/663 1319/402/636
f 1321/404/638 1347/427/664 1346/426/663
f 1322/405/639 1348/428/665 1321/404/638
f 1348/428/665 1347/427/664 1321/404/638
f 1322/405/639 1349/429/666 1348/428/665
f 1340/421/657 1350/430/667 1318/401/635
f 1350/430/667 1320/403/637 1318/401/635
f 1340/421/657 1351/431/668 1350/430/667
f 1351/431/668 1352/432/669 1350/430/667
f 1352/432/669 1353/433/670 1322/405/639
f 1353/433/670 1349/429/666 1322/405/639
f 1354/434/671 1350/430/667 1352/432/669
f 1354/434/671 1320/403/637 1350/430/667
f 1354/434/671 1322/405/639 1320/403/637
f 1354/434/671 1352/432/669 1322/405/639
f 1341/435/658 1310/391/627 1311/394/628
f 1341/435/658 1355/436/672 1310/391/627
f 1355/436/672 1308/393/625 1310/391/627
f 1355/436/672 1356/437/673 1308/393/625
f 1356/437/673 1324/409/641 1308/393/625
f 1356/437/673 1357/438/674 1324/409/641
f 1357/438/674 1327/410/644 1324/409/641
f 1357/438/674 1358/439/675 1327/410/644
f 1358/439/675 1329/412/646 1327/410/644
f 1358/439/675 1359/440/676 1329/412/646
f 1359/440/676 1331/441/648 1329/412/646
f 1359/440/676 1360/442/677 1331/441/648
f 1360/442/677 1361/443/678 1331/441/648
f 1312/395/629 1342/422/659 1362/444/679
f 1363/445/680 1343/423/660 1314/397/631
f 1323/406/640 1308/393/625 1324/409/641
f 1324/409/641 1325/407/642 1323/406/640
f 1330/416/647 1331/441/648 1361/443/678
f 1311/394/628 1312/395/629 1362/444/679
f 1311/394/628 1362/444/679 1341/435/658
f 1364/446/681 1314/397/631 1313/396/630
f 1364/446/681 1363/445/680 1314/397/631
f 1364/446/681 1315/398/632 1363/445/680
f 1316/400/633 1315/398/632 1364/446/681
f 1316/400/633 1364/446/681 1313/396/630
f 1272/348/589 1271/347/588 1273/352/590
f 1274/380/591 1272/348/589 1273/352/590
f 1266/385/583 1279/447/596 1278/354/595
f 1268/355/585 1266/385/583 1278/354/595
f 1279/447/596 1266/385/583 1252/328/569
f 1280/356/597 1279/447/596 1252/328/569
f 1281/357/598 1256/332/573 1259/334/576
f 1282/358/599 1281/357/598 1259/334/576
f 1330/416/647 1328/411/645 1329/412/646
f 1331/441/648 1330/416/647 1329/412/646
f 1335/417/652 1336/448/653 1323/406/640
f 1325/407/642 1335/417/652 1323/406/640
f 1309/392/626 1323/406/640 1336/448/653
f 1337/418/654 1309/392/626 1336/448/653
f 1316/400/633 1313/396/630 1338/419/655
f 1339/420/656 1316/400/633 1338/419/655
f 1275/349/1589 1332/413/1588 1333/414/1587
f 1276/350/1590 1275/349/1589 1333/414/1587
f 1276/350/1590 1333/414/1587 1334/415/1591
f 1277/351/1592 1276/350/1590 1334/415/1591
f 1277/351/1592 1334/415/1591 1330/416/1593
f 1273/352/1594 1277/351/1592 1330/416/1593
f 1278/354/1596 1335/417/1595 1332/413/1588
f 1275/353/1589 1278/354/1596 1332/413/1588
f 1281/357/1599 1338/419/1598 1337/418/1597
f 1280/356/1600 1281/357/1599 1337/418/1597
f 1283/359/1603 1340/421/1602 1339/420/1601
f 1282/358/1604 1283/359/1603 1339/420/1601
f 1285/360/1607 1342/449/1606 1343/423/1605
f 1286/361/1608 1285/360/1607 1343/423/1605
f 1258/450/1609 1315/398/1610 1344/424/1609
f 1287/451/1611 1258/450/1609 1344/424/1609
f 1287/451/1614 1344/424/1613 1345/425/1612
f 1288/452/1615 1287/451/1614 1345/425/1612
f 1288/452/1615 1345/425/1612 1346/426/1616
f 1289/453/1617 1288/452/1615 1346/426/1616
f 1289/453/1617 1346/426/1616 1347/427/1618
f 1290/454/1619 1289/453/1617 1347/427/1618
f 1290/365/1619 1347/427/1618 1348/428/1620
f 1291/366/1621 1290/365/1619 1348/428/1620
f 1291/366/1621 1348/428/1620 1349/429/1622
f 1292/367/1623 1291/366/1621 1349/429/1622
f 1294/369/1625 1351/431/1624 1340/421/1602
f 1283/359/1603 1294/369/1625 1340/421/1602
f 1295/370/1627 1352/432/1626 1351/431/1624
f 1294/369/1625 1295/370/1627 1351/431/1624
f 1296/371/1629 1353/433/1628 1352/432/1626
f 1295/370/1627 1296/371/1629 1352/432/1626
f 1292/367/1631 1349/429/1630 1353/433/1628
f 1296/371/1629 1292/367/1631 1353/433/1628
f 1298/375/1634 1355/436/1633 1341/435/1632
f 1284/373/1635 1298/375/1634 1341/435/1632
f 1299/376/1637 1356/437/1636 1355/436/1633
f 1298/375/1634 1299/376/1637 1355/436/1633
f 1300/377/1639 1357/438/1638 1356/437/1636
f 1299/376/1637 1300/377/1639 1356/437/1636
f 1301/378/1641 1358/439/1640 1357/438/1638
f 1300/377/1639 1301/378/1641 1357/438/1638
f 1302/379/1643 1359/440/1642 1358/439/1640
f 1301/378/1641 1302/379/1643 1358/439/1640
f 1303/381/1645 1360/442/1644 1359/440/1642
f 1302/379/1643 1303/381/1645 1359/440/1642
f 1304/382/1646 1361/443/1646 1360/442/1646
f 1303/381/1646 1304/382/1646 1360/442/1646
f 1305/389/1648 1362/444/1647 1342/422/1606
f 1285/455/1607 1305/389/1648 1342/422/1606
f 1286/361/1608 1343/423/1605 1363/445/1649
f 1306/384/1650 1286/361/1608 1363/445/1649
f 1273/352/1651 1330/416/1651 1361/443/1651
f 1304/382/1652 1273/352/1651 1361/443/1651
f 1284/373/1635 1341/435/1632 1362/444/1647
f 1305/389/1648 1284/373/1635 1362/444/1647
f 1306/384/1650 1363/445/1649 1315/398/1653
f 1258/336/1654 1306/384/1650 1315/398/1653
f 1279/447/1656 1336/448/1655 1335/417/1595
f 1278/354/1596 1279/447/1656 1335/417/1595
f 1280/356/1600 1337/418/1597 1336/448/1655
f 1279/447/1656 1280/356/1600 1336/448/1655
f 1282/358/1604 1339/420/1601 1338/419/1598
f 1281/357/1599 1282/358/1604 1338/419/1598
g blade
f 1367/23/17 1366/22/17 1365/21/17
f 1365/21/17 1368/24/17 1367/23/17
f 1367/23/17 1368/24/17 1372/25/17
f 1368/24/17 1373/26/17 1372/25/17
f 1369/28/17 1367/23/17 1374/27/17
f 1374/27/17 1375/29/17 1369/28/17
f 1374/27/17 1370/30/17 1375/29/17
f 1370/30/17 1376/31/17 1375/29/17
f 1366/22/17 1367/23/17 1377/32/17
f 1367/23/17 1369/28/17 1377/32/17
f 1371/34/17 1372/25/17 1378/33/17
f 1372/25/17 1373/26/17 1378/33/17
f 1371/34/17 1372/25/17 1373/26/17
f 1379/21/18 1380/22/18 1381/23/18
f 1381/23/18 1382/24/18 1379/21/18
f 1386/25/18 1382/24/18 1381/23/18
f 1386/25/18 1387/26/18 1382/24/18
f 1388/27/18 1381/23/18 1383/28/18
f 1383/28/18 1389/29/18 1388/27/18
f 1389/29/18 1384/30/18 1388/27/18
f 1389/29/18 1390/31/18 1384/30/18
f 1391/32/18 1381/23/18 1380/22/18
f 1391/32/18 1383/28/18 1381/23/18
f 1392/33/18 1386/25/18 1385/34/18
f 1392/33/18 1387/26/18 1386/25/18
f 1387/26/18 1386/25/18 1385/34/18
f 1407/37/691 1406/36/690 1405/35/689
f 1409/39/693 1408/38/692 1407/37/691
f 1410/40/17 1408/38/692 1409/39/693
f 1411/41/17 1410/40/17 1409/39/693
f 1412/42/17 1410/40/17 1411/41/17
f 1413/43/17 1410/40/17 1412/42/17
f 1414/44/17 1413/43/17 1412/42/17
f 1415/45/17 1414/44/17 1412/42/17
f 1416/46/17 1414/44/17 1415/45/17
f 1417/47/17 1416/46/17 1415/45/17
f 1418/48/17 1416/46/17 1417/47/17
f 1419/49/17 1418/48/17 1417/47/17
f 1420/50/17 1418/48/17 1419/49/17
f 1421/51/17 1420/50/17 1419/49/17
f 1422/52/17 1420/50/17 1421/51/17
f 1408/38/692 1406/36/690 1407/37/691
f 1406/36/690 1403/53/687 1405/35/689
f 1401/55/17 1426/54/695 1403/53/687
f 1404/58/688 1426/57/695 1402/56/686
f 1399/60/17 1427/59/696 1401/55/17
f 1402/56/686 1427/62/696 1400/61/685
f 1401/55/17 1427/59/696 1426/54/695
f 1426/57/695 1427/62/696 1402/56/686
f 1400/61/685 1427/62/696 1397/63/684
f 1395/66/17 1428/65/697 1398/64/17
f 1397/63/684 1428/68/697 1396/67/683
f 1427/62/696 1428/68/697 1397/63/684
f 1398/64/17 1428/65/697 1399/60/17
f 1399/60/17 1428/65/697 1427/59/696
f 1428/68/697 1429/69/698 1396/67/683
f 1395/66/17 1429/70/698 1428/65/697
f 1395/66/17 1430/71/699 1429/70/698
f 1429/69/698 1430/72/699 1396/67/683
f 1395/66/17 1431/73/17 1430/71/699
f 1394/76/682 1434/75/700 1393/74/17
f 1434/75/700 1432/77/17 1393/74/17
f 1425/78/694 1434/75/700 1394/76/682
f 1435/79/701 1425/78/694 1396/67/683
f 1396/67/683 1430/72/699 1435/79/701
f 1434/75/700 1436/80/702 1432/77/17
f 1431/82/17 1436/80/702 1433/81/17
f 1432/77/17 1436/80/702 1431/82/17
f 1436/85/702 1435/84/701 1433/83/17
f 1431/82/17 1393/74/17 1432/77/17
f 1395/86/17 1393/74/17 1431/82/17
f 1431/82/17 1433/81/17 1430/72/699
f 1430/72/699 1433/81/17 1435/79/701
f 1434/88/700 1425/87/694 1436/85/702
f 1436/85/702 1425/87/694 1435/84/701
f 1426/54/695 1404/89/688 1405/35/689
f 1403/53/687 1426/54/695 1405/35/689
f 1445/35/706 1446/36/707 1447/37/708
f 1447/37/708 1448/38/709 1449/39/710
f 1449/39/710 1448/38/709 1450/40/18
f 1449/39/710 1450/40/18 1451/41/18
f 1451/41/18 1450/40/18 1452/42/18
f 1452/42/18 1450/40/18 1453/43/18
f 1452/42/18 1453/43/18 1454/44/18
f 1452/42/18 1454/44/18 1455/45/18
f 1455/45/18 1454/44/18 1456/46/18
f 1455/45/18 1456/46/18 1457/47/18
f 1457/47/18 1456/46/18 1458/48/18
f 1457/47/18 1458/48/18 1459/49/18
f 1459/49/18 1458/48/18 1460/50/18
f 1459/49/18 1460/50/18 1461/51/18
f 1461/51/18 1460/50/18 1462/52/18
f 1447/37/708 1446/36/707 1448/38/709
f 1445/35/706 1443/53/704 1446/36/707
f 1443/53/704 1466/54/712 1442/55/18
f 1402/56/1657 1466/57/712 1444/58/705
f 1442/55/18 1467/59/713 1441/60/18
f 1400/61/1658 1467/62/713 1402/56/1657
f 1466/54/712 1467/59/713 1442/55/18
f 1402/56/1657 1467/62/713 1466/57/712
f 1397/63/1659 1467/62/713 1400/61/1658
f 1440/64/18 1468/65/714 1439/66/18
f 1396/67/1660 1468/68/714 1397/63/1659
f 1397/63/1659 1468/68/714 1467/62/713
f 1441/60/18 1468/65/714 1440/64/18
f 1467/59/713 1468/65/714 1441/60/18
f 1396/67/1660 1469/69/715 1468/68/714
f 1468/65/714 1469/70/715 1439/66/18
f 1469/70/715 1470/71/716 1439/66/18
f 1396/67/1660 1470/72/716 1469/69/715
f 1470/71/716 1471/73/18 1439/66/18
f 1437/74/18 1474/75/717 1438/76/703
f 1437/74/18 1472/77/18 1474/75/717
f 1438/76/703 1474/75/717 1465/78/711
f 1396/67/1660 1465/78/711 1475/79/718
f 1475/79/718 1470/72/716 1396/67/1660
f 1472/77/18 1476/80/719 1474/75/717
f 1473/81/18 1476/80/719 1471/82/18
f 1471/82/18 1476/80/719 1472/77/18
f 1473/83/18 1475/84/718 1476/85/719
f 1472/77/18 1437/74/18 1471/82/18
f 1471/82/18 1437/74/18 1439/86/18
f 1470/72/716 1473/81/18 1471/82/18
f 1475/79/718 1473/81/18 1470/72/716
f 1476/85/719 1465/87/711 1474/88/717
f 1475/84/718 1465/87/711 1476/85/719
f 1445/35/706 1444/89/705 1466/54/712
f 1445/35/706 1466/54/712 1443/53/704
f 1402/56/686 1444/58/1661 1404/58/1661
f 1425/78/1662 1465/78/1662 1396/67/1662
f 1479/92/722 1477/91/720 1480/90/723
f 1479/92/722 1480/90/723 1481/93/724
f 1480/96/723 1478/95/721 1481/94/724
f 1478/95/721 1488/97/731 1481/94/724
f 1481/93/724 1489/98/732 1479/92/722
f 1479/92/722 1489/98/732 1482/99/725
f 1490/102/733 1491/101/734 1489/100/732
f 1490/102/733 1492/103/735 1491/101/734
f 1492/103/735 1493/104/736 1491/101/734
f 1492/103/735 1494/105/737 1493/104/736
f 1494/105/737 1495/106/738 1493/104/736
f 1494/105/737 1496/107/739 1495/106/738
f 1496/107/739 1497/108/740 1495/106/738
f 1489/98/732 1491/109/734 1482/99/725
f 1482/99/725 1491/109/734 1483/110/726
f 1483/110/726 1491/109/734 1484/111/727
f 1491/109/734 1493/112/736 1484/111/727
f 1493/112/736 1495/113/738 1484/111/727
f 1484/111/727 1495/113/738 1485/114/728
f 1485/114/728 1495/113/738 1486/115/729
f 1495/113/738 1497/116/740 1486/115/729
f 1486/115/729 1497/116/740 1487/117/730
f 1497/116/740 1498/118/741 1487/117/730
f 1497/108/740 1496/107/739 1498/119/741
f 1496/107/739 1499/120/742 1498/119/741
f 1499/120/742 1500/121/743 1498/119/741
f 1500/121/743 1501/122/744 1498/119/741
f 1498/118/741 1501/123/744 1487/117/730
f 1501/123/744 1502/124/745 1487/117/730
f 1504/127/747 1508/126/751 1505/125/748
f 1508/126/751 1509/128/752 1505/125/748
f 1509/128/752 1510/129/753 1505/125/748
f 1511/132/754 1512/131/755 1507/130/750
f 1512/131/755 1513/133/17 1507/130/750
f 1512/131/755 1514/134/756 1513/133/17
f 1514/134/756 1515/135/757 1513/133/17
f 1511/137/754 1510/129/753 1512/136/755
f 1510/129/753 1516/138/758 1512/136/755
f 1512/136/755 1516/138/758 1514/139/756
f 1516/138/758 1517/140/759 1514/139/756
f 1517/140/759 1518/141/760 1514/139/756
f 1518/141/760 1519/142/761 1514/139/756
f 1514/139/756 1519/142/761 1515/143/757
f 1490/102/733 1489/100/732 1521/144/763
f 1481/94/724 1488/97/731 1521/144/763
f 1489/100/732 1481/94/724 1521/144/763
f 1510/129/753 1511/137/754 1522/145/764
f 1511/132/754 1506/147/749 1522/146/764
f 1506/147/749 1505/148/748 1522/146/764
f 1505/125/748 1510/129/753 1522/145/764
f 1504/151/747 1505/150/748 1503/149/746
f 1520/152/762 1503/149/746 1505/150/748
f 1506/153/749 1520/152/762 1505/150/748
f 1525/156/767 1523/155/765 1526/154/768
f 1525/159/767 1526/158/768 1527/157/769
f 1527/161/769 1526/154/768 1528/160/770
f 1504/151/747 1503/149/746 1529/162/771
f 1527/157/769 1528/163/770 1529/162/771
f 1508/126/751 1504/127/747 1530/164/772
f 1504/151/747 1529/162/771 1530/165/772
f 1529/166/771 1528/160/770 1530/164/772
f 1507/168/750 1520/152/762 1531/167/773
f 1520/152/762 1506/153/749 1531/167/773
f 1506/147/749 1511/132/754 1531/169/773
f 1511/132/754 1507/130/750 1531/169/773
f 1523/155/765 1501/122/744 1500/121/743
f 1528/160/770 1526/154/768 1532/170/774
f 1532/170/774 1508/126/751 1530/164/772
f 1528/160/770 1532/170/774 1530/164/772
f 1532/170/774 1526/154/768 1523/155/765
f 1500/121/743 1532/170/774 1523/155/765
f 1525/159/767 1527/157/769 1524/171/766
f 1529/162/771 1503/149/746 1524/171/766
f 1527/157/769 1529/162/771 1524/171/766
f 1501/123/744 1523/172/765 1502/124/745
f 1502/124/745 1523/172/765 1525/159/767
f 1524/171/766 1502/124/745 1525/159/767
f 1533/90/775 1477/91/1664 1479/92/1663
f 1534/93/776 1533/90/775 1479/92/1663
f 1534/94/776 1478/95/1665 1533/96/775
f 1534/94/776 1488/97/1666 1478/95/1665
f 1479/92/1663 1535/98/777 1534/93/776
f 1482/99/1667 1535/98/777 1479/92/1663
f 1535/100/777 1536/101/778 1490/102/1668
f 1536/101/778 1492/103/1669 1490/102/1668
f 1536/101/778 1537/104/779 1492/103/1669
f 1537/104/779 1494/105/1670 1492/103/1669
f 1537/104/779 1538/106/780 1494/105/1670
f 1538/106/780 1496/107/1671 1494/105/1670
f 1538/106/780 1539/108/781 1496/107/1671
f 1482/99/1667 1536/109/778 1535/98/777
f 1483/110/1672 1536/109/778 1482/99/1667
f 1484/111/1673 1536/109/778 1483/110/1672
f 1484/111/1673 1537/112/779 1536/109/778
f 1484/111/1673 1538/113/780 1537/112/779
f 1485/114/1674 1538/113/780 1484/111/1673
f 1486/115/1675 1538/113/780 1485/114/1674
f 1486/115/1675 1539/116/781 1538/113/780
f 1487/117/1676 1539/116/781 1486/115/1675
f 1487/117/1676 1540/118/782 1539/116/781
f 1540/119/782 1496/107/1671 1539/108/781
f 1540/119/782 1499/120/1677 1496/107/1671
f 1540/119/782 1500/121/1678 1499/120/1677
f 1540/119/782 1541/122/783 1500/121/1678
f 1487/117/1676 1541/123/783 1540/118/782
f 1487/117/1676 1502/124/1679 1541/123/783
f 1543/125/785 1508/126/1680 1542/127/784
f 1543/125/785 1509/128/1681 1508/126/1680
f 1543/125/785 1510/129/1682 1509/128/1681
f 1545/130/787 1547/131/789 1546/132/788
f 1545/130/787 1548/133/18 1547/131/789
f 1548/133/18 1549/134/790 1547/131/789
f 1548/133/18 1550/135/791 1549/134/790
f 1547/136/789 1510/129/1682 1546/137/788
f 1547/136/789 1516/138/1683 1510/129/1682
f 1549/139/790 1516/138/1683 1547/136/789
f 1549/139/790 1517/140/1684 1516/138/1683
f 1549/139/790 1518/141/1685 1517/140/1684
f 1549/139/790 1519/142/1686 1518/141/1685
f 1550/143/791 1519/142/1686 1549/139/790
f 1521/144/1687 1535/100/777 1490/102/1668
f 1521/144/1687 1488/97/1666 1534/94/776
f 1521/144/1687 1534/94/776 1535/100/777
f 1551/145/792 1546/137/788 1510/129/1682
f 1551/146/792 1544/147/786 1546/132/788
f 1551/146/792 1543/148/785 1544/147/786
f 1551/145/792 1510/129/1682 1543/125/785
f 1503/149/1688 1543/150/785 1542/151/784
f 1543/150/785 1503/149/1688 1520/152/1689
f 1543/150/785 1520/152/1689 1544/153/786
f 1554/154/795 1552/155/793 1553/156/794
f 1555/157/796 1554/158/795 1553/159/794
f 1556/160/797 1554/154/795 1555/161/796
f 1557/162/798 1503/149/1688 1542/151/784
f 1557/162/798 1556/163/797 1555/157/796
f 1558/164/799 1542/127/784 1508/126/1680
f 1558/165/799 1557/162/798 1542/151/784
f 1558/164/799 1556/160/797 1557/166/798
f 1559/167/800 1520/152/1689 1545/168/787
f 1559/167/800 1544/153/786 1520/152/1689
f 1559/169/800 1546/132/788 1544/147/786
f 1559/169/800 1545/130/787 1546/132/788
f 1500/121/1678 1541/122/783 1552/155/793
f 1532/170/1690 1554/154/795 1556/160/797
f 1558/164/799 1508/126/1680 1532/170/1690
f 1558/164/799 1532/170/1690 1556/160/797
f 1552/155/793 1554/154/795 1532/170/1690
f 1552/155/793 1532/170/1690 1500/121/1678
f 1524/171/1691 1555/157/796 1553/159/794
f 1524/171/1691 1503/149/1688 1557/162/798
f 1524/171/1691 1557/162/798 1555/157/796
f 1502/124/1679 1552/172/793 1541/123/783
f 1553/159/794 1552/172/793 1502/124/1679
f 1553/159/794 1502/124/1679 1524/171/1691
f 1477/91/1693 1533/90/1692 1480/90/1692
f 1480/96/1692 1533/96/1692 1478/95/1694
f 1519/142/1697 1550/143/1696 1515/143/1695
f 1507/168/1700 1545/168/1699 1520/152/1698
f 1366/22/1703 1380/22/1702 1379/21/1701
f 1365/21/1701 1366/22/1703 1379/21/1701
f 1365/21/1705 1379/21/1705 1382/24/1704
f 1368/24/1706 1365/21/1705 1382/24/1704
f 1372/25/1709 1386/25/1708 1381/23/1707
f 1367/23/1707 1372/25/1709 1381/23/1707
f 1368/24/1706 1382/24/1704 1387/26/1710
f 1373/26/1710 1368/24/1706 1387/26/1710
f 1367/23/1713 1381/23/1712 1388/27/1711
f 1374/27/1714 1367/23/1713 1388/27/1711
f 1375/29/1717 1389/29/1716 1383/28/1715
f 1369/28/1718 1375/29/1717 1383/28/1715
f 1374/27/1714 1388/27/1711 1384/30/1719
f 1370/30/1720 1374/27/1714 1384/30/1719
f 1376/31/1721 1390/31/1721 1389/29/1721
f 1375/29/1721 1376/31/1721 1389/29/1721
f 1370/30/1720 1384/30/1719 1390/31/1722
f 1376/31/1722 1370/30/1720 1390/31/1722
f 1377/32/1724 1391/32/1723 1380/22/1702
f 1366/22/1703 1377/32/1724 1380/22/1702
f 1369/28/1718 1383/28/1715 1391/32/1723
f 1377/32/1724 1369/28/1718 1391/32/1723
f 1371/34/1726 1385/34/1725 1386/25/1708
f 1372/25/1709 1371/34/1726 1386/25/1708
f 1378/33/1728 1392/33/1727 1385/34/1725
f 1371/34/1726 1378/33/1728 1385/34/1725
f 1373/26/1729 1387/26/1729 1392/33/1727
f 1378/33/1728 1373/26/1729 1392/33/1727
f 1372/25/1731 1386/25/1730 1387/26/1710
f 1373/26/1710 1372/25/1731 1387/26/1710
f 1371/34/1726 1385/34/1725 1386/25/1708
f 1372/25/1709 1371/34/1726 1386/25/1708
f 1373/26/1729 1387/26/1729 1385/34/1725
f 1371/34/1726 1373/26/1729 1385/34/1725
f 1422/52/17 1421/51/17 1423/316/17
f 1424/317/264 1422/52/17 1423/316/17
f 1464/317/18 1463/316/18 1461/51/18
f 1462/52/18 1464/317/18 1461/51/18
f 1405/35/1734 1445/35/1733 1447/37/1732
f 1407/37/1735 1405/35/1734 1447/37/1732
f 1407/37/1735 1447/37/1732 1449/39/1736
f 1409/39/1737 1407/37/1735 1449/39/1736
f 1410/40/1740 1450/40/1739 1448/38/1738
f 1408/38/1741 1410/40/1740 1448/38/1738
f 1409/39/1737 1449/39/1736 1451/41/1742
f 1411/41/1743 1409/39/1737 1451/41/1742
f 1411/41/1743 1451/41/1742 1452/42/1744
f 1412/42/1745 1411/41/1743 1452/42/1744
f 1413/43/1747 1453/43/1746 1450/40/1739
f 1410/40/1740 1413/43/1747 1450/40/1739
f 1414/44/1748 1454/44/1748 1453/43/1746
f 1413/43/1747 1414/44/1748 1453/43/1746
f 1412/42/1745 1452/42/1744 1455/45/1749
f 1415/45/1750 1412/42/1745 1455/45/1749
f 1416/46/1753 1456/46/1752 1454/44/1751
f 1414/44/1751 1416/46/1753 1454/44/1751
f 1415/45/1750 1455/45/1749 1457/47/1754
f 1417/47/1755 1415/45/1750 1457/47/1754
f 1418/48/1757 1458/48/1756 1456/46/1752
f 1416/46/1753 1418/48/1757 1456/46/1752
f 1417/47/1755 1457/47/1754 1459/49/1758
f 1419/49/1759 1417/47/1755 1459/49/1758
f 1420/50/1761 1460/50/1760 1458/48/1756
f 1418/48/1757 1420/50/1761 1458/48/1756
f 1419/49/1759 1459/49/1758 1461/51/1762
f 1421/51/1763 1419/49/1759 1461/51/1762
f 1422/52/1765 1462/52/1764 1460/50/1760
f 1420/50/1761 1422/52/1765 1460/50/1760
f 1408/38/1741 1448/38/1738 1446/36/1766
f 1406/36/1767 1408/38/1741 1446/36/1766
f 1406/36/1767 1446/36/1766 1443/53/1768
f 1403/53/1769 1406/36/1767 1443/53/1768
f 1423/316/1771 1463/316/1771 1464/317/1770
f 1424/317/1772 1423/316/1771 1464/317/1770
f 1421/51/1763 1461/51/1762 1463/316/1773
f 1423/316/1773 1421/51/1763 1463/316/1773
f 1424/317/1772 1464/317/1770 1462/52/1764
f 1422/52/1765 1424/317/1772 1462/52/1764
f 1403/53/1769 1443/53/1768 1442/55/1774
f 1401/55/1775 1403/53/1769 1442/55/1774
f 1401/55/1775 1442/55/1774 1441/60/1776
f 1399/60/1777 1401/55/1775 1441/60/1776
f 1398/64/1780 1440/64/1779 1439/66/1778
f 1395/66/1781 1398/64/1780 1439/66/1778
f 1399/60/1777 1441/60/1776 1440/64/1782
f 1398/64/1782 1399/60/1777 1440/64/1782
f 1393/74/1783 1437/74/1783 1438/76/1783
f 1394/76/1783 1393/74/1783 1438/76/1783
f 1394/76/1784 1438/76/1784 1465/78/1784
f 1425/78/1784 1394/76/1784 1465/78/1784
f 1395/86/1781 1439/86/1778 1437/74/1785
f 1393/74/1785 1395/86/1781 1437/74/1785
f 1404/89/1787 1444/89/1786 1445/35/1733
f 1405/35/1734 1404/89/1787 1445/35/1733
f 1513/133/1789 1548/133/1788 1545/130/1699
f 1507/130/1700 1513/133/1789 1545/130/1699
f 1515/135/1695 1550/135/1696 1548/133/1788
f 1513/133/1789 1515/135/1695 1548/133/1788
g blade_damaged
f 1562/23/17 1561/22/17 1560/21/17
f 1560/21/17 1563/24/17 1562/23/17
f 1562/23/17 1563/24/17 1567/25/17
f 1563/24/17 1568/26/17 1567/25/17
f 1564/28/17 1562/23/17 1569/27/17
f 1569/27/17 1570/29/17 1564/28/17
f 1569/27/17 1565/30/17 1570/29/17
f 1565/30/17 1571/31/17 1570/29/17
f 1561/22/17 1562/23/17 1572/32/17
f 1562/23/17 1564/28/17 1572/32/17
f 1566/34/17 1567/25/17 1573/33/17
f 1567/25/17 1568/26/17 1573/33/17
f 1566/34/17 1567/25/17 1568/26/17
f 1574/21/18 1575/22/18 1576/23/18
f 1576/23/18 1577/24/18 1574/21/18
f 1581/25/18 1577/24/18 1576/23/18
f 1581/25/18 1582/26/18 1577/24/18
f 1583/27/18 1576/23/18 1578/28/18
f 1578/28/18 1584/29/18 1583/27/18
f 1584/29/18 1579/30/18 1583/27/18
f 1584/29/18 1585/31/18 1579/30/18
f 1586/32/18 1576/23/18 1575/22/18
f 1586/32/18 1578/28/18 1576/23/18
f 1587/33/18 1581/25/18 1580/34/18
f 1587/33/18 1582/26/18 1581/25/18
f 1582/26/18 1581/25/18 1580/34/18
f 1602/37/691 1601/36/690 1600/35/689
f 1604/39/693 1603/38/692 1602/37/691
f 1605/40/17 1603/38/692 1604/39/693
f 1606/41/17 1605/40/17 1604/39/693
f 1607/42/17 1605/40/17 1606/41/17
f 1608/43/17 1605/40/17 1607/42/17
f 1609/44/17 1608/43/17 1607/42/17
f 1610/45/17 1609/44/17 1607/42/17
f 1611/46/17 1609/44/17 1610/45/17
f 1612/47/17 1611/46/17 1610/45/17
f 1613/48/17 1611/46/17 1612/47/17
f 1614/49/17 1613/48/17 1612/47/17
f 1615/50/17 1613/48/17 1614/49/17
f 1603/38/692 1601/36/690 1602/37/691
f 1601/36/690 1598/53/687 1600/35/689
f 1596/55/17 1617/54/695 1598/53/687
f 1599/58/688 1617/57/695 1597/56/686
f 1594/60/17 1618/59/696 1596/55/17
f 1597/56/686 1618/62/696 1595/61/685
f 1596/55/17 1618/59/696 1617/54/695
f 1617/57/695 1618/62/696 1597/56/686
f 1595/61/685 1618/62/696 1592/63/684
f 1590/66/17 1619/65/697 1593/64/17
f 1592/63/684 1619/68/697 1591/67/683
f 1618/62/696 1619/68/697 1592/63/684
f 1593/64/17 1619/65/697 1594/60/17
f 1594/60/17 1619/65/697 1618/59/696
f 1619/68/697 1620/69/698 1591/67/683
f 1590/66/17 1620/70/698 1619/65/697
f 1590/66/17 1621/71/699 1620/70/698
f 1620/69/698 1621/72/699 1591/67/683
f 1590/66/17 1622/73/17 1621/71/699
f 1589/76/682 1625/75/700 1588/74/17
f 1625/75/700 1623/77/17 1588/74/17
f 1616/78/694 1625/75/700 1589/76/682
f 1626/79/701 1616/78/694 1591/67/683
f 1591/67/683 1621/72/699 1626/79/701
f 1625/75/700 1627/80/702 1623/77/17
f 1622/82/17 1627/80/702 1624/81/17
f 1623/77/17 1627/80/702 1622/82/17
f 1627/85/702 1626/84/701 1624/83/17
f 1622/82/17 1588/74/17 1623/77/17
f 1590/86/17 1588/74/17 1622/82/17
f 1622/82/17 1624/81/17 1621/72/699
f 1621/72/699 1624/81/17 1626/79/701
f 1625/88/700 1616/87/694 1627/85/702
f 1627/85/702 1616/87/694 1626/84/701
f 1617/54/695 1599/89/688 1600/35/689
f 1598/53/687 1617/54/695 1600/35/689
f 1636/35/706 1637/36/707 1638/37/708
f 1638/37/708 1639/38/709 1640/39/710
f 1640/39/710 1639/38/709 1641/40/18
f 1640/39/710 1641/40/18 1642/41/18
f 1642/41/18 1641/40/18 1643/42/18
f 1643/42/18 1641/40/18 1644/43/18
f 1643/42/18 1644/43/18 1645/44/18
f 1643/42/18 1645/44/18 1646/45/18
f 1646/45/18 1645/44/18 1647/46/18
f 1646/45/18 1647/46/18 1648/47/18
f 1648/47/18 1647/46/18 1649/48/18
f 1648/47/18 1649/48/18 1650/49/18
f 1650/49/18 1649/48/18 1651/50/18
f 1638/37/708 1637/36/707 1639/38/709
f 1636/35/706 1634/53/704 1637/36/707
f 1634/53/704 1653/54/712 1633/55/18
f 1597/56/1657 1653/57/712 1635/58/705
f 1633/55/18 1654/59/713 1632/60/18
f 1595/61/1658 1654/62/713 1597/56/1657
f 1653/54/712 1654/59/713 1633/55/18
f 1597/56/1657 1654/62/713 1653/57/712
f 1592/63/1659 1654/62/713 1595/61/1658
f 1631/64/18 1655/65/714 1630/66/18
f 1591/67/1660 1655/68/714 1592/63/1659
f 1592/63/1659 1655/68/714 1654/62/713
f 1632/60/18 1655/65/714 1631/64/18
f 1654/59/713 1655/65/714 1632/60/18
f 1591/67/1660 1656/69/715 1655/68/714
f 1655/65/714 1656/70/715 1630/66/18
f 1656/70/715 1657/71/716 1630/66/18
f 1591/67/1660 1657/72/716 1656/69/715
f 1657/71/716 1658/73/18 1630/66/18
f 1628/74/18 1661/75/717 1629/76/703
f 1628/74/18 1659/77/18 1661/75/717
f 1629/76/703 1661/75/717 1652/78/711
f 1591/67/1660 1652/78/711 1662/79/718
f 1662/79/718 1657/72/716 1591/67/1660
f 1659/77/18 1663/80/719 1661/75/717
f 1660/81/18 1663/80/719 1658/82/18
f 1658/82/18 1663/80/719 1659/77/18
f 1660/83/18 1662/84/718 1663/85/719
f 1659/77/18 1628/74/18 1658/82/18
f 1658/82/18 1628/74/18 1630/86/18
f 1657/72/716 1660/81/18 1658/82/18
f 1662/79/718 1660/81/18 1657/72/716
f 1663/85/719 1652/87/711 1661/88/717
f 1662/84/718 1652/87/711 1663/85/719
f 1636/35/706 1635/89/705 1653/54/712
f 1636/35/706 1653/54/712 1634/53/704
f 1597/56/686 1635/58/1661 1599/58/1661
f 1616/78/1662 1652/78/1662 1591/67/1662
f 1666/92/722 1664/91/720 1667/90/723
f 1666/92/722 1667/90/723 1668/93/724
f 1667/96/723 1665/95/721 1668/94/724
f 1665/95/721 1675/97/731 1668/94/724
f 1668/93/724 1676/98/732 1666/92/722
f 1666/92/722 1676/98/732 1669/99/725
f 1677/102/733 1678/101/734 1676/100/732
f 1677/102/733 1679/103/735 1678/101/734
f 1679/103/735 1680/104/736 1678/101/734
f 1679/103/735 1681/105/737 1680/104/736
f 1681/105/737 1682/106/738 1680/104/736
f 1681/105/737 1683/107/739 1682/106/738
f 1683/107/739 1684/108/740 1682/106/738
f 1676/98/732 1678/109/734 1669/99/725
f 1669/99/725 1678/109/734 1670/110/726
f 1670/110/726 1678/109/734 1671/111/727
f 1678/109/734 1680/112/736 1671/111/727
f 1680/112/736 1682/113/738 1671/111/727
f 1671/111/727 1682/113/738 1672/114/728
f 1672/114/728 1682/113/738 1673/115/729
f 1682/113/738 1684/116/740 1673/115/729
f 1673/115/729 1684/116/740 1674/117/801
f 1684/116/740 1685/118/802 1674/117/801
f 1684/108/740 1683/107/739 1685/119/802
f 1683/107/739 1686/120/803 1685/119/802
f 1677/102/733 1676/100/732 1687/144/763
f 1668/94/724 1675/97/731 1687/144/763
f 1676/100/732 1668/94/724 1687/144/763
f 1688/90/775 1664/91/1664 1666/92/1663
f 1689/93/776 1688/90/775 1666/92/1663
f 1689/94/776 1665/95/1665 1688/96/775
f 1689/94/776 1675/97/1666 1665/95/1665
f 1666/92/1663 1690/98/777 1689/93/776
f 1669/99/1667 1690/98/777 1666/92/1663
f 1690/100/777 1691/101/778 1677/102/1668
f 1691/101/778 1679/103/1669 1677/102/1668
f 1691/101/778 1692/104/779 1679/103/1669
f 1692/104/779 1681/105/1670 1679/103/1669
f 1692/104/779 1693/106/780 1681/105/1670
f 1693/106/780 1683/107/1671 1681/105/1670
f 1693/106/780 1694/108/781 1683/107/1671
f 1669/99/1667 1691/109/778 1690/98/777
f 1670/110/1672 1691/109/778 1669/99/1667
f 1671/111/1673 1691/109/778 1670/110/1672
f 1671/111/1673 1692/112/779 1691/109/778
f 1671/111/1673 1693/113/780 1692/112/779
f 1672/114/1674 1693/113/780 1671/111/1673
f 1673/115/1675 1693/113/780 1672/114/1674
f 1673/115/1675 1694/116/781 1693/113/780
f 1674/117/1790 1694/116/781 1673/115/1675
f 1674/117/1790 1695/118/804 1694/116/781
f 1695/119/804 1683/107/1671 1694/108/781
f 1695/119/804 1686/120/1791 1683/107/1671
f 1687/144/1687 1690/100/777 1677/102/1668
f 1687/144/1687 1675/97/1666 1689/94/776
f 1687/144/1687 1689/94/776 1690/100/777
f 1664/91/1693 1688/90/1692 1667/90/1692
f 1667/96/1692 1688/96/1692 1665/95/1694
f 1561/22/1703 1575/22/1702 1574/21/1701
f 1560/21/1701 1561/22/1703 1574/21/1701
f 1560/21/1705 1574/21/1705 1577/24/1704
f 1563/24/1706 1560/21/1705 1577/24/1704
f 1567/25/1709 1581/25/1708 1576/23/1707
f 1562/23/1707 1567/25/1709 1576/23/1707
f 1563/24/1706 1577/24/1704 1582/26/1710
f 1568/26/1710 1563/24/1706 1582/26/1710
f 1562/23/1713 1576/23/1712 1583/27/1711
f 1569/27/1714 1562/23/1713 1583/27/1711
f 1570/29/1717 1584/29/1716 1578/28/1715
f 1564/28/1718 1570/29/1717 1578/28/1715
f 1569/27/1714 1583/27/1711 1579/30/1719
f 1565/30/1720 1569/27/1714 1579/30/1719
f 1571/31/1721 1585/31/1721 1584/29/1721
f 1570/29/1721 1571/31/1721 1584/29/1721
f 1565/30/1720 1579/30/1719 1585/31/1722
f 1571/31/1722 1565/30/1720 1585/31/1722
f 1572/32/1724 1586/32/1723 1575/22/1702
f 1561/22/1703 1572/32/1724 1575/22/1702
f 1564/28/1718 1578/28/1715 1586/32/1723
f 1572/32/1724 1564/28/1718 1586/32/1723
f 1566/34/1726 1580/34/1725 1581/25/1708
f 1567/25/1709 1566/34/1726 1581/25/1708
f 1573/33/1728 1587/33/1727 1580/34/1725
f 1566/34/1726 1573/33/1728 1580/34/1725
f 1568/26/1729 1582/26/1729 1587/33/1727
f 1573/33/1728 1568/26/1729 1587/33/1727
f 1567/25/1731 1581/25/1730 1582/26/1710
f 1568/26/1710 1567/25/1731 1582/26/1710
f 1566/34/1726 1580/34/1725 1581/25/1708
f 1567/25/1709 1566/34/1726 1581/25/1708
f 1568/26/1729 1582/26/1729 1580/34/1725
f 1566/34/1726 1568/26/1729 1580/34/1725
f 1600/35/1734 1636/35/1733 1638/37/1732
f 1602/37/1735 1600/35/1734 1638/37/1732
f 1602/37/1735 1638/37/1732 1640/39/1736
f 1604/39/1737 1602/37/1735 1640/39/1736
f 1605/40/1740 1641/40/1739 1639/38/1738
f 1603/38/1741 1605/40/1740 1639/38/1738
f 1604/39/1737 1640/39/1736 1642/41/1742
f 1606/41/1743 1604/39/1737 1642/41/1742
f 1606/41/1743 1642/41/1742 1643/42/1744
f 1607/42/1745 1606/41/1743 1643/42/1744
f 1608/43/1747 1644/43/1746 1641/40/1739
f 1605/40/1740 1608/43/1747 1641/40/1739
f 1609/44/1748 1645/44/1748 1644/43/1746
f 1608/43/1747 1609/44/1748 1644/43/1746
f 1607/42/1745 1643/42/1744 1646/45/1749
f 1610/45/1750 1607/42/1745 1646/45/1749
f 1611/46/1753 1647/46/1752 1645/44/1751
f 1609/44/1751 1611/46/1753 1645/44/1751
f 1610/45/1750 1646/45/1749 1648/47/1754
f 1612/47/1755 1610/45/1750 1648/47/1754
f 1613/48/1757 1649/48/1756 1647/46/1752
f 1611/46/1753 1613/48/1757 1647/46/1752
f 1612/47/1755 1648/47/1754 1650/49/1792
f 1614/49/1792 1612/47/1755 1650/49/1792
f 1615/50/1793 1651/50/1793 1649/48/1756
f 1613/48/1757 1615/50/1793 1649/48/1756
f 1603/38/1741 1639/38/1738 1637/36/1766
f 1601/36/1767 1603/38/1741 1637/36/1766
f 1601/36/1767 1637/36/1766 1634/53/1768
f 1598/53/1769 1601/36/1767 1634/53/1768
f 1598/53/1769 1634/53/1768 1633/55/1774
f 1596/55/1775 1598/53/1769 1633/55/1774
f 1596/55/1775 1633/55/1774 1632/60/1776
f 1594/60/1777 1596/55/1775 1632/60/1776
f 1593/64/1780 1631/64/1779 1630/66/1778
f 1590/66/1781 1593/64/1780 1630/66/1778
f 1594/60/1777 1632/60/1776 1631/64/1782
f 1593/64/1782 1594/60/1777 1631/64/1782
f 1588/74/1783 1628/74/1783 1629/76/1783
f 1589/76/1783 1588/74/1783 1629/76/1783
f 1589/76/1784 1629/76/1784 1652/78/1784
f 1616/78/1784 1589/76/1784 1652/78/1784
f 1590/86/1781 1630/86/1778 1628/74/1785
f 1588/74/1785 1590/86/1781 1628/74/1785
f 1599/89/1787 1635/89/1786 1636/35/1733
f 1600/35/1734 1599/89/1787 1636/35/1733
g blade_fragment
f 1698/51/17 1697/50/17 1696/49/17
f 1699/52/17 1697/50/17 1698/51/17
f 1702/49/18 1703/50/18 1704/51/18
f 1704/51/18 1703/50/18 1705/52/18
f 1710/120/807 1711/121/743 1709/119/806
f 1711/121/743 1712/122/744 1709/119/806
f 1709/118/806 1712/123/744 1708/117/805
f 1712/123/744 1713/124/745 1708/117/805
f 1715/127/747 1719/126/751 1716/125/748
f 1719/126/751 1720/128/752 1716/125/748
f 1720/128/752 1721/129/753 1716/125/748
f 1722/132/754 1723/131/755 1718/130/750
f 1723/131/755 1724/133/17 1718/130/750
f 1723/131/755 1725/134/756 1724/133/17
f 1725/134/756 1726/135/757 1724/133/17
f 1722/137/754 1721/129/753 1723/136/755
f 1721/129/753 1727/138/758 1723/136/755
f 1723/136/755 1727/138/758 1725/139/756
f 1727/138/758 1728/140/759 1725/139/756
f 1728/140/759 1729/141/760 1725/139/756
f 1729/141/760 1730/142/761 1725/139/756
f 1725/139/756 1730/142/761 1726/143/757
f 1721/129/753 1722/137/754 1732/145/764
f 1722/132/754 1717/147/749 1732/146/764
f 1717/147/749 1716/148/748 1732/146/764
f 1716/125/748 1721/129/753 1732/145/764
f 1715/151/747 1716/150/748 1714/149/746
f 1731/152/762 1714/149/746 1716/150/748
f 1717/153/749 1731/152/762 1716/150/748
f 1735/156/767 1733/155/765 1736/154/768
f 1735/159/767 1736/158/768 1737/157/769
f 1737/161/769 1736/154/768 1738/160/770
f 1715/151/747 1714/149/746 1739/162/771
f 1737/157/769 1738/163/770 1739/162/771
f 1719/126/751 1715/127/747 1740/164/772
f 1715/151/747 1739/162/771 1740/165/772
f 1739/166/771 1738/160/770 1740/164/772
f 1718/168/750 1731/152/762 1741/167/773
f 1731/152/762 1717/153/749 1741/167/773
f 1717/147/749 1722/132/754 1741/169/773
f 1722/132/754 1718/130/750 1741/169/773
f 1733/155/765 1712/122/744 1711/121/743
f 1738/160/770 1736/154/768 1742/170/774
f 1742/170/774 1719/126/751 1740/164/772
f 1738/160/770 1742/170/774 1740/164/772
f 1742/170/774 1736/154/768 1733/155/765
f 1711/121/743 1742/170/774 1733/155/765
f 1735/159/767 1737/157/769 1734/171/766
f 1739/162/771 1714/149/746 1734/171/766
f 1737/157/769 1739/162/771 1734/171/766
f 1712/123/744 1733/172/765 1713/124/745
f 1713/124/745 1733/172/765 1735/159/767
f 1734/171/766 1713/124/745 1735/159/767
f 1743/119/808 1711/121/1678 1710/120/1794
f 1743/119/808 1744/122/783 1711/121/1678
f 1708/117/1795 1744/123/783 1743/118/808
f 1708/117/1795 1713/124/1679 1744/123/783
f 1746/125/785 1719/126/1680 1745/127/784
f 1746/125/785 1720/128/1681 1719/126/1680
f 1746/125/785 1721/129/1682 1720/128/1681
f 1748/130/787 1750/131/789 1749/132/788
f 1748/130/787 1751/133/18 1750/131/789
f 1751/133/18 1752/134/790 1750/131/789
f 1751/133/18 1753/135/791 1752/134/790
f 1750/136/789 1721/129/1682 1749/137/788
f 1750/136/789 1727/138/1683 1721/129/1682
f 1752/139/790 1727/138/1683 1750/136/789
f 1752/139/790 1728/140/1684 1727/138/1683
f 1752/139/790 1729/141/1685 1728/140/1684
f 1752/139/790 1730/142/1686 1729/141/1685
f 1753/143/791 1730/142/1686 1752/139/790
f 1754/145/792 1749/137/788 1721/129/1682
f 1754/146/792 1747/147/786 1749/132/788
f 1754/146/792 1746/148/785 1747/147/786
f 1754/145/792 1721/129/1682 1746/125/785
f 1714/149/1688 1746/150/785 1745/151/784
f 1746/150/785 1714/149/1688 1731/152/1689
f 1746/150/785 1731/152/1689 1747/153/786
f 1757/154/795 1755/155/793 1756/156/794
f 1758/157/796 1757/158/795 1756/159/794
f 1759/160/797 1757/154/795 1758/161/796
f 1760/162/798 1714/149/1688 1745/151/784
f 1760/162/798 1759/163/797 1758/157/796
f 1761/164/799 1745/127/784 1719/126/1680
f 1761/165/799 1760/162/798 1745/151/784
f 1761/164/799 1759/160/797 1760/166/798
f 1762/167/800 1731/152/1689 1748/168/787
f 1762/167/800 1747/153/786 1731/152/1689
f 1762/169/800 1749/132/788 1747/147/786
f 1762/169/800 1748/130/787 1749/132/788
f 1711/121/1678 1744/122/783 1755/155/793
f 1742/170/1690 1757/154/795 1759/160/797
f 1761/164/799 1719/126/1680 1742/170/1690
f 1761/164/799 1742/170/1690 1759/160/797
f 1755/155/793 1757/154/795 1742/170/1690
f 1755/155/793 1742/170/1690 1711/121/1678
f 1734/171/1691 1758/157/796 1756/159/794
f 1734/171/1691 1714/149/1688 1760/162/798
f 1734/171/1691 1760/162/798 1758/157/796
f 1713/124/1679 1755/172/793 1744/123/783
f 1756/159/794 1755/172/793 1713/124/1679
f 1756/159/794 1713/124/1679 1734/171/1691
f 1730/142/1697 1753/143/1696 1726/143/1695
f 1718/168/1700 1748/168/1699 1731/152/1698
f 1699/52/17 1698/51/17 1700/316/17
f 1701/317/264 1699/52/17 1700/316/17
f 1707/317/18 1706/316/18 1704/51/18
f 1705/52/18 1707/317/18 1704/51/18
f 1696/49/1796 1702/49/1796 1704/51/1762
f 1698/51/1763 1696/49/1796 1704/51/1762
f 1699/52/1765 1705/52/1764 1703/50/1797
f 1697/50/1798 1699/52/1765 1703/50/1797
f 1700/316/1771 1706/316/1771 1707/317/1770
f 1701/317/1772 1700/316/1771 1707/317/1770
f 1698/51/1763 1704/51/1762 1706/316/1773
f 1700/316/1773 1698/51/1763 1706/316/1773
f 1701/317/1772 1707/317/1770 1705/52/1764
f 1699/52/1765 1701/317/1772 1705/52/1764
f 1724/133/1789 1751/133/1788 1748/130/1699
f 1718/130/1700 1724/133/1789 1748/130/1699
f 1726/135/1695 1753/135/1696 1751/133/1788
f 1724/133/1789 1726/135/1695 1751/133/1788
g item_back
f 1764/3/2 1763/2/1 1767/1/5
f 1768/4/6 1764/3/2 1767/1/5
f 1766/5/4 1764/3/2 1768/4/6
f 1770/6/8 1766/5/4 1768/4/6
f 1765/7/3 1766/5/4 1770/6/8
f 1769/8/7 1765/7/3 1770/6/8
f 1763/2/1 1765/7/3 1769/8/7
f 1767/1/5 1763/2/1 1769/8/7
f 1769/11/7 1770/10/8 1768/9/6
f 1767/12/5 1769/11/7 1768/9/6
f 1775/15/13 1771/14/9 1772/13/10
f 1776/16/14 1775/15/13 1772/13/10
f 1776/16/14 1772/13/10 1774/17/12
f 1778/18/16 1776/16/14 1774/17/12
f 1778/18/16 1774/17/12 1773/19/11
f 1777/20/15 1778/18/16 1773/19/11
f 1777/20/15 1773/19/11 1771/14/9
f 1775/15/13 1777/20/15 1771/14/9
f 1776/9/14 1778/10/16 1777/11/15
f 1775/12/13 1776/9/14 1777/11/15
# 3330 elements

