# Created by Metasequoia

v -0.477985 0.410513 0.149187
v -0.587722 0.334585 0.155930
v -0.477985 0.410513 0.162673
v -0.532854 0.372548 0.147979
v -0.532854 0.372548 0.163881
v 0.633679 -0.577253 0.149187
v 0.514451 -0.650319 0.155930
v 0.633680 -0.577253 0.162673
v 0.553649 -0.606002 0.147979
v 0.553649 -0.606002 0.163881
v 0.665350 -0.596934 0.155930
v 0.593465 -0.629998 0.155930
v 0.310472 -0.379078 0.149187
v 0.205701 -0.459916 0.155930
v 0.310472 -0.379078 0.162673
v 0.258088 -0.419496 0.147979
v 0.258088 -0.419496 0.163881
v 0.037704 -0.168963 0.149187
v -0.068809 -0.248460 0.155930
v 0.037704 -0.168963 0.162673
v -0.015552 -0.208710 0.147979
v -0.015552 -0.208711 0.163881
v -0.220589 0.081018 0.149187
v -0.328749 0.003119 0.155930
v -0.220589 0.081018 0.162673
v -0.274670 0.042068 0.147979
v -0.274670 0.042068 0.163881
v 0.000000 0.707107 0.000000
v 0.707107 0.000000 0.000000
v -0.707107 0.000000 0.000000
v 0.000000 -0.707106 0.000000
v 0.000000 0.556562 0.040000
v 0.556562 0.000000 0.040000
v -0.556561 0.000000 0.040000
v 0.000000 -0.556561 0.040000
v 0.000000 0.707107 0.000000
v 0.707107 0.000000 0.000000
v -0.707107 0.000000 0.000000
v 0.000000 -0.707106 0.000000
v 0.000000 0.556562 -0.040000
v 0.556562 0.000000 -0.040000
v -0.556561 0.000000 -0.040000
v 0.000000 -0.556561 -0.040000
v -0.481886 0.439593 0.140815
v -0.608204 0.352764 0.145741
v -0.481886 0.439593 0.169597
v -0.608204 0.352764 0.164671
v -0.453683 0.398393 0.140815
v -0.580001 0.311564 0.145741
v -0.453683 0.398393 0.169597
v -0.580001 0.311564 0.164671
v -0.548589 0.393743 0.138242
v -0.548589 0.393743 0.172170
v -0.520386 0.352542 0.138242
v -0.520386 0.352542 0.172170
v -0.473762 0.453927 0.125548
v -0.619814 0.353532 0.125548
v -0.748129 0.780658 0.132998
v -0.823301 0.728987 0.132998
v -0.748129 0.780658 0.177414
v -0.823301 0.728987 0.177414
v -0.473762 0.453927 0.184865
v -0.619814 0.353532 0.184865
v -0.465389 0.441179 0.125548
v -0.611442 0.340784 0.125548
v -0.465389 0.441179 0.184865
v -0.611442 0.340784 0.184865
v -0.789529 0.760630 0.130790
v -0.552783 0.399609 0.108512
v -0.789529 0.760630 0.179622
v -0.552783 0.399609 0.201900
v -0.544410 0.386861 0.108512
v -0.544410 0.386861 0.201900
v -0.719737 0.783462 0.129923
v -0.835959 0.702947 0.129923
v -0.719737 0.783462 0.180489
v -0.835959 0.702947 0.180489
v -0.783562 0.751530 0.115401
v -0.783562 0.751530 0.195012
v -0.694278 0.762276 0.125548
v -0.824676 0.670871 0.125548
v -0.694278 0.762276 0.184865
v -0.824676 0.670871 0.184865
v -0.760292 0.716002 0.108512
v -0.760292 0.716002 0.201900
v -0.538520 0.378636 0.302516
v -0.461432 0.431625 0.282780
v -0.393908 0.478041 0.221207
v -0.371537 0.493418 0.155206
v -0.393908 0.478041 0.089205
v -0.461432 0.431625 0.027632
v -0.538520 0.378636 0.007896
v -0.615607 0.325647 0.027632
v -0.683131 0.279231 0.089205
v -0.705503 0.263853 0.155206
v -0.683131 0.279231 0.221206
v -0.615607 0.325647 0.282780
v -0.538520 0.378636 0.155206
v -0.544690 0.388030 0.155206
v -0.544690 0.388030 0.302516
v -0.467602 0.441020 0.282780
v -0.400078 0.487435 0.221207
v -0.377706 0.502813 0.155206
v -0.400078 0.487435 0.089205
v -0.467602 0.441020 0.027632
v -0.544690 0.388030 0.007896
v -0.621778 0.335041 0.027632
v -0.689301 0.288626 0.089205
v -0.711674 0.273248 0.155206
v -0.689301 0.288626 0.221206
v -0.621778 0.335041 0.282780
v -0.436829 0.448537 0.241408
v -0.436829 0.448537 0.069005
v -0.640210 0.308735 0.069005
v -0.640210 0.308735 0.241407
v -0.442999 0.457932 0.241408
v -0.442999 0.457932 0.069005
v -0.646381 0.318129 0.069005
v -0.646381 0.318129 0.241407
v 0.468447 0.365539 0.048384
v 0.406962 0.416944 0.084365
v 0.468447 0.365539 0.120347
v 0.532703 0.311745 0.084405
v 0.288433 0.159316 0.048384
v 0.227595 0.211440 0.084365
v 0.288433 0.159316 0.120347
v 0.349270 0.107190 0.084365
v -0.006595 -0.147524 0.048384
v -0.303420 -0.427807 0.048384
v -0.066479 -0.094420 0.084365
v -0.361709 -0.373292 0.084365
v -0.006595 -0.147524 0.120347
v -0.303420 -0.427807 0.120347
v 0.053289 -0.200629 0.084365
v -0.245132 -0.482321 0.084365
v 0.532015 0.441839 0.120347
v 0.469839 0.492344 0.084365
v 0.532015 0.441839 0.048384
v 0.594190 0.391335 0.084365
v 0.532076 0.441790 0.084365
v 0.515269 0.421714 0.048384
v 0.422334 0.404092 0.057380
v 0.405928 0.290246 0.048384
v 0.514561 0.326985 0.057380
v 0.453783 0.473119 0.084365
v 0.422333 0.404092 0.111351
v 0.344605 0.341831 0.084365
v 0.515269 0.421714 0.120347
v 0.514561 0.326985 0.111351
v 0.405928 0.290246 0.120347
v 0.576754 0.370310 0.084365
v 0.467251 0.238661 0.084365
v 0.155684 0.016706 0.048384
v 0.334060 0.120221 0.057380
v 0.242804 0.198409 0.057380
v 0.095409 0.069436 0.084365
v 0.242804 0.198409 0.111351
v 0.155684 0.016706 0.120347
v 0.334060 0.120222 0.111351
v 0.215959 -0.036024 0.084365
v -0.428986 -0.528644 0.050305
v -0.483247 -0.476223 0.084365
v -0.428986 -0.528644 0.118426
v -0.374726 -0.581067 0.084365
v 0.038319 -0.187353 0.057380
v -0.051508 -0.107696 0.057380
v -0.169323 -0.305115 0.048384
v -0.347137 -0.386920 0.057380
v -0.259704 -0.468692 0.057380
v -0.051508 -0.107696 0.111351
v -0.228655 -0.251529 0.084365
v -0.347137 -0.386920 0.111351
v 0.038319 -0.187353 0.111351
v -0.169323 -0.305115 0.120347
v -0.259704 -0.468692 0.111351
v -0.109991 -0.358701 0.084365
v 0.532061 0.441802 0.099124
v 0.578647 0.403961 0.111351
v 0.485383 0.479717 0.111351
v 0.485429 0.479680 0.084365
v 0.485383 0.479717 0.057380
v 0.532061 0.441802 0.069607
v 0.578647 0.403961 0.057380
v 0.578693 0.403924 0.084365
v 0.561383 0.383160 0.057380
v 0.451921 0.251557 0.057380
v 0.469155 0.460268 0.057380
v 0.359935 0.328934 0.057380
v 0.469155 0.460268 0.111351
v 0.359935 0.328934 0.111352
v 0.561383 0.383160 0.111351
v 0.451921 0.251557 0.111352
v 0.200890 -0.022842 0.057380
v 0.110477 0.056254 0.057380
v 0.110477 0.056254 0.111351
v 0.200890 -0.022842 0.111351
v -0.388290 -0.567961 0.058820
v -0.469682 -0.489329 0.058820
v -0.469682 -0.489329 0.109911
v -0.388290 -0.567961 0.109911
v -0.124823 -0.345305 0.057380
v -0.213823 -0.264926 0.057380
v -0.213823 -0.264926 0.111351
v -0.124823 -0.345305 0.111351
v 0.566591 0.413754 0.076693
v 0.497507 0.469869 0.076693
v 0.497507 0.469870 0.092038
v 0.566591 0.413754 0.092038
v -0.476545 -0.572538 0.048384
v -0.527639 -0.500861 0.084365
v -0.534105 -0.621722 0.055061
v -0.540877 -0.627508 0.084365
v -0.516329 -0.606533 0.050054
v -0.422573 -0.526420 0.048384
v -0.519874 -0.530246 0.057380
v -0.497012 -0.473287 0.084365
v -0.539184 -0.626062 0.065726
v -0.464784 -0.485618 0.057380
v -0.556375 -0.606776 0.069570
v -0.335018 -0.451604 0.048384
v -0.381078 -0.448557 0.053209
v -0.331481 -0.412299 0.052355
v -0.435960 -0.433663 0.084365
v -0.413081 -0.439956 0.057380
v -0.394042 -0.473582 0.051673
v -0.440056 -0.463779 0.057380
v -0.367445 -0.479313 0.048384
v -0.468603 -0.462366 0.084365
v -0.349801 -0.443818 0.044029
v -0.380565 -0.466925 0.044381
v -0.445022 -0.455801 0.054547
v -0.475979 -0.450092 0.084365
v -0.462254 -0.431271 0.084365
v -0.539945 -0.547115 0.058005
v -0.542662 -0.582196 0.054342
v -0.537913 -0.518576 0.084365
v -0.553555 -0.602808 0.058724
v -0.558856 -0.608562 0.084365
v -0.588656 -0.566198 0.084365
v -0.575932 -0.542091 0.084365
v -0.573244 -0.578180 0.066642
v -0.575798 -0.587901 0.084365
v -0.560745 -0.561155 0.062582
v -0.556485 -0.601957 0.070735
v -0.541407 -0.549963 0.061019
v -0.545239 -0.580872 0.058669
v -0.540450 -0.527922 0.084365
v -0.554636 -0.599053 0.061900
v -0.559326 -0.604053 0.084365
v -0.398851 -0.621485 0.084365
v -0.431308 -0.613199 0.057380
v -0.366656 -0.595379 0.084365
v -0.378947 -0.566012 0.057380
v -0.518437 -0.642309 0.069570
v -0.333726 -0.492908 0.053209
v -0.290965 -0.450247 0.052355
v -0.319612 -0.542636 0.084365
v -0.325590 -0.521901 0.057380
v -0.362264 -0.503346 0.051673
v -0.353428 -0.544915 0.057380
v -0.353160 -0.570492 0.084365
v -0.326999 -0.465174 0.044029
v -0.354213 -0.491607 0.044380
v -0.344747 -0.549720 0.054547
v -0.339791 -0.577647 0.084365
v -0.318146 -0.566243 0.084365
v -0.451065 -0.630362 0.058005
v -0.490362 -0.631181 0.054342
v -0.419104 -0.629854 0.084365
v -0.513878 -0.639971 0.058724
v -0.520545 -0.644445 0.084365
v -0.474606 -0.673018 0.084365
v -0.447104 -0.662752 0.084365
v -0.487279 -0.658696 0.066642
v -0.498251 -0.660532 0.084365
v -0.467696 -0.648306 0.062582
v -0.513060 -0.642629 0.070735
v -0.454312 -0.631538 0.061019
v -0.489001 -0.633545 0.058669
v -0.429656 -0.631693 0.084365
v -0.509734 -0.641109 0.061900
v -0.515532 -0.645070 0.084365
v -0.476545 -0.572538 0.120347
v -0.534105 -0.621722 0.113669
v -0.516329 -0.606533 0.118677
v -0.422573 -0.526420 0.120347
v -0.519874 -0.530246 0.111351
v -0.539184 -0.626062 0.103005
v -0.464784 -0.485617 0.111351
v -0.556375 -0.606776 0.099161
v -0.335018 -0.451604 0.120347
v -0.381078 -0.448557 0.115522
v -0.331481 -0.412299 0.116376
v -0.413081 -0.439956 0.111351
v -0.394042 -0.473582 0.117058
v -0.440056 -0.463779 0.111351
v -0.367445 -0.479313 0.120347
v -0.349801 -0.443818 0.124702
v -0.380565 -0.466925 0.124350
v -0.445022 -0.455801 0.114184
v -0.539945 -0.547115 0.110726
v -0.542662 -0.582196 0.114389
v -0.553555 -0.602808 0.110007
v -0.573244 -0.578180 0.102089
v -0.560745 -0.561155 0.106149
v -0.556485 -0.601957 0.097995
v -0.541407 -0.549963 0.107712
v -0.545239 -0.580872 0.110062
v -0.554636 -0.599053 0.106831
v -0.431308 -0.613199 0.111351
v -0.378947 -0.566012 0.111351
v -0.518437 -0.642309 0.099161
v -0.333726 -0.492908 0.115522
v -0.290965 -0.450247 0.116376
v -0.325590 -0.521901 0.111351
v -0.362264 -0.503346 0.117058
v -0.353428 -0.544915 0.111351
v -0.326999 -0.465174 0.124702
v -0.354213 -0.491607 0.124350
v -0.344747 -0.549720 0.114184
v -0.451065 -0.630362 0.110726
v -0.490362 -0.631181 0.114389
v -0.513878 -0.639971 0.110007
v -0.487279 -0.658696 0.102089
v -0.467696 -0.648306 0.106149
v -0.513060 -0.642629 0.097995
v -0.454312 -0.631538 0.107712
v -0.489001 -0.633545 0.110062
v -0.509734 -0.641109 0.106831
v 0.532015 0.441839 0.120347
v 0.469839 0.492344 0.084365
v 0.532015 0.441839 0.048384
v 0.594190 0.391335 0.084365
v 0.578647 0.403961 0.111351
v 0.485383 0.479717 0.111351
v 0.485383 0.479717 0.057380
v 0.578647 0.403961 0.057380
v 0.527120 0.435957 0.120347
v 0.465053 0.486613 0.084365
v 0.527120 0.435957 0.048384
v 0.589187 0.385302 0.084365
v 0.573671 0.397966 0.111351
v 0.480570 0.473948 0.111351
v 0.480570 0.473948 0.057380
v 0.573671 0.397966 0.057380
v 0.529574 0.438905 0.122187
v 0.464312 0.492116 0.084365
v 0.529574 0.438905 0.046544
v 0.594835 0.385695 0.084365
v 0.578520 0.398997 0.112731
v 0.480628 0.478813 0.112731
v 0.480628 0.478813 0.056000
v 0.578520 0.398997 0.056000
v 0.501697 0.405234 0.048384
v 0.440233 0.456678 0.084365
v 0.501697 0.405234 0.120347
v 0.563268 0.353932 0.084365
v 0.455518 0.443710 0.057380
v 0.547984 0.366899 0.057380
v 0.455518 0.443710 0.111351
v 0.547984 0.366899 0.111351
v 0.509495 0.414988 0.048384
v 0.447871 0.466212 0.084365
v 0.509495 0.414988 0.120347
v 0.570685 0.363199 0.084365
v 0.555442 0.376217 0.057380
v 0.463114 0.453193 0.057380
v 0.463114 0.453193 0.111351
v 0.555442 0.376217 0.111351
v 0.506038 0.410690 0.046165
v 0.440407 0.464807 0.084365
v 0.506038 0.410690 0.122566
v 0.571016 0.355724 0.084365
v 0.456815 0.451277 0.055715
v 0.554826 0.369536 0.055715
v 0.456815 0.451277 0.113015
v 0.554826 0.369536 0.113015
v 0.555646 -0.324065 0.084398
v 0.555515 -0.344506 0.100965
v 0.573674 -0.343409 0.081600
v 0.554372 -0.339944 0.063631
v 0.536210 -0.341122 0.082987
v 0.553528 -0.360280 0.080042
v 0.509535 -0.508701 0.108099
v 0.549678 -0.459905 0.105328
v 0.560876 -0.468667 0.060920
v 0.508276 -0.501378 0.063688
v 0.549775 -0.352283 0.085890
v 0.559106 -0.352091 0.085638
v 0.558988 -0.348760 0.076674
v 0.549656 -0.348991 0.076921
v 0.580292 0.364789 0.085329
v 0.568253 0.353875 0.098566
v 0.578870 0.343826 0.083094
v 0.570296 0.356998 0.068738
v 0.559630 0.367005 0.084202
v 0.557927 0.346557 0.081849
v 0.552458 -0.131871 0.097702
v 0.553610 -0.331462 0.097702
v 0.752146 -0.128740 0.097702
v 0.551303 0.067718 0.097702
v 0.352768 -0.135004 0.097702
v 0.553634 -0.335485 0.084365
v 0.756171 -0.128676 0.084365
v 0.551281 0.071740 0.084365
v 0.348530 -0.134280 0.084365
v 0.553613 -0.331902 0.071029
v 0.752585 -0.128733 0.071029
v 0.551301 0.068157 0.071029
v 0.352329 -0.135012 0.071029
v 0.552458 -0.131871 0.071029
v 0.542049 0.097219 0.084399
v 0.549263 0.078021 0.100966
v 0.565753 0.085569 0.081600
v 0.546562 0.081884 0.063632
v 0.530673 0.076946 0.082987
v 0.551071 0.061114 0.080042
v 0.528867 0.217033 0.086103
v 0.543393 0.215517 0.087114
v 0.544412 0.215582 0.072490
v 0.529887 0.217095 0.071478
v 0.539300 0.083820 0.086936
v 0.550572 0.081783 0.087681
v 0.552126 0.084932 0.076490
v 0.540846 0.086922 0.075742
v 0.561154 0.345929 0.076943
v 0.575399 0.349103 0.076929
v 0.575483 0.348800 0.091585
v 0.561237 0.345627 0.091599
v 0.591366 0.211884 0.080719
v 0.577576 0.210926 0.075960
v 0.572815 0.210966 0.089821
v 0.586606 0.211923 0.094581
v 0.557776 0.082989 0.082817
v 0.547052 0.084739 0.079117
v 0.543438 0.087455 0.089954
v 0.554166 0.085740 0.093656
v 0.573439 0.350923 0.093286
v 0.559954 0.346853 0.089482
v 0.563482 0.348252 0.075328
v 0.576967 0.352323 0.079132
v -0.059510 -0.276761 0.153086
v 0.036955 -0.393144 0.158806
v -0.059509 -0.276761 0.164527
v -0.011276 -0.334953 0.152062
v -0.011277 -0.334953 0.165551
v 0.378658 0.122004 0.153086
v 0.477745 0.008051 0.158806
v 0.378658 0.122004 0.164527
v 0.428202 0.065027 0.152062
v 0.428202 0.065026 0.165551
v -0.474851 0.740015 0.153086
v -0.331276 0.807263 0.158806
v -0.474851 0.740014 0.164527
v -0.378412 0.758116 0.152062
v -0.378412 0.758116 0.165551
v -0.513116 0.774228 0.158806
v -0.426517 0.800134 0.158806
v -0.084358 0.394421 0.153086
v 0.041752 0.475673 0.158806
v -0.084358 0.394421 0.164527
v -0.021304 0.435045 0.152062
v -0.021305 0.435046 0.165551
v 0.127899 0.169882 0.164527
v 0.202304 0.198499 0.152062
v 0.127899 0.169882 0.153086
v 0.202304 0.198499 0.165551
v 0.276711 0.227117 0.158806
v -0.550028 -0.041315 0.153086
v -0.419821 0.035166 0.158806
v -0.550029 -0.041314 0.164527
v -0.484925 -0.003073 0.152062
v -0.484924 -0.003075 0.165551
v -0.628182 0.058323 0.153086
v -0.497811 0.134595 0.158806
v -0.562997 0.096459 0.165551
v -0.562996 0.096459 0.152062
v -0.628182 0.058323 0.164527
v 0.190328 0.524808 0.153086
v 0.315378 0.440868 0.158806
v 0.190328 0.524808 0.164527
v 0.252853 0.482837 0.152062
v 0.252853 0.482837 0.165551
v 0.254724 0.683165 0.164527
v 0.311602 0.627309 0.152062
v 0.254725 0.683165 0.153086
v 0.311602 0.627309 0.165551
v 0.368481 0.571451 0.158806
v -0.291540 0.031178 0.153086
v -0.154099 -0.030413 0.158806
v -0.291540 0.031177 0.164527
v -0.222819 0.000382 0.152062
v -0.222820 0.000381 0.165551
v -0.326073 -0.077188 0.164527
v -0.248501 -0.080207 0.152062
v -0.326073 -0.077188 0.153086
v -0.248502 -0.080208 0.165551
v -0.170929 -0.083228 0.158806
v -0.398348 0.344694 0.153086
v -0.260435 0.411352 0.158806
v -0.329392 0.378023 0.165551
v -0.329391 0.378023 0.152062
v -0.398348 0.344694 0.164527
v -0.307766 0.229212 0.153086
v -0.177395 0.305483 0.158806
v -0.242581 0.267347 0.165551
v -0.242580 0.267348 0.152062
v -0.307766 0.229211 0.164527
v 0.659209 0.208664 0.164527
v 0.598330 0.160495 0.152062
v 0.659208 0.208664 0.153086
v 0.598331 0.160495 0.165551
v 0.537451 0.112323 0.158806
v 0.612893 0.318263 0.153086
v 0.462328 0.290101 0.158806
v 0.537611 0.304181 0.165551
v 0.537611 0.304181 0.152062
v 0.612894 0.318262 0.164527
v 0.000000 0.707107 0.000000
v -0.707107 0.000000 0.000000
v 0.707107 0.000000 0.000000
v 0.000000 -0.707106 0.000000
v 0.000000 0.556562 -0.040000
v -0.556562 0.000000 -0.040000
v 0.556561 0.000000 -0.040000
v 0.000000 -0.556561 -0.040000
v 0.000000 0.707107 0.000000
v -0.707107 0.000000 0.000000
v 0.707107 0.000000 0.000000
v 0.000000 -0.707106 0.000000
v 0.000000 0.556562 0.040000
v -0.556562 0.000000 0.040000
v 0.556561 0.000000 0.040000
v 0.000000 -0.556561 0.040000
v -0.096121 -0.291579 0.142053
v 0.012997 -0.424505 0.146579
v -0.096121 -0.291579 0.168495
v 0.012997 -0.424505 0.163969
v -0.041831 -0.245626 0.142053
v 0.067286 -0.378552 0.146579
v -0.041831 -0.245626 0.168495
v 0.067286 -0.378552 0.163969
v -0.038500 -0.361771 0.139689
v -0.038500 -0.361771 0.170859
v 0.015789 -0.315819 0.139689
v 0.015789 -0.315819 0.170859
v -0.114497 -0.285380 0.128027
v 0.011669 -0.439073 0.128027
v -0.546474 -0.712526 0.134871
v -0.481538 -0.791629 0.134871
v -0.546474 -0.712526 0.175677
v -0.481538 -0.791629 0.175677
v -0.114497 -0.285380 0.182522
v 0.011669 -0.439073 0.182522
v -0.097709 -0.271599 0.128027
v 0.028456 -0.425292 0.128027
v -0.097709 -0.271599 0.182522
v 0.028456 -0.425292 0.182522
v -0.521653 -0.758355 0.132843
v -0.046236 -0.368535 0.112376
v -0.521653 -0.758355 0.177705
v -0.046236 -0.368535 0.198172
v -0.029448 -0.354754 0.112376
v -0.029448 -0.354754 0.198172
v -0.549303 -0.678158 0.132046
v -0.448095 -0.800293 0.132046
v -0.549303 -0.678158 0.178502
v -0.448095 -0.800293 0.178502
v -0.509670 -0.748530 0.118704
v -0.509670 -0.748530 0.191844
v -0.521074 -0.640975 0.128027
v -0.406134 -0.777720 0.128027
v -0.521074 -0.640975 0.182522
v -0.406134 -0.777720 0.182522
v -0.462885 -0.710202 0.112376
v -0.462885 -0.710202 0.198172
v -0.018602 -0.345258 0.290609
v -0.085193 -0.264137 0.272478
v -0.143523 -0.193081 0.215910
v -0.162848 -0.169539 0.155274
v -0.143523 -0.193081 0.094638
v -0.085193 -0.264137 0.038070
v -0.018602 -0.345258 0.019940
v 0.047989 -0.426379 0.038070
v 0.106318 -0.497435 0.094638
v 0.125644 -0.520977 0.155274
v 0.106318 -0.497435 0.215909
v 0.047989 -0.426379 0.272478
v -0.018602 -0.345258 0.155274
v -0.030974 -0.355414 0.155274
v -0.030974 -0.355414 0.290609
v -0.097565 -0.274293 0.272478
v -0.155894 -0.203237 0.215910
v -0.175220 -0.179695 0.155274
v -0.155894 -0.203237 0.094638
v -0.097565 -0.274293 0.038070
v -0.030974 -0.355414 0.019940
v 0.035617 -0.436535 0.038070
v 0.093947 -0.507591 0.094638
v 0.113272 -0.531133 0.155274
v 0.093947 -0.507591 0.215909
v 0.035617 -0.436535 0.272478
v -0.106446 -0.238247 0.234468
v -0.106446 -0.238247 0.076080
v 0.069242 -0.452269 0.076080
v 0.069242 -0.452269 0.234468
v -0.118818 -0.248403 0.234468
v -0.118818 -0.248403 0.076080
v 0.056870 -0.462425 0.076080
v 0.056870 -0.462425 0.234468
v -0.477985 0.410513 0.149187
v -0.587722 0.334585 0.155930
v -0.477985 0.410513 0.162673
v -0.532854 0.372548 0.147979
v -0.532854 0.372548 0.163881
v 0.633679 -0.577253 0.149187
v 0.514451 -0.650319 0.155930
v 0.633680 -0.577253 0.162673
v 0.553649 -0.606002 0.147979
v 0.553649 -0.606002 0.163881
v 0.665350 -0.596934 0.155930
v 0.593465 -0.629998 0.155930
v 0.310472 -0.379078 0.149187
v 0.205701 -0.459916 0.155930
v 0.310472 -0.379078 0.162673
v 0.258088 -0.419496 0.147979
v 0.258088 -0.419496 0.163881
v 0.037704 -0.168963 0.149187
v -0.068809 -0.248460 0.155930
v 0.037704 -0.168963 0.162673
v -0.015552 -0.208710 0.147979
v -0.015552 -0.208711 0.163881
v -0.220589 0.081018 0.149187
v -0.328749 0.003119 0.155930
v -0.220589 0.081018 0.162673
v -0.274670 0.042068 0.147979
v -0.274670 0.042068 0.163881
v 0.000000 0.707107 0.000000
v 0.707107 0.000000 0.000000
v -0.707107 0.000000 0.000000
v 0.000000 -0.707106 0.000000
v 0.000000 0.556562 0.040000
v 0.556562 0.000000 0.040000
v -0.556561 0.000000 0.040000
v 0.000000 -0.556561 0.040000
v 0.000000 0.707107 0.000000
v 0.707107 0.000000 0.000000
v -0.707107 0.000000 0.000000
v 0.000000 -0.707106 0.000000
v 0.000000 0.556562 -0.040000
v 0.556562 0.000000 -0.040000
v -0.556561 0.000000 -0.040000
v 0.000000 -0.556561 -0.040000
v -0.481886 0.439593 0.140815
v -0.608204 0.352764 0.145741
v -0.481886 0.439593 0.169597
v -0.608204 0.352764 0.164671
v -0.453683 0.398393 0.140815
v -0.580001 0.311564 0.145741
v -0.453683 0.398393 0.169597
v -0.580001 0.311564 0.164671
v -0.548589 0.393743 0.138242
v -0.548589 0.393743 0.172170
v -0.520386 0.352542 0.138242
v -0.520386 0.352542 0.172170
v -0.473762 0.453927 0.125548
v -0.619814 0.353532 0.125548
v -0.748129 0.780658 0.132998
v -0.823301 0.728987 0.132998
v -0.748129 0.780658 0.177414
v -0.823301 0.728987 0.177414
v -0.473762 0.453927 0.184865
v -0.619814 0.353532 0.184865
v -0.465389 0.441179 0.125548
v -0.611442 0.340784 0.125548
v -0.465389 0.441179 0.184865
v -0.611442 0.340784 0.184865
v -0.789529 0.760630 0.130790
v -0.552783 0.399609 0.108512
v -0.789529 0.760630 0.179622
v -0.552783 0.399609 0.201900
v -0.544410 0.386861 0.108512
v -0.544410 0.386861 0.201900
v -0.719737 0.783462 0.129923
v -0.835959 0.702947 0.129923
v -0.719737 0.783462 0.180489
v -0.835959 0.702947 0.180489
v -0.783562 0.751530 0.115401
v -0.783562 0.751530 0.195012
v -0.694278 0.762276 0.125548
v -0.824676 0.670871 0.125548
v -0.694278 0.762276 0.184865
v -0.824676 0.670871 0.184865
v -0.760292 0.716002 0.108512
v -0.760292 0.716002 0.201900
v -0.538520 0.378636 0.302516
v -0.461432 0.431625 0.282780
v -0.393908 0.478041 0.221207
v -0.371537 0.493418 0.155206
v -0.393908 0.478041 0.089205
v -0.461432 0.431625 0.027632
v -0.538520 0.378636 0.007896
v -0.615607 0.325647 0.027632
v -0.683131 0.279231 0.089205
v -0.705503 0.263853 0.155206
v -0.683131 0.279231 0.221206
v -0.615607 0.325647 0.282780
v -0.538520 0.378636 0.155206
v -0.544690 0.388030 0.155206
v -0.544690 0.388030 0.302516
v -0.467602 0.441020 0.282780
v -0.400078 0.487435 0.221207
v -0.377706 0.502813 0.155206
v -0.400078 0.487435 0.089205
v -0.467602 0.441020 0.027632
v -0.544690 0.388030 0.007896
v -0.621778 0.335041 0.027632
v -0.689301 0.288626 0.089205
v -0.711674 0.273248 0.155206
v -0.689301 0.288626 0.221206
v -0.621778 0.335041 0.282780
v -0.436829 0.448537 0.241408
v -0.436829 0.448537 0.069005
v -0.640210 0.308735 0.069005
v -0.640210 0.308735 0.241407
v -0.442999 0.457932 0.241408
v -0.442999 0.457932 0.069005
v -0.646381 0.318129 0.069005
v -0.646381 0.318129 0.241407
v -0.547672 0.024595 0.055978
v -0.545679 -0.056752 0.000000
v -0.547672 0.024595 -0.055978
v -0.549665 0.105941 0.000000
v -1.028319 0.006897 0.055978
v -1.024627 -0.074372 0.000000
v -1.028319 0.006897 -0.055978
v -1.032012 0.088167 0.000000
v -1.773587 -0.041354 0.055978
v -2.484629 -0.107468 0.055978
v -1.767503 -0.122460 0.000000
v -2.474855 -0.188159 0.000000
v -1.773587 -0.041354 -0.055978
v -2.484629 -0.107468 -0.055978
v -1.779671 0.039752 0.000000
v -2.494404 -0.026778 0.000000
v -0.373200 0.028695 -0.055978
v -0.373200 -0.052652 0.000000
v -0.373200 0.028695 0.055978
v -0.373200 0.110041 0.000000
v -0.373200 0.028775 0.000000
v -0.419196 0.027630 0.055978
v -0.546177 -0.036415 0.041983
v -0.719608 0.020717 0.055978
v -0.549167 0.085605 0.041983
v -0.417204 -0.053717 0.000000
v -0.546177 -0.036415 -0.041983
v -0.717190 -0.060610 0.000000
v -0.419196 0.027630 -0.055978
v -0.549167 0.085605 -0.041983
v -0.719608 0.020717 -0.055978
v -0.421189 0.108976 0.000000
v -0.722026 0.102045 0.000000
v -1.369854 -0.012004 0.055978
v -1.031089 0.067849 0.041983
v -1.025550 -0.054055 0.041983
v -1.364714 -0.093194 0.000000
v -1.025550 -0.054055 -0.041983
v -1.369854 -0.012004 -0.055978
v -1.031089 0.067849 -0.041983
v -1.374995 0.069186 0.000000
v -2.761242 -0.146394 0.052990
v -2.749860 -0.222543 0.000000
v -2.761242 -0.146394 -0.052990
v -2.772626 -0.070244 0.000000
v -1.778150 0.019476 0.041983
v -1.769024 -0.102183 0.041983
v -2.168763 -0.075169 0.055978
v -2.477298 -0.167987 0.041983
v -2.491960 -0.046950 0.041983
v -1.769024 -0.102183 -0.041983
v -2.161411 -0.156128 0.000000
v -2.477298 -0.167987 -0.041983
v -1.778150 0.019476 -0.041983
v -2.168763 -0.075169 -0.055978
v -2.491960 -0.046950 -0.041983
v -2.176115 0.005789 0.000000
v -0.373200 0.028755 -0.022961
v -0.373200 0.089705 -0.041983
v -0.373200 -0.032315 -0.041983
v -0.373200 -0.032255 0.000000
v -0.373200 -0.032315 0.041983
v -0.373200 0.028755 0.022961
v -0.373200 0.089705 0.041983
v -0.373200 0.089765 0.000000
v -0.420691 0.088640 0.041983
v -0.721421 0.081713 0.041983
v -0.417702 -0.033380 0.041983
v -0.717795 -0.040278 0.041983
v -0.417702 -0.033380 -0.041983
v -0.717795 -0.040278 -0.041984
v -0.420691 0.088640 -0.041983
v -0.721421 0.081713 -0.041984
v -1.373710 0.048888 0.041983
v -1.365999 -0.072897 0.041983
v -1.365999 -0.072897 -0.041983
v -1.373710 0.048888 -0.041983
v -2.769779 -0.089281 0.039742
v -2.752706 -0.203506 0.039742
v -2.752706 -0.203506 -0.039743
v -2.769779 -0.089281 -0.039743
v -2.174277 -0.014450 0.041983
v -2.163250 -0.135889 0.041983
v -2.163250 -0.135889 -0.041983
v -2.174277 -0.014450 -0.041983
v -0.373200 0.073932 0.011936
v -0.373200 -0.016453 0.011936
v -0.373200 -0.016453 -0.011936
v -0.373200 0.073932 -0.011936
v -2.873785 -0.157614 0.055978
v -2.832635 -0.243111 0.000000
v -3.004621 -0.173629 0.045590
v -3.020014 -0.175513 0.000000
v -2.964216 -0.168683 0.053381
v -2.751104 -0.142598 0.055978
v -2.864108 -0.218689 0.041983
v -2.761104 -0.235457 0.000000
v -3.016166 -0.175042 0.028999
v -2.742219 -0.201850 0.041983
v -3.008909 -0.200823 0.023018
v -2.552085 -0.118238 0.055978
v -2.598954 -0.157261 0.048472
v -2.494565 -0.139678 0.049801
v -2.639437 -0.210718 0.000000
v -2.622675 -0.188381 0.041983
v -2.647442 -0.152248 0.050862
v -2.685045 -0.195408 0.041983
v -2.625794 -0.127260 0.055978
v -2.714741 -0.219300 0.000000
v -2.557843 -0.134971 0.062754
v -2.623434 -0.145495 0.062207
v -2.679666 -0.204343 0.046390
v -2.706172 -0.232833 0.000000
v -2.665301 -0.233398 0.000000
v -2.909346 -0.224447 0.041010
v -2.960197 -0.204957 0.046709
v -2.868175 -0.240446 0.000000
v -3.000374 -0.201001 0.039892
v -3.014092 -0.201719 0.000000
v -2.989329 -0.251930 0.000000
v -2.942358 -0.256569 0.000000
v -2.988597 -0.232098 0.027574
v -3.004683 -0.228149 0.000000
v -2.951534 -0.232541 0.033890
v -3.002458 -0.203890 0.021205
v -2.914850 -0.223866 0.036322
v -2.961246 -0.207853 0.039977
v -2.883731 -0.236716 0.000000
v -2.996450 -0.204193 0.034951
v -3.008463 -0.204885 0.000000
v -2.854471 -0.064717 0.000000
v -2.879124 -0.096009 0.041983
v -2.783205 -0.054892 0.000000
v -2.756772 -0.082952 0.041983
v -3.015341 -0.148272 0.023018
v -2.606982 -0.091670 0.048472
v -2.501434 -0.083556 0.049801
v -2.659164 -0.049556 0.000000
v -2.637509 -0.067191 0.041983
v -2.652830 -0.108230 0.050862
v -2.699732 -0.075414 0.041983
v -2.734315 -0.059390 0.000000
v -2.561709 -0.103386 0.062754
v -2.627902 -0.108993 0.062207
v -2.696668 -0.065445 0.046390
v -2.729263 -0.044189 0.000000
v -2.689734 -0.033784 0.000000
v -2.924416 -0.101332 0.041010
v -2.969065 -0.132512 0.046709
v -2.888319 -0.075875 0.000000
v -3.007101 -0.146041 0.039892
v -3.020588 -0.148652 0.000000
v -3.008666 -0.093951 0.000000
v -2.964200 -0.078120 0.000000
v -3.003173 -0.113021 0.027574
v -3.017831 -0.120733 0.000000
v -2.967310 -0.103652 0.033890
v -3.009821 -0.143739 0.021205
v -2.929617 -0.103223 0.036322
v -2.970781 -0.129954 0.039977
v -2.902516 -0.083247 0.000000
v -3.004063 -0.141996 0.034951
v -3.015888 -0.144223 0.000000
v -2.873785 -0.157614 -0.055978
v -3.004621 -0.173629 -0.045590
v -2.964216 -0.168683 -0.053381
v -2.751104 -0.142598 -0.055978
v -2.864108 -0.218689 -0.041983
v -3.016166 -0.175042 -0.028999
v -2.742219 -0.201850 -0.041983
v -3.008909 -0.200823 -0.023018
v -2.552085 -0.118238 -0.055978
v -2.598954 -0.157261 -0.048472
v -2.494565 -0.139678 -0.049801
v -2.622675 -0.188381 -0.041983
v -2.647442 -0.152248 -0.050862
v -2.685045 -0.195408 -0.041983
v -2.625794 -0.127260 -0.055978
v -2.557843 -0.134971 -0.062754
v -2.623434 -0.145495 -0.062207
v -2.679666 -0.204343 -0.046390
v -2.909346 -0.224447 -0.041010
v -2.960197 -0.204957 -0.046709
v -3.000374 -0.201001 -0.039892
v -2.988597 -0.232098 -0.027574
v -2.951534 -0.232541 -0.033890
v -3.002458 -0.203890 -0.021205
v -2.914850 -0.223866 -0.036322
v -2.961246 -0.207853 -0.039977
v -2.996450 -0.204193 -0.034951
v -2.879124 -0.096009 -0.041983
v -2.756772 -0.082952 -0.041983
v -3.015341 -0.148272 -0.023018
v -2.606982 -0.091670 -0.048472
v -2.501434 -0.083556 -0.049801
v -2.637509 -0.067191 -0.041983
v -2.652830 -0.108230 -0.050862
v -2.699732 -0.075414 -0.041983
v -2.561709 -0.103386 -0.062754
v -2.627902 -0.108993 -0.062207
v -2.696668 -0.065445 -0.046390
v -2.924416 -0.101332 -0.041010
v -2.969065 -0.132512 -0.046709
v -3.007101 -0.146041 -0.039892
v -3.003173 -0.113021 -0.027574
v -2.967310 -0.103652 -0.033890
v -3.009821 -0.143739 -0.021205
v -2.929617 -0.103223 -0.036322
v -2.970781 -0.129954 -0.039977
v -3.004063 -0.141996 -0.034951
v -0.945814 0.710049 -0.000114
v -0.962282 0.729136 -0.020502
v -0.944207 0.742460 0.003330
v -0.959716 0.723949 0.025442
v -0.977859 0.710699 0.001623
v -0.976775 0.742374 0.005247
v -1.137101 0.846933 -0.029282
v -1.060072 0.832855 -0.025872
v -1.056473 0.849933 0.028779
v -1.132438 0.839063 0.025373
v -0.973935 0.731898 -0.001951
v -0.964945 0.739095 -0.001641
v -0.962394 0.735874 0.009391
v -0.971416 0.728714 0.009087
v -0.384723 0.118092 -0.001682
v -0.413237 0.116563 -0.024778
v -0.412652 0.141992 0.002219
v -0.406812 0.115266 0.027268
v -0.407509 0.089828 0.000286
v -0.435144 0.112748 0.004391
v -0.795401 0.526707 -0.016487
v -0.952431 0.717064 -0.016487
v -0.605044 0.683736 -0.016487
v -0.638370 0.336348 -0.016487
v -0.985760 0.369675 -0.016487
v -0.955245 0.720473 -0.000074
v -0.601634 0.686549 -0.000074
v -0.635558 0.332939 -0.000074
v -0.988746 0.365946 -0.000074
v -0.952431 0.717064 0.016338
v -0.605044 0.683736 0.016338
v -0.638370 0.336348 0.016338
v -0.985760 0.369675 0.016338
v -0.795401 0.526707 0.016338
v -0.621872 0.303810 -0.000115
v -0.630389 0.327535 -0.020503
v -0.608738 0.333484 0.003329
v -0.629858 0.321773 0.025442
v -0.648854 0.313849 0.001622
v -0.642193 0.344836 0.005247
v -0.548962 0.193909 -0.002212
v -0.536417 0.206815 -0.003456
v -0.535401 0.207559 0.014540
v -0.547947 0.194657 0.015785
v -0.635188 0.314215 -0.003238
v -0.626142 0.325038 -0.004155
v -0.622152 0.323310 0.009618
v -0.631244 0.312525 0.010539
v -0.431938 0.117508 0.012952
v -0.410358 0.131240 0.012975
v -0.410632 0.131715 -0.012598
v -0.432211 0.117980 -0.012622
v -0.493890 0.248146 0.004414
v -0.507716 0.238144 0.010271
v -0.512193 0.234344 -0.006789
v -0.498368 0.244346 -0.012645
v -0.618355 0.329599 0.001831
v -0.627112 0.319480 0.006384
v -0.628363 0.314073 -0.006952
v -0.619574 0.324164 -0.011507
v -0.410508 0.126589 -0.015566
v -0.432268 0.114894 -0.008928
v -0.426158 0.117544 0.015769
v -0.404398 0.129239 0.009131
v -0.373200 0.028695 -0.055978
v -0.373200 -0.052652 0.000000
v -0.373200 0.028695 0.055978
v -0.373200 0.110041 0.000000
v -0.373200 0.089705 -0.041983
v -0.373200 -0.032315 -0.041983
v -0.373200 -0.032315 0.041983
v -0.373200 0.089705 0.041983
v -0.386644 0.028384 -0.055978
v -0.386318 -0.052969 0.000000
v -0.386644 0.028384 0.055978
v -0.386970 0.109735 0.000000
v -0.386888 0.089398 -0.041983
v -0.386400 -0.032631 -0.041983
v -0.386400 -0.032631 0.041983
v -0.386888 0.089398 0.041983
v -0.379905 0.028540 -0.058841
v -0.379633 -0.056968 0.000000
v -0.379905 0.028540 0.058841
v -0.380178 0.114046 0.000000
v -0.380110 0.092670 -0.044130
v -0.379701 -0.035591 -0.044130
v -0.379701 -0.035591 0.044130
v -0.380110 0.092670 0.044130
v -0.456705 0.026872 0.055978
v -0.454635 -0.054481 0.000000
v -0.456705 0.026872 -0.055978
v -0.458462 0.108224 0.000000
v -0.455388 -0.034143 0.041983
v -0.457709 0.087887 0.041983
v -0.455388 -0.034143 -0.041983
v -0.457709 0.087887 -0.041983
v -0.434764 0.027132 0.055978
v -0.433173 -0.054215 0.000000
v -0.434764 0.027132 -0.055978
v -0.437609 0.108477 0.000000
v -0.436741 0.088141 0.041983
v -0.434042 -0.033878 0.041983
v -0.434042 -0.033878 -0.041983
v -0.436741 0.088141 -0.041983
v -0.444455 0.027000 0.059431
v -0.443357 -0.059365 0.000000
v -0.444455 0.027000 -0.059431
v -0.447436 0.113364 0.000000
v -0.443632 -0.037774 0.044572
v -0.446534 0.091774 0.044572
v -0.443632 -0.037774 -0.044572
v -0.446534 0.091774 -0.044572
v -0.547672 0.024595 0.067042
v -0.545444 -0.066965 0.000000
v -0.547672 0.024595 -0.067042
v -0.549901 0.116154 0.000000
v -1.028319 0.006897 0.067042
v -1.024116 -0.084575 0.000000
v -1.028319 0.006897 -0.067042
v -1.032523 0.098370 0.000000
v -2.883848 -0.155556 0.067040
v -2.869627 -0.246027 0.000000
v -2.883848 -0.155556 -0.067040
v -2.898173 -0.065101 0.000000
v -3.019657 -0.177143 0.054050
v -3.008847 -0.249691 0.000000
v -3.019657 -0.177143 -0.054050
v -3.031875 -0.104818 0.000000
v -3.040309 -0.180425 0.000000
v -1.773587 -0.041354 0.067042
v -2.484629 -0.107468 0.067042
v -1.766698 -0.132644 0.000000
v -2.473763 -0.198318 0.000000
v -1.773587 -0.041354 -0.067042
v -2.484629 -0.107468 -0.067042
v -1.780478 0.049936 0.000000
v -2.495495 -0.016619 0.000000
v -0.368584 0.028832 -0.062352
v -0.366425 -0.058171 0.000000
v -0.368584 0.028832 0.062352
v -0.370680 0.115836 0.000000
v -0.359575 0.029053 0.000000
v -0.419196 0.027630 0.067042
v -0.546030 -0.042790 0.049990
v -0.719608 0.020717 0.067042
v -0.549314 0.091979 0.049990
v -0.416962 -0.063930 0.000000
v -0.546030 -0.042790 -0.049990
v -0.716847 -0.070819 0.000000
v -0.419196 0.027630 -0.067042
v -0.549314 0.091979 -0.049990
v -0.719608 0.020717 -0.067042
v -0.421431 0.119189 0.000000
v -0.722369 0.112254 0.000000
v -1.369854 -0.012004 0.067042
v -1.031408 0.074218 0.049990
v -1.025231 -0.060424 0.049990
v -1.364062 -0.103389 0.000000
v -1.025231 -0.060424 -0.049990
v -1.369854 -0.012004 -0.067042
v -1.031408 0.074218 -0.049990
v -1.375648 0.079381 0.000000
v -2.974908 -0.170030 0.064349
v -2.894391 -0.088983 0.049988
v -2.761242 -0.138631 0.067042
v -2.873358 -0.222137 0.049988
v -2.961536 -0.256660 0.000000
v -2.747947 -0.229212 0.000000
v -2.873358 -0.222137 -0.049988
v -2.974908 -0.170030 -0.064349
v -2.761242 -0.138631 -0.067042
v -2.894391 -0.088983 -0.049988
v -2.989055 -0.083523 0.000000
v -2.774536 -0.048050 0.000000
v -3.035639 -0.179683 0.032856
v -3.028529 -0.123598 0.040258
v -3.011490 -0.230799 0.040258
v -3.028969 -0.224034 0.000000
v -3.011490 -0.230799 -0.040258
v -3.035639 -0.179683 -0.032856
v -3.028529 -0.123598 -0.040258
v -3.043049 -0.135449 0.000000
v -1.778653 0.025833 0.049989
v -1.768521 -0.108541 0.049989
v -2.168763 -0.075169 0.067042
v -2.476617 -0.174329 0.049988
v -2.492642 -0.040608 0.049988
v -1.768521 -0.108541 -0.049989
v -2.160457 -0.166301 0.000000
v -2.476617 -0.174329 -0.049988
v -1.778653 0.025833 -0.049989
v -2.168763 -0.075169 -0.067042
v -2.492642 -0.040608 -0.049988
v -2.177071 0.015962 0.000000
v -0.360459 0.029031 -0.042959
v -0.370148 0.093424 -0.046573
v -0.366989 -0.035759 -0.046573
v -0.358917 -0.032620 0.000000
v -0.366989 -0.035759 0.046573
v -0.360459 0.029031 0.042959
v -0.370148 0.093424 0.046573
v -0.361937 0.090684 0.000000
v -0.420842 0.095014 0.049990
v -0.721636 0.088085 0.049990
v -0.417551 -0.039755 0.049990
v -0.717580 -0.046651 0.049990
v -0.417551 -0.039755 -0.049990
v -0.717580 -0.046651 -0.049990
v -0.420842 0.095014 -0.049990
v -0.721636 0.088085 -0.049990
v -1.374117 0.055252 0.049990
v -1.365592 -0.079260 0.049990
v -1.365592 -0.079260 -0.049990
v -1.374117 0.055252 -0.049990
v -2.771053 -0.071970 0.049989
v -2.751431 -0.205292 0.049989
v -2.751431 -0.205292 -0.049989
v -2.771053 -0.071970 -0.049989
v -2.985225 -0.106376 0.047957
v -2.964980 -0.233745 0.047957
v -2.964980 -0.233745 -0.047957
v -2.985225 -0.106376 -0.047957
v -3.038247 -0.143844 0.026438
v -3.027006 -0.214564 0.026438
v -3.027006 -0.214564 -0.026439
v -3.038247 -0.143844 -0.026439
v -2.174874 -0.008100 0.049988
v -2.162654 -0.142239 0.049988
v -2.162654 -0.142239 -0.049988
v -2.174874 -0.008100 -0.049988
v -0.362217 0.074795 0.031969
v -0.359974 -0.016763 0.031969
v -0.359974 -0.016763 -0.031969
v -0.362217 0.074795 -0.031969
v -0.340158 -0.021575 -0.010993
v -0.340158 0.087659 -0.007230
v -0.340158 -0.021575 0.010993
v -0.340158 0.087659 0.007230
v -0.424841 -0.022256 -0.010993
v -0.424841 0.086978 -0.007230
v -0.424841 -0.022256 0.010993
v -0.424841 0.086978 0.007230
v -0.340158 0.036107 -0.012959
v -0.340158 0.036107 0.012959
v -0.424841 0.035426 -0.012959
v -0.424841 0.035426 0.012959
v -0.327929 -0.032024 -0.022656
v -0.327929 0.094276 -0.022656
v 0.392352 0.003589 -0.016965
v 0.392352 0.068594 -0.016965
v 0.392352 0.003589 0.016965
v 0.392352 0.068594 0.016965
v -0.327929 -0.032024 0.022656
v -0.327929 0.094276 0.022656
v -0.353791 -0.032024 -0.022656
v -0.353791 0.094276 -0.022656
v -0.353791 -0.032024 0.022656
v -0.353791 0.094276 0.022656
v 0.404132 0.036091 -0.018651
v -0.327929 0.036310 -0.035669
v 0.404132 0.036091 0.018651
v -0.327929 0.036310 0.035669
v -0.353791 0.036310 -0.035669
v -0.353791 0.036310 0.035669
v 0.368991 -0.014424 -0.019314
v 0.368117 0.086325 -0.019314
v 0.368991 -0.014424 0.019314
v 0.368117 0.086325 0.019314
v 0.385681 0.036097 -0.030407
v 0.385681 0.036097 0.030407
v 0.314919 -0.021301 -0.022656
v 0.312445 0.092154 -0.022656
v 0.314919 -0.021301 0.022656
v 0.312445 0.092154 0.022656
v 0.313666 0.036135 -0.035669
v 0.313666 0.036135 0.035669
v -0.370947 0.036019 0.112529
v -0.370947 -0.030643 0.097453
v -0.370947 -0.089035 0.050418
v -0.370947 -0.108381 0.000000
v -0.370947 -0.089035 -0.050418
v -0.370947 -0.030643 -0.097453
v -0.370947 0.036019 -0.112529
v -0.370947 0.102681 -0.097453
v -0.370947 0.161073 -0.050418
v -0.370947 0.180419 0.000000
v -0.370947 0.161073 0.050417
v -0.370947 0.102681 0.097453
v -0.370947 0.036019 0.000000
v -0.351888 0.036019 0.000000
v -0.351888 0.036019 0.112529
v -0.351888 -0.030643 0.097453
v -0.351888 -0.089035 0.050418
v -0.351888 -0.108381 0.000000
v -0.351888 -0.089035 -0.050418
v -0.351888 -0.030643 -0.097453
v -0.351888 0.036019 -0.112529
v -0.351888 0.102681 -0.097453
v -0.351888 0.161073 -0.050418
v -0.351888 0.180419 0.000000
v -0.351888 0.161073 0.050417
v -0.351888 0.102681 0.097453
v -0.370947 -0.051919 0.065849
v -0.370947 -0.051919 -0.065849
v -0.370947 0.123957 -0.065849
v -0.370947 0.123957 0.065848
v -0.351888 -0.051919 0.065849
v -0.351888 -0.051919 -0.065849
v -0.351888 0.123957 -0.065849
v -0.351888 0.123957 0.065848
v -0.385680 -0.013462 -0.004803
v -0.385644 0.081580 0.000000
v -0.385680 -0.013462 0.004803
v -0.385658 0.034060 -0.005663
v -0.385658 0.034060 0.005663
v -2.857777 -0.212596 -0.004803
v -2.840453 -0.113785 0.000000
v -2.857777 -0.212596 0.004803
v -2.818049 -0.155665 -0.005663
v -2.818049 -0.155665 0.005663
v -2.916543 -0.220693 0.000000
v -2.890821 -0.166236 0.000000
v -2.262386 -0.125399 -0.004803
v -2.271113 -0.030949 0.000000
v -2.262386 -0.125399 0.004803
v -2.266748 -0.078176 -0.005663
v -2.266748 -0.078176 0.005663
v -1.701086 -0.065930 -0.004803
v -1.707127 0.028834 0.000000
v -1.701086 -0.065930 0.004803
v -1.704104 -0.018543 -0.005663
v -1.704104 -0.018543 0.005663
v -1.098745 -0.026308 -0.004803
v -1.101898 0.068653 0.000000
v -1.098745 -0.026308 0.004803
v -1.100318 0.021171 -0.005663
v -1.100318 0.021171 0.005663
v -0.340158 -0.021575 -0.010993
v -0.340158 0.087659 -0.007230
v -0.340158 -0.021575 0.010993
v -0.340158 0.087659 0.007230
v -0.424841 -0.022256 -0.010993
v -0.424841 0.086978 -0.007230
v -0.424841 -0.022256 0.010993
v -0.424841 0.086978 0.007230
v -0.340158 0.036107 -0.012959
v -0.340158 0.036107 0.012959
v -0.424841 0.035426 -0.012959
v -0.424841 0.035426 0.012959
v -0.327929 -0.032024 -0.022656
v -0.327929 0.094276 -0.022656
v 0.392352 0.003589 -0.016965
v 0.392352 0.068594 -0.016965
v 0.392352 0.003589 0.016965
v 0.392352 0.068594 0.016965
v -0.327929 -0.032024 0.022656
v -0.327929 0.094276 0.022656
v -0.353791 -0.032024 -0.022656
v -0.353791 0.094276 -0.022656
v -0.353791 -0.032024 0.022656
v -0.353791 0.094276 0.022656
v 0.404132 0.036091 -0.018651
v -0.327929 0.036310 -0.035669
v 0.404132 0.036091 0.018651
v -0.327929 0.036310 0.035669
v -0.353791 0.036310 -0.035669
v -0.353791 0.036310 0.035669
v 0.368991 -0.014424 -0.019314
v 0.368117 0.086325 -0.019314
v 0.368991 -0.014424 0.019314
v 0.368117 0.086325 0.019314
v 0.385681 0.036097 -0.030407
v 0.385681 0.036097 0.030407
v 0.314919 -0.021301 -0.022656
v 0.312445 0.092154 -0.022656
v 0.314919 -0.021301 0.022656
v 0.312445 0.092154 0.022656
v 0.313666 0.036135 -0.035669
v 0.313666 0.036135 0.035669
v -0.370947 0.036019 0.112529
v -0.370947 -0.030643 0.097453
v -0.370947 -0.089035 0.050418
v -0.370947 -0.108381 0.000000
v -0.370947 -0.089035 -0.050418
v -0.370947 -0.030643 -0.097453
v -0.370947 0.036019 -0.112529
v -0.370947 0.102681 -0.097453
v -0.370947 0.161073 -0.050418
v -0.370947 0.180419 0.000000
v -0.370947 0.161073 0.050417
v -0.370947 0.102681 0.097453
v -0.370947 0.036019 0.000000
v -0.351888 0.036019 0.000000
v -0.351888 0.036019 0.112529
v -0.351888 -0.030643 0.097453
v -0.351888 -0.089035 0.050418
v -0.351888 -0.108381 0.000000
v -0.351888 -0.089035 -0.050418
v -0.351888 -0.030643 -0.097453
v -0.351888 0.036019 -0.112529
v -0.351888 0.102681 -0.097453
v -0.351888 0.161073 -0.050418
v -0.351888 0.180419 0.000000
v -0.351888 0.161073 0.050417
v -0.351888 0.102681 0.097453
v -0.370947 -0.051919 0.065849
v -0.370947 -0.051919 -0.065849
v -0.370947 0.123957 -0.065849
v -0.370947 0.123957 0.065848
v -0.351888 -0.051919 0.065849
v -0.351888 -0.051919 -0.065849
v -0.351888 0.123957 -0.065849
v -0.351888 0.123957 0.065848
v -0.385680 -0.013462 -0.004803
v -0.385644 0.081580 0.000000
v -0.385680 -0.013462 0.004803
v -0.385658 0.034060 -0.005663
v -0.385658 0.034060 0.005663
v -1.098745 -0.026308 -0.004803
v -1.101898 0.068653 0.000000
v -1.098745 -0.026308 0.004803
v -1.100318 0.021171 -0.005663
v -1.100318 0.021171 0.005663
v -0.340158 -0.021575 -0.010993
v -0.340158 0.087659 -0.007230
v -0.340158 -0.021575 0.010993
v -0.340158 0.087659 0.007230
v -0.424841 -0.022256 -0.010993
v -0.424841 0.086978 -0.007230
v -0.424841 -0.022256 0.010993
v -0.424841 0.086978 0.007230
v -0.340158 0.036107 -0.012959
v -0.340158 0.036107 0.012959
v -0.424841 0.035426 -0.012959
v -0.424841 0.035426 0.012959
v -0.327929 -0.032024 -0.022656
v -0.327929 0.094276 -0.022656
v 0.392352 0.003589 -0.016965
v 0.392352 0.068594 -0.016965
v 0.392352 0.003589 0.016965
v 0.392352 0.068594 0.016965
v -0.327929 -0.032024 0.022656
v -0.327929 0.094276 0.022656
v -0.353791 -0.032024 -0.022656
v -0.353791 0.094276 -0.022656
v -0.353791 -0.032024 0.022656
v -0.353791 0.094276 0.022656
v 0.404132 0.036091 -0.018651
v -0.327929 0.036310 -0.035669
v 0.404132 0.036091 0.018651
v -0.327929 0.036310 0.035669
v -0.353791 0.036310 -0.035669
v -0.353791 0.036310 0.035669
v 0.368991 -0.014424 -0.019314
v 0.368117 0.086325 -0.019314
v 0.368991 -0.014424 0.019314
v 0.368117 0.086325 0.019314
v 0.385681 0.036097 -0.030407
v 0.385681 0.036097 0.030407
v 0.314919 -0.021301 -0.022656
v 0.312445 0.092154 -0.022656
v 0.314919 -0.021301 0.022656
v 0.312445 0.092154 0.022656
v 0.313666 0.036135 -0.035669
v 0.313666 0.036135 0.035669
v -0.370947 0.036019 0.112529
v -0.370947 -0.030643 0.097453
v -0.370947 -0.089035 0.050418
v -0.370947 -0.108381 0.000000
v -0.370947 -0.089035 -0.050418
v -0.370947 -0.030643 -0.097453
v -0.370947 0.036019 -0.112529
v -0.370947 0.102681 -0.097453
v -0.370947 0.161073 -0.050418
v -0.370947 0.180419 0.000000
v -0.370947 0.161073 0.050417
v -0.370947 0.102681 0.097453
v -0.370947 0.036019 0.000000
v -0.351888 0.036019 0.000000
v -0.351888 0.036019 0.112529
v -0.351888 -0.030643 0.097453
v -0.351888 -0.089035 0.050418
v -0.351888 -0.108381 0.000000
v -0.351888 -0.089035 -0.050418
v -0.351888 -0.030643 -0.097453
v -0.351888 0.036019 -0.112529
v -0.351888 0.102681 -0.097453
v -0.351888 0.161073 -0.050418
v -0.351888 0.180419 0.000000
v -0.351888 0.161073 0.050417
v -0.351888 0.102681 0.097453
v -0.370947 -0.051919 0.065849
v -0.370947 -0.051919 -0.065849
v -0.370947 0.123957 -0.065849
v -0.370947 0.123957 0.065848
v -0.351888 -0.051919 0.065849
v -0.351888 -0.051919 -0.065849
v -0.351888 0.123957 -0.065849
v -0.351888 0.123957 0.065848
v -2.857777 -0.212596 -0.004803
v -2.840453 -0.113785 0.000000
v -2.857777 -0.212596 0.004803
v -2.818049 -0.155665 -0.005663
v -2.818049 -0.155665 0.005663
v -2.916543 -0.220693 0.000000
v -2.890821 -0.166236 0.000000
v -2.262386 -0.125399 -0.004803
v -2.271113 -0.030949 0.000000
v -2.262386 -0.125399 0.004803
v -2.266748 -0.078176 -0.005663
v -2.266748 -0.078176 0.005663
v -1.701086 -0.065930 -0.004803
v -1.707127 0.028834 0.000000
v -1.701086 -0.065930 0.004803
v -1.704104 -0.018543 -0.005663
v -1.704104 -0.018543 0.005663
v -1.098745 -0.026308 -0.004803
v -1.101898 0.068653 0.000000
v -1.098745 -0.026308 0.004803
v -1.100318 0.021171 -0.005663
v -1.100318 0.021171 0.005663
v 0.000000 0.707107 0.000000
v 0.707107 0.000000 0.000000
v -0.707107 0.000000 0.000000
v 0.000000 -0.707106 0.000000
v 0.000000 0.556562 0.040000
v 0.556562 0.000000 0.040000
v -0.556561 0.000000 0.040000
v 0.000000 -0.556561 0.040000
v 0.000000 0.707107 0.000000
v 0.707107 0.000000 0.000000
v -0.707107 0.000000 0.000000
v 0.000000 -0.707106 0.000000
v 0.000000 0.556562 -0.040000
v 0.556562 0.000000 -0.040000
v -0.556561 0.000000 -0.040000
v 0.000000 -0.556561 -0.040000
# 1476 vertices

vt 0.68827 0.08695
vt 0.68827 0.12596
vt 0.78603 0.04524
vt 0.78471 0.04822
vt 0.71244 0.03494
vt 0.78495 0.03494
vt 0.88235 0.20428
vt 0.78495 0.20397
vt 0.88219 0.20426
vt 0.88161 0.04784
vt 0.88180 0.04787
vt 0.68827 0.20397
vt 0.78495 0.29499
vt 0.88162 0.29499
vt 0.68827 0.29499
vt 0.88162 0.52903
vt 0.78495 0.52903
vt 0.78495 0.39901
vt 0.88162 0.39901
vt 0.68827 0.52903
vt 0.68827 0.39901
vt 0.47819 0.56298
vt 0.47624 0.56393
vt 0.48210 0.56393
vt 0.48015 0.56298
vt 0.48210 0.56108
vt 0.48015 0.56203
vt 0.47624 0.56108
vt 0.47819 0.56203
vt 0.87031 0.74035
vt 0.66892 0.63965
vt 0.46755 0.74035
vt 0.66892 0.84104
vt 0.48225 0.55906
vt 0.47583 0.55906
vt 0.47797 0.55801
vt 0.48011 0.55801
vt 0.48225 0.55593
vt 0.48011 0.55697
vt 0.47583 0.55593
vt 0.47797 0.55697
vt 0.46753 0.74035
vt 0.39047 0.95532
vt 0.37484 0.95532
vt 0.37507 0.95752
vt 0.39073 0.95752
vt 0.39053 0.96874
vt 0.37500 0.96875
vt 0.37485 0.96729
vt 0.39036 0.96729
vt 0.39068 0.96353
vt 0.37507 0.96353
vt 0.39037 0.96093
vt 0.37481 0.96093
vt 0.16931 0.97027
vt 0.16931 0.99588
vt 0.21454 0.99588
vt 0.21454 0.97027
vt 0.12308 0.97027
vt 0.12308 0.99588
vt 0.07785 0.99588
vt 0.07785 0.97027
vt 0.16492 0.97027
vt 0.16492 0.99588
vt 0.21423 0.97027
vt 0.21423 0.99588
vt 0.11998 0.97027
vt 0.11998 0.99588
vt 0.07816 0.97027
vt 0.07816 0.99588
vt 0.49788 0.88785
vt 0.49847 0.96734
vt 0.56750 0.95416
vt 0.49764 0.88878
vt 0.56580 0.95367
vt 0.49824 0.96664
vt 0.43067 0.95367
vt 0.49730 0.88652
vt 0.42745 0.95373
vt 0.49789 0.96705
vt 0.56832 0.95373
vt 0.49730 0.88558
vt 0.42785 0.95355
vt 0.49789 0.96699
vt 0.56793 0.95355
vt 0.42944 0.95416
vt 0.49793 0.88757
vt 0.56746 0.95377
vt 0.49852 0.96694
vt 0.49734 0.88882
vt 0.49793 0.96656
vt 0.56541 0.95362
vt 0.43045 0.95362
vt 0.49731 0.88682
vt 0.49790 0.96723
vt 0.42755 0.95393
vt 0.56826 0.95393
vt 0.49751 0.88552
vt 0.49810 0.96681
vt 0.42814 0.95339
vt 0.56805 0.95339
vt 0.42958 0.95377
vt 0.58953 0.92653
vt 0.58648 0.92881
vt 0.40999 0.92881
vt 0.40497 0.92581
vt 0.59081 0.92581
vt 0.40641 0.92777
vt 0.58937 0.92777
vt 0.40741 0.92653
vt 0.58606 0.92878
vt 0.58947 0.92618
vt 0.40510 0.92604
vt 0.40980 0.92878
vt 0.40673 0.92764
vt 0.59071 0.92604
vt 0.40757 0.92618
vt 0.58946 0.92764
vt 0.13248 0.97975
vt 0.13248 0.93295
vt 0.08995 0.93295
vt 0.08995 0.97975
vt 0.17808 0.93295
vt 0.17808 0.97975
vt 0.13248 0.87034
vt 0.17808 0.87034
vt 0.08995 0.87034
vt 0.19320 0.97975
vt 0.19320 0.93295
vt 0.19320 0.87034
vt 0.07304 0.97975
vt 0.07304 0.93295
vt 0.07304 0.87034
vt 0.13248 0.63298
vt 0.13248 0.75770
vt 0.17808 0.75770
vt 0.17808 0.63298
vt 0.08995 0.75770
vt 0.08995 0.63298
vt 0.19320 0.63298
vt 0.19320 0.75770
vt 0.07304 0.63298
vt 0.07304 0.75770
vt 0.08995 0.48534
vt 0.13248 0.48534
vt 0.13248 0.34068
vt 0.08995 0.34068
vt 0.17808 0.48534
vt 0.17808 0.34068
vt 0.13248 0.22490
vt 0.08995 0.22490
vt 0.17808 0.22490
vt 0.13248 0.12342
vt 0.17808 0.12342
vt 0.08995 0.12342
vt 0.19320 0.48534
vt 0.19320 0.34068
vt 0.19320 0.22490
vt 0.19320 0.12342
vt 0.07304 0.48534
vt 0.07304 0.34068
vt 0.07304 0.22490
vt 0.07304 0.12342
vt 0.18300 0.99637
vt 0.13248 0.99637
vt 0.17808 0.99637
vt 0.08995 0.99637
vt 0.19320 0.99637
vt 0.07304 0.99637
vt 0.29800 0.96549
vt 0.29660 0.96545
vt 0.29718 0.96547
vt 0.29656 0.98630
vt 0.29732 0.94071
vt 0.29683 0.94311
vt 0.13674 0.04524
vt 0.13674 0.07840
vt 0.18233 0.07840
vt 0.13674 0.12342
vt 0.18233 0.12342
vt 0.18233 0.02714
vt 0.13674 0.02714
vt 0.13674 0.03043
vt 0.15340 0.15697
vt 0.13674 0.16944
vt 0.18233 0.13860
vt 0.14432 0.17534
vt 0.13636 0.19166
vt 0.14828 0.20203
vt 0.15043 0.17722
vt 0.15106 0.16476
vt 0.15103 0.16505
vt 0.18457 0.14613
vt 0.18345 0.15821
vt 0.19378 0.15209
vt 0.15032 0.17697
vt 0.19689 0.14445
vt 0.19820 0.13661
vt 0.19539 0.13135
vt 0.20043 0.08008
vt 0.19745 0.06182
vt 0.15954 0.03043
vt 0.15954 0.04524
vt 0.15954 0.02714
vt 0.18233 0.06182
vt 0.18233 0.03043
vt 0.19745 0.03043
vt 0.19745 0.04524
vt 0.18233 0.04524
vt 0.20006 0.12192
vt 0.07304 0.99866
vt 0.08995 0.99866
vt 0.08995 0.99625
vt 0.07304 0.99625
vt 0.08995 0.99387
vt 0.07304 0.99390
vt 0.13248 0.99624
vt 0.13248 0.99866
vt 0.13248 0.99381
vt 0.17808 0.99866
vt 0.17808 0.99623
vt 0.17808 0.99373
vt 0.19320 0.99866
vt 0.19320 0.99623
vt 0.19320 0.99371
vt 0.19320 0.96796
vt 0.17808 0.96799
vt 0.17808 0.97002
vt 0.19320 0.97002
vt 0.17808 0.97206
vt 0.19320 0.97206
vt 0.13248 0.96806
vt 0.13248 0.97003
vt 0.13248 0.97206
vt 0.08995 0.96813
vt 0.08995 0.97004
vt 0.08995 0.97206
vt 0.07304 0.96816
vt 0.07304 0.97005
vt 0.07304 0.97206
vt 0.39884 0.90098
vt 0.39922 0.89957
vt 0.39846 0.89957
vt 0.39960 0.90098
vt 0.39998 0.89957
vt 0.40036 0.90098
vt 0.40074 0.89957
vt 0.40112 0.90098
vt 0.40150 0.89957
vt 0.39884 0.89817
vt 0.39960 0.89817
vt 0.40036 0.89817
vt 0.40112 0.89817
vt 0.40990 0.56833
vt 0.40131 0.56833
vt 0.38104 0.90306
vt 0.40443 0.91321
vt 0.40525 0.89998
vt 0.39922 0.90508
vt 0.40014 0.89185
vt 0.42327 0.90163
vt 0.67127 0.74074
vt 0.87167 0.74074
vt 0.67127 0.64054
vt 0.67127 0.84094
vt 0.47089 0.74074
vt 0.66904 0.74061
vt 0.66904 0.64180
vt 0.86668 0.74061
vt 0.66904 0.83943
vt 0.47143 0.74061
vt 0.90492 0.74142
vt 0.90372 0.74138
vt 0.66978 0.62439
vt 0.67060 0.62427
vt 0.67060 0.85858
vt 0.66978 0.85835
vt 0.43631 0.74142
vt 0.43583 0.74138
vt 0.89908 0.74127
vt 0.66800 0.62574
vt 0.66800 0.85681
vt 0.43694 0.74127
vt 0.46094 0.53125
vt 0.53906 0.53125
vt 0.39062 0.53125
vt 0.46094 0.51687
vt 0.39062 0.51661
vt 0.53906 0.51713
vt 0.46094 0.08594
vt 0.39062 0.08594
vt 0.39062 0.46854
vt 0.46094 0.46927
vt 0.53906 0.08594
vt 0.53906 0.47002
vt 0.87776 0.52797
vt 0.78248 0.52797
vt 0.78248 0.39781
vt 0.87776 0.39781
vt 0.68719 0.52797
vt 0.68719 0.39781
vt 0.68719 0.08540
vt 0.68719 0.12445
vt 0.78367 0.04336
vt 0.78248 0.04635
vt 0.71101 0.03334
vt 0.78248 0.03334
vt 0.87776 0.20256
vt 0.78248 0.20256
vt 0.87776 0.04635
vt 0.68719 0.20256
vt 0.87776 0.31707
vt 0.87776 0.29367
vt 0.78248 0.29367
vt 0.78248 0.31102
vt 0.68719 0.30500
vt 0.68719 0.29367
vt 0.78248 0.37186
vt 0.87776 0.37175
vt 0.68719 0.37197
vt 0.78248 0.26416
vt 0.87776 0.26121
vt 0.68719 0.26708
vt 0.78248 0.34301
vt 0.68719 0.34447
vt 0.87776 0.34156
vt 0.87031 0.74088
vt 0.66892 0.64018
vt 0.46755 0.74088
vt 0.66892 0.84157
vt 0.46753 0.74088
vt 0.67138 0.74086
vt 0.87337 0.74086
vt 0.67138 0.63986
vt 0.67138 0.84185
vt 0.46941 0.74086
vt 0.66914 0.74073
vt 0.66914 0.64113
vt 0.86834 0.74073
vt 0.66914 0.84033
vt 0.46995 0.74073
vt 0.86992 0.74077
vt 0.66984 0.64072
vt 0.66984 0.84081
vt 0.46975 0.74077
vt 0.46491 0.96887
vt 0.46491 0.92241
vt 0.18787 0.92367
vt 0.18787 0.97014
vt 0.76182 0.92114
vt 0.76182 0.96760
vt 0.76182 0.85908
vt 0.46491 0.86023
vt 0.18787 0.86139
vt 0.86027 0.96717
vt 0.86027 0.92071
vt 0.86027 0.85870
vt 0.07784 0.97056
vt 0.07784 0.92410
vt 0.07784 0.86177
vt 0.46491 0.62457
vt 0.46491 0.74840
vt 0.76182 0.74759
vt 0.76182 0.62416
vt 0.18787 0.74921
vt 0.18787 0.62499
vt 0.86027 0.62402
vt 0.86027 0.74733
vt 0.07784 0.62512
vt 0.07784 0.74948
vt 0.76182 0.04261
vt 0.46491 0.04101
vt 0.46491 0.07393
vt 0.76182 0.07560
vt 0.18787 0.03942
vt 0.18787 0.07226
vt 0.46491 0.11863
vt 0.18787 0.11716
vt 0.76182 0.12010
vt 0.86027 0.04314
vt 0.86027 0.07616
vt 0.86027 0.12058
vt 0.07784 0.03889
vt 0.07784 0.07171
vt 0.07784 0.11668
vt 0.76182 0.02411
vt 0.46491 0.02210
vt 0.46491 0.02630
vt 0.76182 0.02766
vt 0.46491 0.02228
vt 0.18787 0.02494
vt 0.76182 0.02326
vt 0.86027 0.02812
vt 0.18787 0.02095
vt 0.07784 0.02449
vt 0.46491 0.02070
vt 0.18787 0.47814
vt 0.46491 0.47798
vt 0.46491 0.33435
vt 0.18787 0.33416
vt 0.76182 0.47783
vt 0.76182 0.33454
vt 0.46491 0.21939
vt 0.18787 0.21854
vt 0.76182 0.22024
vt 0.86027 0.47778
vt 0.86027 0.33461
vt 0.86027 0.22053
vt 0.07784 0.47819
vt 0.07784 0.33410
vt 0.07784 0.21826
vt 0.79383 0.98486
vt 0.46491 0.98603
vt 0.46491 0.98514
vt 0.76182 0.98387
vt 0.46491 0.98674
vt 0.18787 0.98641
vt 0.76182 0.98476
vt 0.86027 0.98345
vt 0.18787 0.98730
vt 0.07784 0.98683
vt 0.46491 0.98632
vt 0.68996 0.08613
vt 0.68996 0.12540
vt 0.78760 0.04384
vt 0.78639 0.04686
vt 0.71407 0.03376
vt 0.78639 0.03376
vt 0.88281 0.20395
vt 0.78639 0.20395
vt 0.88281 0.04686
vt 0.68996 0.20395
vt 0.78639 0.29559
vt 0.88281 0.29559
vt 0.68996 0.29559
vt 0.88281 0.53125
vt 0.78639 0.53125
vt 0.78639 0.40033
vt 0.88281 0.40033
vt 0.68996 0.53125
vt 0.68996 0.40033
# 441 texture vertices

vn 0.01429 0.01116 -0.99984
vn -0.09341 -0.07298 0.99295
vn 0.01429 0.01116 0.99984
vn -0.05763 -0.04503 -0.99732
vn -0.02165 -0.01692 0.99962
vn 0.52527 0.85094 -0.00004
vn -0.00645 -0.17106 0.98524
vn 0.52442 0.85146 -0.00003
vn 0.00361 -0.10128 -0.99485
vn 0.00361 -0.10128 0.99485
vn 0.52782 0.84936 -0.00004
vn 0.07630 -0.20208 0.97639
vn 0.01073 0.01547 -0.99982
vn -0.07229 -0.10444 0.99190
vn 0.01047 0.01564 0.99982
vn -0.03936 -0.05440 -0.99774
vn -0.02197 -0.03181 0.99925
vn 0.01238 0.01380 -0.99983
vn -0.08087 -0.09021 0.99263
vn 0.01195 0.01438 0.99983
vn -0.03455 -0.03801 -0.99868
vn -0.03292 -0.04017 0.99865
vn 0.01355 0.01220 -0.99983
vn -0.08855 -0.07973 0.99288
vn 0.01355 0.01220 0.99983
vn -0.02053 -0.01848 -0.99962
vn -0.05463 -0.04919 0.99729
vn -0.08528 0.25586 0.96295
vn 0.25586 0.08529 0.96295
vn -0.25585 -0.08529 0.96295
vn 0.08529 -0.25586 0.96295
vn 0.06396 0.19188 0.97933
vn 0.15315 -0.05105 0.98688
vn -0.15315 0.05105 0.98688
vn -0.06396 -0.19188 0.97933
vn -0.08528 0.25586 -0.96295
vn 0.25586 0.08529 -0.96295
vn -0.25585 -0.08529 -0.96295
vn 0.08529 -0.25586 -0.96295
vn 0.06396 0.19188 -0.97933
vn 0.15315 -0.05105 -0.98688
vn -0.15315 0.05105 -0.98688
vn -0.06396 -0.19188 -0.97933
vn 0.82518 0.56487 0.00000
vn -0.82518 -0.56487 0.00000
vn -0.82518 -0.56487 0.00000
vn -0.01090 -0.00746 -0.99991
vn -0.04808 -0.03291 0.99830
vn -0.04808 -0.03291 -0.99830
vn -0.01091 -0.00746 0.99991
vn 0.82478 0.56546 0.00000
vn -0.83801 -0.54566 0.00000
vn -0.24045 0.92677 -0.28858
vn -0.73457 0.61372 -0.28940
vn -0.31312 0.90494 0.28817
vn -0.78249 0.55110 0.28982
vn 0.82478 0.56546 0.00000
vn -0.83801 -0.54566 0.00000
vn 0.83583 0.54898 0.00000
vn -0.83586 -0.54894 0.00000
vn -0.52270 0.81754 -0.24168
vn -0.01393 -0.00882 -0.99986
vn -0.57527 0.78145 0.24166
vn -0.06771 -0.04414 0.99673
vn -0.06658 -0.04373 -0.99682
vn 0.04103 0.02695 0.99879
vn -0.02597 0.62470 -0.78044
vn -0.94122 0.25670 -0.21956
vn 0.08794 0.90167 0.42339
vn -0.57738 0.24100 0.78010
vn -0.31972 0.46338 -0.82647
vn -0.31973 0.46339 0.82646
vn 0.11414 0.19575 -0.97399
vn -0.89793 -0.44013 0.00000
vn 0.11412 0.19575 0.97399
vn -0.20972 -0.06490 0.97561
vn -0.03805 0.09661 -0.99459
vn -0.03806 0.09661 0.99459
vn 0.56647 -0.82409 0.00000
vn 0.56647 -0.82409 -0.00000
vn 0.56647 -0.82408 -0.00000
vn 0.56647 -0.82409 0.00000
vn 0.56647 -0.82408 0.00000
vn 0.56647 -0.82409 0.00000
vn 0.56647 -0.82409 0.00000
vn 0.56647 -0.82408 -0.00000
vn 0.56647 -0.82408 -0.00000
vn 0.56647 -0.82408 -0.00000
vn 0.56647 -0.82408 0.00000
vn 0.56647 -0.82408 0.00000
vn 0.56647 -0.82408 0.00000
vn -0.56647 0.82408 0.00000
vn -0.56647 0.82408 0.00000
vn -0.56647 0.82408 -0.00000
vn -0.56647 0.82409 -0.00001
vn -0.56647 0.82408 0.00000
vn -0.56647 0.82409 0.00001
vn -0.56647 0.82408 0.00000
vn -0.56647 0.82409 0.00000
vn -0.56647 0.82409 -0.00000
vn -0.56646 0.82409 0.00000
vn -0.56647 0.82409 0.00000
vn -0.56647 0.82409 -0.00000
vn 0.56647 -0.82408 -0.00001
vn 0.56647 -0.82408 0.00001
vn 0.56647 -0.82408 -0.00000
vn 0.56647 -0.82408 0.00000
vn -0.56647 0.82408 -0.00001
vn -0.56647 0.82408 0.00001
vn -0.56647 0.82408 0.00000
vn -0.56647 0.82408 -0.00000
vn -0.00000 0.00000 -1.00000
vn -0.61724 0.51344 -0.59615
vn -0.00000 0.00000 1.00000
vn 0.58037 -0.47662 0.66031
vn 0.00000 -0.00000 -1.00000
vn -0.59284 0.54185 0.59577
vn -0.02228 0.01999 0.99955
vn 0.59283 -0.54183 -0.59580
vn -0.00000 0.00000 -1.00000
vn 0.01403 -0.02885 -0.99949
vn -0.56561 0.57120 -0.59482
vn -0.53223 0.60452 -0.59270
vn -0.00000 0.00000 1.00000
vn -0.00413 -0.00439 0.99998
vn 0.56550 -0.57135 0.59478
vn 0.51687 -0.61875 0.59160
vn 0.63049 0.77620 0.00002
vn 0.63051 0.77618 -0.00000
vn 0.63049 0.77620 -0.00001
vn 0.63052 0.77617 -0.00000
vn 0.63049 0.77620 -0.00001
vn 0.00003 0.00004 -1.00000
vn -0.39549 0.32899 -0.85753
vn -0.00000 -0.00000 -1.00000
vn 0.38269 -0.31675 -0.86788
vn -0.61658 0.51431 -0.59608
vn -0.39550 0.32900 0.85752
vn -0.60781 0.52469 0.59604
vn 0.00003 0.00004 1.00000
vn 0.38246 -0.31653 0.86806
vn 0.01592 -0.01429 0.99977
vn 0.61385 -0.49811 0.61243
vn 0.59380 -0.52218 -0.61215
vn -0.00000 -0.00000 -1.00000
vn 0.37989 -0.34722 -0.85739
vn -0.37990 0.34722 -0.85739
vn -0.57986 0.55611 0.59540
vn -0.41641 0.38087 0.82555
vn -0.00000 -0.00000 1.00000
vn 0.37990 -0.34722 0.85739
vn 0.57982 -0.55613 -0.59542
vn -0.03998 0.03074 -0.99873
vn -0.52088 0.61501 0.59198
vn -0.00830 -0.00868 0.99993
vn 0.48960 -0.64265 -0.58932
vn 0.36255 -0.36628 -0.85697
vn -0.36261 0.36621 -0.85697
vn -0.00001 -0.00001 -1.00000
vn -0.34299 0.38632 -0.85622
vn 0.36347 -0.43542 -0.82359
vn -0.36262 0.36622 0.85697
vn -0.55149 0.58573 -0.59395
vn -0.34299 0.38632 0.85622
vn 0.36255 -0.36629 0.85696
vn -0.00001 -0.00001 1.00000
vn 0.33015 -0.39861 0.85563
vn 0.55136 -0.58588 0.59392
vn 0.63049 0.77620 0.00001
vn 0.63050 0.77619 0.00001
vn 0.63048 0.77620 0.00002
vn 0.63049 0.77620 -0.00002
vn 0.63050 0.77619 -0.00001
vn 0.63049 0.77620 -0.00001
vn 0.63050 0.77619 -0.00001
vn 0.63050 0.77619 -0.00000
vn 0.39552 -0.32896 -0.85752
vn 0.38941 -0.33621 -0.85751
vn -0.39508 0.32947 -0.85753
vn -0.38943 0.33618 -0.85751
vn -0.39508 0.32947 0.85753
vn -0.33426 0.28936 0.89696
vn 0.39552 -0.32897 0.85752
vn 0.38942 -0.33621 0.85750
vn 0.37160 -0.35641 -0.85725
vn -0.37162 0.35640 -0.85725
vn -0.37163 0.35641 0.85724
vn 0.37161 -0.35642 0.85725
vn 0.23634 -0.31953 -0.91763
vn -0.33736 0.39166 -0.85603
vn -0.33737 0.39167 0.85603
vn 0.31145 -0.41582 0.85445
vn 0.35361 -0.37574 -0.85661
vn -0.35368 0.37566 -0.85662
vn -0.35369 0.37566 0.85661
vn 0.35362 -0.37574 0.85661
vn 0.63049 0.77620 -0.00001
vn 0.63049 0.77620 -0.00001
vn 0.63048 0.77620 0.00000
vn 0.63049 0.77620 0.00001
vn -0.01100 -0.01168 -0.99987
vn -0.52429 0.47966 -0.70359
vn -0.49316 -0.52486 -0.69377
vn -0.68388 -0.72960 -0.00000
vn -0.06548 -0.06967 -0.99542
vn 0.00057 0.00061 -1.00000
vn -0.31388 0.29692 -0.90184
vn -0.36105 0.60652 -0.70836
vn -0.65587 -0.69825 -0.28687
vn -0.30053 0.40836 -0.86193
vn -0.91181 -0.28070 -0.29967
vn 0.10083 0.10683 -0.98915
vn -0.21170 0.42005 -0.88246
vn 0.00050 0.25513 -0.96691
vn -0.14434 0.81499 -0.56121
vn -0.15570 0.55496 -0.81718
vn -0.15095 -0.13707 -0.97899
vn -0.29515 -0.37350 -0.87942
vn -0.09239 -0.09786 -0.99090
vn -0.62895 -0.48836 -0.60492
vn -0.00247 0.10649 -0.99431
vn -0.14456 -0.06896 -0.98709
vn -0.25631 0.63377 -0.72982
vn -0.69247 0.01260 -0.72134
vn -0.27724 0.65721 -0.70087
vn -0.69358 0.28165 -0.66304
vn -0.66079 0.15781 -0.73380
vn -0.84641 0.41221 -0.33716
vn -0.66234 -0.12076 -0.73940
vn -0.86602 -0.50000 -0.00001
vn -0.78017 -0.08725 -0.61945
vn -0.48725 0.48010 -0.72944
vn -0.65760 -0.17290 -0.73325
vn -0.78304 -0.62198 -0.00001
vn -0.37534 0.24080 -0.89506
vn -0.87351 -0.38302 -0.30046
vn -0.66300 0.35273 -0.66032
vn -0.49414 0.10424 -0.86311
vn -0.90896 0.39035 -0.14634
vn -0.83910 -0.00986 -0.54388
vn -0.96013 -0.27956 -0.00000
vn 0.37963 -0.65163 -0.65670
vn 0.27449 -0.38437 -0.88143
vn 0.51795 -0.46985 -0.71482
vn 0.33797 -0.32187 -0.88441
vn -0.27921 -0.91875 -0.27918
vn 0.37002 -0.25731 -0.89268
vn 0.23063 -0.01406 -0.97294
vn 0.77157 -0.20974 -0.60057
vn 0.50582 -0.20778 -0.83724
vn -0.13224 -0.16270 -0.97777
vn -0.18237 -0.40995 -0.89369
vn 0.07459 -0.68198 -0.72755
vn 0.09549 -0.00896 -0.99539
vn -0.06937 -0.15823 -0.98496
vn 0.57931 -0.31794 -0.75054
vn -0.01748 -0.73121 -0.68193
vn 0.60430 -0.33321 -0.72374
vn 0.21214 -0.73004 -0.64964
vn 0.11301 -0.62174 -0.77503
vn 0.31312 -0.89183 -0.32647
vn -0.13571 -0.68735 -0.71353
vn -0.46759 -0.88394 -0.00001
vn -0.10333 -0.80845 -0.57942
vn 0.40901 -0.55642 -0.72326
vn -0.17586 -0.69004 -0.70208
vn -0.57479 -0.81830 -0.00001
vn 0.19640 -0.42193 -0.88510
vn -0.36838 -0.88571 -0.28253
vn 0.28396 -0.70759 -0.64706
vn 0.06621 -0.52995 -0.84544
vn 0.29562 -0.94323 -0.15139
vn -0.04665 -0.85833 -0.51097
vn -0.28154 -0.95955 -0.00000
vn -0.01100 -0.01168 0.99987
vn -0.49316 -0.52486 0.69377
vn -0.06549 -0.06967 0.99542
vn 0.00057 0.00061 1.00000
vn -0.31388 0.29692 0.90184
vn -0.65586 -0.69824 0.28687
vn -0.30054 0.40838 0.86192
vn -0.91182 -0.28069 0.29967
vn 0.10083 0.10683 0.98915
vn -0.21170 0.42005 0.88246
vn 0.00050 0.25513 0.96691
vn -0.15570 0.55496 0.81718
vn -0.15095 -0.13707 0.97899
vn -0.29515 -0.37350 0.87942
vn -0.09238 -0.09786 0.99090
vn -0.00247 0.10649 0.99431
vn -0.14456 -0.06896 0.98709
vn -0.25632 0.63377 0.72982
vn -0.69358 0.28165 0.66303
vn -0.58223 0.16393 0.79633
vn -0.66234 -0.12078 0.73940
vn -0.65762 -0.17291 0.73324
vn -0.37535 0.24081 0.89506
vn -0.87352 -0.38302 0.30044
vn -0.66300 0.35273 0.66031
vn -0.49414 0.10424 0.86311
vn -0.83911 -0.00986 0.54387
vn 0.27450 -0.38438 0.88142
vn 0.33798 -0.32187 0.88440
vn -0.27921 -0.91875 0.27918
vn 0.36999 -0.25731 0.89269
vn 0.23063 -0.01406 0.97294
vn 0.50581 -0.20778 0.83725
vn -0.13222 -0.16270 0.97778
vn -0.18235 -0.40995 0.89369
vn 0.09549 -0.00897 0.99539
vn -0.06936 -0.15823 0.98496
vn 0.57931 -0.31794 0.75054
vn 0.21214 -0.73005 0.64964
vn 0.10401 -0.69711 0.70938
vn -0.13572 -0.68735 0.71353
vn -0.17587 -0.69006 0.70206
vn 0.19640 -0.42194 0.88510
vn -0.36837 -0.88571 0.28251
vn 0.28397 -0.70759 0.64705
vn 0.06621 -0.52995 0.84544
vn -0.04664 -0.85834 0.51096
vn 0.27389 0.33704 0.90077
vn -0.04385 0.99904 -0.00001
vn 0.27389 0.33704 -0.90077
vn 0.99326 0.11592 -0.00001
vn 0.57272 0.20921 0.79261
vn 0.10677 0.61326 0.78263
vn 0.10678 0.61326 -0.78263
vn 0.57271 0.20921 -0.79261
vn -0.27354 -0.33505 0.90162
vn -0.97720 -0.13118 0.16695
vn -0.27354 -0.33505 -0.90162
vn 0.06860 -0.99764 -0.00001
vn -0.09644 -0.60689 0.78891
vn -0.57527 -0.21604 0.78892
vn -0.66982 -0.19491 -0.71648
vn -0.09644 -0.60689 -0.78891
vn 0.00068 0.00087 1.00000
vn -0.04122 0.99915 -0.00001
vn 0.00068 0.00087 -1.00000
vn 0.99352 0.11363 -0.00001
vn 0.58733 0.00908 0.80930
vn -0.08349 0.59234 0.80135
vn -0.08349 0.59233 -0.80135
vn 0.75189 0.15719 -0.64027
vn -0.19372 -0.23341 -0.95289
vn -0.86291 0.02747 -0.50461
vn -0.19372 -0.23341 0.95289
vn 0.19530 -0.83597 -0.51285
vn -0.52298 -0.09223 -0.84734
vn 0.00604 -0.52827 -0.84906
vn -0.52296 -0.09217 0.84736
vn 0.00610 -0.52823 0.84908
vn 0.23892 0.28680 -0.92772
vn -0.16847 0.98571 0.00000
vn 0.23892 0.28680 0.92772
vn 0.98303 0.04320 0.17829
vn 0.65407 0.12564 -0.74593
vn 0.04411 0.56727 -0.82235
vn 0.04405 0.56723 0.82238
vn 0.55473 0.15237 0.81796
vn 0.02108 0.02518 -0.99946
vn -0.86383 0.01849 -0.50345
vn 0.02108 0.02517 0.99946
vn 0.19348 -0.83653 -0.51262
vn -0.55176 0.07947 -0.83021
vn 0.37060 -0.43345 -0.82145
vn -0.45222 0.40929 0.79245
vn 0.18413 -0.52296 0.83223
vn 0.62148 0.49088 0.61058
vn 0.58964 0.62374 -0.51310
vn -0.55779 0.67549 -0.48227
vn 0.54454 -0.69378 0.47133
vn -0.14668 0.17594 0.97341
vn -0.06211 0.17745 0.98217
vn 0.99230 -0.01109 0.12336
vn -0.12633 0.11982 -0.98473
vn 0.02291 0.17767 0.98382
vn 0.99984 0.01666 -0.00697
vn -0.07798 0.12493 -0.98910
vn 0.78122 -0.11834 0.61294
vn 0.85722 -0.00325 -0.51495
vn 0.11939 0.86908 -0.48005
vn -0.14156 -0.87175 0.46906
vn 0.00000 0.00000 1.00000
vn 0.71228 -0.69757 0.07783
vn 0.71334 -0.69860 -0.05564
vn 0.69815 0.71374 -0.05621
vn -0.71355 0.70052 0.01102
vn 0.00000 0.00000 -1.00000
vn 0.40618 0.67969 0.61077
vn 0.32881 0.79245 -0.51371
vn -0.74277 0.45125 -0.49463
vn 0.75142 -0.47997 0.45276
vn -0.04882 -0.01507 0.99869
vn 0.99365 -0.08778 0.07037
vn 0.04336 0.01117 -0.99900
vn 0.06672 -0.00977 -0.99772
vn -0.06575 0.00109 0.99784
vn -0.06757 0.00080 0.99771
vn 0.99217 0.05732 0.11099
vn 0.06131 -0.02752 -0.99774
vn 0.03163 0.03007 -0.99905
vn -0.00884 0.03528 -0.99934
vn 0.97224 -0.23373 -0.01040
vn -0.97012 0.24101 -0.02804
vn 0.32827 -0.03636 -0.94389
vn -0.94683 0.06089 -0.31593
vn -0.30719 0.01165 0.95158
vn -0.32359 0.04390 0.94518
vn 0.32050 -0.10009 -0.94194
vn 0.31013 -0.09868 -0.94556
vn -0.91655 0.21521 -0.33706
vn -0.31472 0.07397 0.94630
vn -0.29510 -0.02233 0.95521
vn -0.26508 -0.02268 0.96396
vn -0.96308 -0.09999 -0.24994
vn 0.96384 0.09363 0.24951
vn -0.00913 0.01003 -0.99991
vn 0.05990 -0.06581 0.99603
vn -0.00913 0.01003 0.99991
vn 0.03693 -0.04057 -0.99849
vn 0.01389 -0.01527 0.99979
vn -0.00913 0.01003 -0.99991
vn 0.05991 -0.06582 0.99603
vn -0.00913 0.01003 0.99991
vn 0.01390 -0.01527 -0.99979
vn 0.03693 -0.04058 0.99849
vn -0.66464 -0.74716 -0.00006
vn 0.02733 0.11014 0.99354
vn -0.66401 -0.74772 -0.00004
vn 0.01090 0.06507 -0.99782
vn 0.01091 0.06508 0.99782
vn -0.66654 -0.74547 -0.00006
vn -0.02713 0.13057 0.99107
vn -0.00961 -0.00987 -0.99991
vn 0.06504 0.06691 0.99564
vn -0.00945 -0.00997 0.99991
vn 0.03505 0.03482 -0.99878
vn 0.01977 0.02038 0.99960
vn -0.01009 -0.00954 0.99990
vn 0.01536 0.01452 -0.99978
vn -0.01009 -0.00954 -0.99990
vn 0.04082 0.03859 0.99842
vn 0.06620 0.06258 0.99584
vn -0.01077 -0.00845 -0.99991
vn 0.07064 0.05541 0.99596
vn -0.01077 -0.00845 0.99991
vn 0.01639 0.01285 -0.99978
vn 0.04356 0.03416 0.99847
vn -0.01077 -0.00845 -0.99991
vn 0.07064 0.05541 0.99596
vn 0.01639 0.01285 0.99978
vn 0.04355 0.03416 -0.99847
vn -0.01077 -0.00845 0.99991
vn -0.01286 0.00523 -0.99990
vn 0.08439 -0.03432 0.99584
vn -0.01286 0.00523 0.99990
vn 0.01957 -0.00796 -0.99978
vn 0.05204 -0.02116 0.99842
vn -0.01286 0.00523 0.99990
vn 0.05203 -0.02116 -0.99842
vn -0.01286 0.00523 -0.99990
vn 0.01958 -0.00796 0.99978
vn 0.08439 -0.03432 0.99584
vn -0.01304 0.00415 -0.99991
vn 0.08553 -0.02725 -0.99596
vn -0.01304 0.00415 0.99991
vn 0.05274 -0.01680 -0.99847
vn 0.01984 -0.00632 0.99978
vn -0.01304 0.00415 0.99991
vn 0.01984 -0.00632 -0.99978
vn -0.01304 0.00415 -0.99991
vn 0.05274 -0.01681 0.99847
vn 0.08553 -0.02725 -0.99596
vn -0.01077 -0.00845 -0.99991
vn 0.07064 0.05541 0.99596
vn 0.04356 0.03416 0.99847
vn 0.01638 0.01285 -0.99978
vn -0.01077 -0.00845 0.99991
vn -0.01077 -0.00845 -0.99991
vn 0.07064 0.05541 0.99596
vn 0.01639 0.01285 0.99978
vn 0.04355 0.03416 -0.99847
vn -0.01077 -0.00845 0.99991
vn 0.01260 0.00533 0.99991
vn -0.01918 -0.00811 -0.99978
vn 0.01260 0.00533 -0.99991
vn -0.06369 -0.02691 0.99761
vn -0.08268 -0.03494 -0.99596
vn 0.01260 0.00533 -0.99991
vn -0.08269 -0.03494 -0.99596
vn -0.03509 -0.01483 0.99927
vn -0.05098 -0.02154 -0.99847
vn 0.01260 0.00533 0.99991
vn 0.08528 0.25586 -0.96295
vn -0.25586 0.08529 -0.96295
vn 0.25585 -0.08529 -0.96295
vn -0.08529 -0.25586 -0.96295
vn -0.06396 0.19188 -0.97933
vn -0.15315 -0.05105 -0.98688
vn 0.15315 0.05105 -0.98688
vn 0.06396 -0.19188 -0.97933
vn 0.08528 0.25586 0.96295
vn -0.25586 0.08529 0.96295
vn 0.25585 -0.08529 0.96295
vn -0.08529 -0.25586 0.96295
vn -0.06396 0.19188 0.97933
vn -0.15315 -0.05105 0.98688
vn 0.15315 0.05105 0.98688
vn 0.06396 -0.19188 0.97933
vn -0.64607 0.76328 0.00000
vn 0.64607 -0.76327 0.00000
vn 0.00702 -0.00829 -0.99994
vn 0.03087 -0.03647 0.99886
vn 0.03087 -0.03648 -0.99886
vn 0.00702 -0.00829 0.99994
vn -0.64649 0.76292 0.00000
vn 0.63210 -0.77489 0.00000
vn -0.94636 -0.25533 -0.19799
vn -0.48442 -0.79566 -0.36369
vn -0.87327 -0.32733 0.36090
vn -0.39713 -0.84232 0.36438
vn 0.63210 -0.77489 0.00000
vn -0.63449 0.77293 0.00000
vn 0.63451 -0.77291 0.00000
vn -0.63449 0.77293 0.00000
vn 0.63451 -0.77291 0.00000
vn -0.75751 -0.56755 -0.32259
vn -0.00885 0.00952 -0.99992
vn -0.70425 -0.63243 0.32259
vn 0.01989 -0.02549 0.99948
vn 0.04151 -0.05056 -0.99786
vn -0.02542 0.03097 0.99920
vn -0.30017 0.00470 -0.95387
vn -0.00988 -0.99995 0.00000
vn -0.30017 0.00470 0.95387
vn -0.04512 -0.29351 0.95489
vn -0.32779 -0.27040 -0.90523
vn -0.32779 -0.27040 0.90523
vn -0.13597 0.09673 -0.98598
vn 0.55415 -0.83242 0.00000
vn -0.13597 0.09672 0.98598
vn 0.07901 -0.15912 0.98409
vn -0.05748 -0.05010 -0.99709
vn -0.05748 -0.05010 0.99709
vn 0.77293 0.63449 0.00000
vn 0.77293 0.63449 -0.00000
vn 0.77293 0.63449 -0.00000
vn 0.77293 0.63449 0.00000
vn 0.77293 0.63449 0.00000
vn 0.77293 0.63449 0.00000
vn 0.77293 0.63449 0.00000
vn 0.77293 0.63449 -0.00000
vn 0.77293 0.63449 -0.00000
vn 0.77293 0.63449 0.00000
vn 0.77293 0.63449 0.00000
vn 0.77293 0.63449 0.00000
vn 0.77293 0.63449 0.00000
vn -0.77293 -0.63449 0.00000
vn -0.77293 -0.63449 0.00000
vn -0.77293 -0.63449 0.00000
vn -0.77293 -0.63449 0.00000
vn -0.77293 -0.63449 0.00000
vn -0.77293 -0.63449 -0.00000
vn -0.77293 -0.63449 -0.00000
vn -0.77293 -0.63449 0.00000
vn -0.77293 -0.63449 0.00000
vn -0.77293 -0.63449 0.00000
vn -0.77293 -0.63449 -0.00000
vn -0.77293 -0.63449 -0.00000
vn 0.77293 0.63449 -0.00001
vn 0.77293 0.63449 0.00001
vn 0.77293 0.63449 0.00000
vn 0.77293 0.63449 -0.00000
vn -0.77293 -0.63449 -0.00000
vn -0.77293 -0.63449 0.00000
vn -0.77293 -0.63449 0.00001
vn -0.77293 -0.63449 -0.00001
vn 0.02305 -0.99973 0.00000
vn -0.02311 0.99973 0.00000
vn 0.00000 -0.00000 1.00000
vn 0.04999 -0.99875 0.00000
vn 0.00205 -0.04578 -0.99895
vn -0.04999 0.99875 0.00000
vn 0.00000 -0.00000 1.00000
vn -0.01272 0.04456 0.99893
vn 0.07882 -0.99689 0.00000
vn 0.11287 -0.99361 0.00000
vn 0.00000 -0.00000 -1.00000
vn -0.00531 -0.00065 -0.99999
vn -0.07895 0.99688 0.00000
vn -0.12812 0.99176 0.00000
vn 1.00000 0.00000 0.00000
vn 0.00004 0.00000 1.00000
vn 0.01436 -0.62279 0.78226
vn -0.00000 -0.00000 1.00000
vn -0.01439 0.62279 0.78226
vn 0.02384 -0.99972 -0.00000
vn 0.01437 -0.62279 -0.78226
vn 0.03361 -0.99944 0.00000
vn 0.00004 0.00000 -1.00000
vn -0.01439 0.62279 -0.78226
vn -0.00147 0.03272 -0.99946
vn -0.02296 0.99974 0.00000
vn -0.03366 0.99943 0.00000
vn -0.00000 0.00000 1.00000
vn -0.03114 0.62222 0.78223
vn 0.03114 -0.62222 0.78222
vn 0.06387 -0.99796 0.00000
vn 0.03393 -0.67415 -0.73782
vn -0.00000 0.00000 -1.00000
vn -0.03115 0.62222 -0.78223
vn -0.06390 0.99796 -0.00000
vn 0.00006 -0.07704 0.99703
vn 0.12405 -0.99228 0.00000
vn -0.01058 -0.00143 -0.99994
vn -0.15440 0.98801 0.00000
vn -0.04918 0.62113 0.78216
vn 0.04912 -0.62113 0.78216
vn -0.00001 0.00000 1.00000
vn 0.06842 -0.61944 0.78206
vn -0.08666 0.66953 0.73772
vn 0.04912 -0.62113 -0.78216
vn 0.09343 -0.99563 -0.00000
vn 0.06842 -0.61944 -0.78206
vn -0.04918 0.62113 -0.78216
vn -0.00001 0.00000 -1.00000
vn -0.08175 0.61770 -0.78216
vn -0.09357 0.99561 0.00000
vn -0.01434 0.62279 0.78226
vn -0.02097 0.62261 0.78225
vn 0.01481 -0.62277 0.78227
vn 0.02094 -0.62261 0.78225
vn 0.01481 -0.62277 -0.78227
vn 0.01888 -0.54512 -0.83815
vn -0.01434 0.62279 -0.78226
vn -0.02097 0.62261 -0.78225
vn -0.03981 0.62172 0.78223
vn 0.03979 -0.62173 0.78222
vn 0.03979 -0.62173 -0.78222
vn -0.03981 0.62172 -0.78223
vn -0.08100 0.48527 0.87061
vn 0.07345 -0.61885 0.78207
vn 0.07345 -0.61885 -0.78207
vn -0.10001 0.61500 -0.78216
vn -0.05830 0.62045 0.78208
vn 0.05823 -0.62045 0.78208
vn 0.05823 -0.62045 -0.78208
vn -0.05830 0.62045 -0.78208
vn -0.01414 -0.00173 0.99990
vn 0.05282 -0.99860 -0.00000
vn -0.68574 -0.08393 0.72299
vn -0.99259 -0.12150 0.00000
vn -0.08468 -0.01036 0.99635
vn 0.00074 0.00009 1.00000
vn 0.03333 -0.54185 0.83981
vn 0.18423 -0.80609 0.56239
vn -0.94200 -0.11530 0.31518
vn 0.10268 -0.61744 0.77988
vn -0.66259 -0.68985 0.29168
vn 0.13191 0.01616 0.99113
vn 0.16707 -0.58376 0.79455
vn 0.18133 -0.20756 0.96127
vn 0.47817 -0.87827 -0.00000
vn 0.26719 -0.60502 0.75004
vn -0.18187 -0.04415 0.98233
vn -0.44100 0.00938 0.89746
vn -0.12167 -0.01488 0.99246
vn -0.71765 -0.28620 0.63488
vn 0.07172 -0.07354 0.99471
vn 0.19494 -0.49973 0.84396
vn 0.07801 -0.73002 0.67896
vn -0.36292 -0.68716 0.62937
vn 0.28040 -0.77204 0.57038
vn -0.12243 -0.80505 0.58043
vn -0.19446 -0.73511 0.64946
vn -0.07071 -0.99750 -0.00000
vn -0.42541 -0.56373 0.70798
vn -0.86280 -0.50554 0.00000
vn -0.65129 -0.72227 0.23267
vn 0.05978 -0.81798 0.57213
vn -0.48454 -0.54690 0.68273
vn -0.93563 -0.35298 0.00000
vn -0.03442 -0.57398 0.81815
vn -0.75590 -0.57817 0.30716
vn -0.07348 -0.84151 0.53522
vn -0.16535 -0.56958 0.80513
vn -0.13540 -0.98466 0.11004
vn -0.40540 -0.78320 0.47143
vn -0.68753 -0.72615 -0.00000
vn -0.25186 0.94535 0.20707
vn -0.10103 0.57572 0.81138
vn -0.04065 0.83050 0.55553
vn -0.03754 0.58401 0.81088
vn -0.80942 0.50966 0.29170
vn 0.02134 0.60683 0.79455
vn 0.12591 0.24518 0.96127
vn 0.25223 0.96767 0.00000
vn 0.11338 0.65160 0.75004
vn -0.18715 -0.00101 0.98233
vn -0.42572 -0.11549 0.89746
vn -0.76550 0.10462 0.63488
vn 0.05186 0.08869 0.99471
vn 0.06866 0.53200 0.84396
vn -0.10036 0.72729 0.67895
vn -0.51794 0.57934 0.62937
vn 0.08593 0.81688 0.57037
vn -0.31298 0.75176 0.58044
vn -0.31965 0.61742 0.71876
vn -0.30922 0.95099 0.00000
vn -0.54882 0.44444 0.70800
vn -0.95924 0.28259 0.00000
vn -0.80627 0.54387 0.23267
vn -0.13927 0.80825 0.57213
vn -0.60214 0.41389 0.68273
vn -0.99315 0.11688 0.00000
vn -0.17184 0.54873 0.81815
vn -0.87305 0.37873 0.30716
vn -0.27427 0.79894 0.53523
vn -0.29784 0.51288 0.80514
vn -0.36889 0.92294 0.11004
vn -0.58235 0.66225 0.47148
vn -0.84237 0.53891 0.00000
vn -0.01414 -0.00173 -0.99990
vn -0.68574 -0.08393 -0.72299
vn -0.08468 -0.01036 -0.99635
vn 0.00074 0.00009 -1.00000
vn 0.03333 -0.54185 -0.83981
vn -0.94200 -0.11530 -0.31518
vn 0.10268 -0.61744 -0.77988
vn -0.66259 -0.68985 -0.29168
vn 0.13191 0.01616 -0.99113
vn 0.16707 -0.58376 -0.79455
vn 0.18133 -0.20756 -0.96127
vn 0.26719 -0.60502 -0.75004
vn -0.18187 -0.04415 -0.98233
vn -0.44100 0.00938 -0.89746
vn -0.12167 -0.01488 -0.99246
vn 0.07172 -0.07354 -0.99471
vn 0.19494 -0.49973 -0.84396
vn 0.07801 -0.73002 -0.67896
vn -0.12243 -0.80505 -0.58043
vn -0.16130 -0.67631 -0.71874
vn -0.42541 -0.56373 -0.70798
vn -0.48454 -0.54690 -0.68273
vn -0.03442 -0.57398 -0.81815
vn -0.75590 -0.57817 -0.30716
vn -0.07348 -0.84151 -0.53522
vn -0.16535 -0.56958 -0.80513
vn -0.40540 -0.78320 -0.47143
vn -0.10103 0.57572 -0.81138
vn -0.03754 0.58401 -0.81088
vn -0.80942 0.50966 -0.29170
vn 0.02134 0.60683 -0.79455
vn 0.12591 0.24518 -0.96127
vn 0.11338 0.65160 -0.75004
vn -0.18715 -0.00101 -0.98233
vn -0.42572 -0.11549 -0.89746
vn 0.05186 0.08869 -0.99471
vn 0.06866 0.53200 -0.84396
vn -0.10036 0.72729 -0.67895
vn -0.31298 0.75176 -0.58044
vn -0.36601 0.66648 -0.64949
vn -0.54882 0.44444 -0.70800
vn -0.60214 0.41389 -0.68273
vn -0.17184 0.54873 -0.81815
vn -0.87305 0.37873 -0.30716
vn -0.27427 0.79894 -0.53523
vn -0.29784 0.51288 -0.80514
vn -0.58235 0.66225 -0.47148
vn 0.78943 0.02603 -0.61328
vn 0.85120 -0.09701 0.51580
vn 0.00831 -0.87653 0.48127
vn -0.03002 0.88198 -0.47033
vn 0.00111 -0.22966 -0.97327
vn 0.06632 -0.17612 -0.98213
vn 0.74826 0.65180 -0.12355
vn -0.01932 -0.17351 0.98464
vn 0.13105 -0.12132 -0.98392
vn 0.77201 0.63557 0.00705
vn 0.02068 -0.14616 0.98904
vn 0.46238 0.64042 -0.61324
vn 0.59746 0.61399 0.51580
vn 0.69850 -0.52961 0.48126
vn -0.71606 0.51580 -0.47033
vn 0.09531 0.99343 -0.06335
vn 0.09531 0.99343 0.06334
vn 0.99343 -0.09530 0.06336
vn -0.09427 -0.99555 0.00001
vn 0.74620 -0.25910 -0.61323
vn 0.75966 -0.39609 0.51578
vn -0.27512 -0.82490 0.49382
vn 0.26329 0.85230 -0.45195
vn -0.05673 -0.00886 -0.99835
vn 0.66821 0.74061 -0.07070
vn 0.03029 0.03303 0.99900
vn 0.03709 0.05765 0.99765
vn -0.04897 -0.04361 -0.99785
vn -0.05056 -0.04454 -0.99773
vn 0.79434 0.59713 -0.11164
vn 0.02632 0.06301 0.99767
vn 0.02979 0.01660 0.99942
vn 0.00587 -0.01089 0.99992
vn 0.51316 0.85823 0.01044
vn -0.54731 -0.83646 0.02796
vn 0.21348 0.25686 0.94258
vn -0.67628 -0.66384 0.31930
vn -0.22984 -0.19862 -0.95275
vn -0.21659 -0.24329 -0.94546
vn 0.17055 0.29314 0.94074
vn 0.16284 0.28420 0.94484
vn -0.53539 -0.77407 0.33790
vn -0.18436 -0.26647 -0.94605
vn -0.24750 -0.15566 -0.95630
vn -0.22351 -0.13226 -0.96569
vn -0.80601 -0.53338 0.25664
vn 0.77227 0.58249 -0.25356
vn 0.39269 0.00039 -0.91967
vn 0.55512 -0.83177 0.00000
vn 0.39269 0.00039 0.91967
vn 0.49962 0.86624 0.00000
vn 0.43575 0.43579 -0.78753
vn 0.46578 -0.42390 -0.77676
vn 0.46578 -0.42390 0.77676
vn 0.43575 0.43579 0.78753
vn -0.39098 -0.00188 -0.92040
vn -0.50821 -0.85025 -0.13707
vn -0.39098 -0.00188 0.92040
vn -0.53644 0.84394 0.00000
vn -0.45483 0.42710 -0.78148
vn -0.44234 -0.43413 -0.78477
vn -0.46406 -0.54443 0.69874
vn -0.45483 0.42710 0.78148
vn 0.00103 -0.00010 -1.00000
vn -0.09812 -0.99045 0.09687
vn 0.00103 -0.00010 1.00000
vn -0.02328 0.99973 0.00000
vn -0.01732 0.73082 -0.68235
vn 0.02056 -0.73031 -0.68281
vn 0.14149 -0.67753 0.72176
vn -0.01732 0.73082 0.68235
vn -0.27125 -0.00504 0.96249
vn -0.38993 -0.92084 0.00000
vn -0.27125 -0.00504 -0.96249
vn -0.42095 0.90708 0.00000
vn -0.32077 -0.46514 0.82507
vn -0.33927 0.45032 0.82590
vn -0.32077 -0.46514 -0.82507
vn -0.33927 0.45032 -0.82590
vn 0.33554 0.00726 0.94200
vn 0.46327 -0.88622 0.00000
vn 0.33554 0.00726 -0.94200
vn 0.44065 0.88666 -0.14022
vn 0.40127 0.57133 0.71593
vn 0.39556 -0.43940 0.80651
vn 0.39556 -0.43940 -0.80651
vn 0.38165 0.45670 -0.80360
vn 0.02981 0.00078 0.99956
vn 0.03036 -0.99954 0.00000
vn 0.02981 0.00078 -0.99956
vn 0.24104 0.94323 0.22849
vn 0.03819 -0.73274 0.67943
vn -0.07609 0.68645 0.72318
vn 0.03819 -0.73274 -0.67943
vn 0.01723 0.73380 -0.67915
vn 0.00114 -0.05052 0.99872
vn 0.02305 -0.99973 0.00000
vn 0.00114 -0.05052 -0.99872
vn -0.02294 0.99974 0.00000
vn 0.00000 -0.00000 1.00000
vn 0.04999 -0.99875 0.00000
vn 0.00000 -0.00000 -1.00000
vn -0.04999 0.99875 0.00000
vn -0.01948 -0.00309 0.99981
vn 0.12591 -0.99204 0.00000
vn -0.01948 -0.00309 -0.99981
vn -0.16773 0.98583 0.00000
vn -0.64303 -0.10221 0.75899
vn -0.52036 -0.85395 0.00000
vn -0.64302 -0.10221 -0.75900
vn -0.75949 0.65052 0.00000
vn -0.98760 -0.15698 0.00000
vn -0.00000 0.00000 1.00000
vn -0.00515 0.05032 0.99872
vn 0.07882 -0.99689 0.00000
vn 0.10682 -0.99428 0.00000
vn -0.00000 0.00000 -1.00000
vn -0.00515 0.05032 -0.99872
vn -0.07895 0.99688 0.00000
vn -0.10686 0.99427 0.00000
vn 0.92684 0.02267 -0.37478
vn 0.95944 -0.28192 0.00000
vn 0.92684 0.02267 0.37478
vn 0.94456 0.32834 0.00000
vn 0.99970 0.02449 0.00000
vn 0.04341 0.00106 0.99906
vn 0.01574 -0.68184 0.73133
vn -0.00082 0.03611 0.99935
vn -0.01345 0.57886 0.81532
vn 0.06798 -0.99769 0.00000
vn 0.01574 -0.68184 -0.73133
vn 0.03361 -0.99944 0.00000
vn 0.04341 0.00106 -0.99906
vn -0.01345 0.57886 -0.81532
vn -0.00082 0.03611 -0.99935
vn 0.02066 0.99979 0.00000
vn -0.03735 0.99930 0.00000
vn -0.00000 -0.00000 1.00000
vn -0.03159 0.63116 0.77501
vn 0.03159 -0.63117 0.77500
vn 0.06387 -0.99796 -0.00000
vn 0.03159 -0.63117 -0.77500
vn -0.00000 -0.00000 -1.00000
vn -0.03159 0.63116 -0.77501
vn -0.06390 0.99796 0.00000
vn -0.15593 -0.02479 0.98746
vn -0.11608 0.67210 0.73130
vn 0.00000 0.00000 1.00000
vn 0.08343 -0.67711 0.73114
vn 0.02786 -0.99961 0.00000
vn 0.12443 -0.99223 -0.00000
vn 0.08343 -0.67711 -0.73114
vn -0.15593 -0.02479 -0.98746
vn 0.00000 0.00000 -1.00000
vn -0.11608 0.67210 -0.73130
vn -0.28341 0.95900 0.00000
vn -0.12429 0.99225 0.00000
vn -0.91105 -0.14481 0.38602
vn -0.60953 0.35194 0.71036
vn -0.47037 -0.52359 0.71036
vn -0.89730 -0.44141 0.00000
vn -0.47036 -0.52359 -0.71036
vn -0.91105 -0.14481 -0.38602
vn -0.60952 0.35195 -0.71036
vn -0.98995 0.14143 0.00000
vn -0.04989 0.63005 0.77495
vn 0.04982 -0.63006 0.77495
vn 0.00367 -0.03597 0.99935
vn 0.06753 -0.62853 0.77485
vn -0.07310 0.67832 0.73112
vn 0.04982 -0.63006 -0.77495
vn 0.09343 -0.99563 -0.00000
vn 0.06753 -0.62853 -0.77485
vn -0.04989 0.63005 -0.77495
vn 0.00367 -0.03597 -0.99935
vn -0.07310 0.67832 -0.73112
vn -0.09356 0.99561 0.00000
vn 0.97811 0.02396 -0.20671
vn 0.94458 0.24260 -0.22118
vn 0.95526 -0.19624 -0.22129
vn 0.98514 -0.17177 0.00000
vn 0.95526 -0.19624 0.22129
vn 0.97811 0.02396 0.20671
vn 0.94458 0.24260 0.22118
vn 0.97558 0.21966 0.00000
vn 0.02850 0.63218 0.77430
vn -0.02141 0.70081 0.71303
vn 0.05841 -0.63009 0.77433
vn 0.01814 -0.55695 0.83035
vn 0.05841 -0.63009 -0.77433
vn 0.01814 -0.55695 -0.83035
vn 0.02850 0.63218 -0.77430
vn -0.02141 0.70081 -0.71303
vn -0.04038 0.63066 0.77501
vn 0.04036 -0.63066 0.77501
vn 0.04036 -0.63066 -0.77501
vn -0.04038 0.63066 -0.77501
vn -0.07857 0.62715 0.77493
vn 0.07864 -0.62714 0.77493
vn 0.07864 -0.62714 -0.77493
vn -0.07857 0.62715 -0.77493
vn -0.25210 0.58975 0.76723
vn -0.05684 -0.63884 0.76724
vn -0.05684 -0.63884 -0.76724
vn -0.25210 0.58975 -0.76723
vn -0.93645 0.09995 0.33625
vn -0.85931 -0.38538 0.33625
vn -0.85931 -0.38538 -0.33626
vn -0.93645 0.09995 -0.33626
vn -0.05259 0.55496 0.83021
vn 0.05906 -0.62935 0.77488
vn 0.05906 -0.62935 -0.77488
vn -0.05259 0.55496 -0.83021
vn 0.97361 0.12313 0.19217
vn 0.97845 -0.07538 0.19222
vn 0.97845 -0.07538 -0.19222
vn 0.97361 0.12313 -0.19217
vn 0.00804 -0.99997 0.00000
vn -0.00804 0.99997 0.00000
vn -0.00011 0.01414 -0.99990
vn -0.00050 0.06242 0.99805
vn -0.00050 0.06242 -0.99805
vn -0.00011 0.01414 0.99990
vn 0.00834 -0.99997 0.00000
vn 0.00166 1.00000 0.00000
vn 0.75832 -0.60929 -0.23178
vn 0.77924 0.47810 -0.40523
vn 0.78406 -0.47196 0.40312
vn 0.69837 0.58934 0.40614
vn 0.00834 -0.99997 0.00000
vn 0.00000 -1.00000 0.00000
vn 0.00000 1.00000 0.00000
vn 0.95802 -0.16413 -0.23509
vn 0.00013 0.01756 -0.99985
vn 0.91751 0.08087 0.38940
vn 0.00013 0.08649 0.99625
vn 0.00000 0.08525 -0.99636
vn 0.00000 -0.05267 0.99861
vn 0.16227 -0.25481 -0.95328
vn 0.44190 0.89706 0.00000
vn 0.16227 -0.25481 0.95328
vn 0.15621 0.25978 0.95295
vn 0.32139 0.00113 -0.94695
vn 0.32139 0.00113 0.94695
vn 0.04580 -0.21978 -0.97447
vn 0.05379 0.99855 0.00000
vn 0.04580 -0.21978 0.97447
vn 0.02763 0.22434 0.97412
vn 0.04620 -0.02496 -0.99862
vn 0.04620 -0.02496 0.99862
vn -1.00000 0.00000 0.00000
vn 0.00033 -0.01810 -0.99984
vn -0.00214 0.11835 0.99297
vn 0.00033 -0.01809 0.99984
vn -0.00132 0.07302 -0.99733
vn -0.00049 0.02744 0.99962
vn 0.14070 -0.99005 0.00000
vn -0.05396 0.10540 0.99296
vn 0.14210 -0.98985 0.00000
vn -0.03394 0.05627 -0.99784
vn -0.03394 0.05627 0.99784
vn 0.13649 -0.99064 0.00000
vn -0.08686 0.05691 0.99459
vn 0.00220 -0.01771 -0.99984
vn -0.01491 0.11945 0.99273
vn 0.00230 -0.01761 0.99984
vn -0.00743 0.06361 -0.99795
vn -0.00454 0.03636 0.99933
vn 0.00143 -0.01805 -0.99984
vn -0.00935 0.11808 0.99296
vn 0.00167 -0.01804 0.99984
vn -0.00385 0.05014 -0.99873
vn -0.00476 0.05009 0.99873
vn 0.00076 -0.01809 -0.99984
vn -0.00496 0.11826 0.99297
vn 0.00076 -0.01808 0.99984
vn -0.00115 0.02742 -0.99962
vn -0.00306 0.07297 0.99733
vn 0.00033 -0.01810 -0.99984
vn -0.00214 0.11836 0.99297
vn 0.00033 -0.01810 0.99984
vn -0.00050 0.02744 -0.99962
vn -0.00132 0.07302 0.99733
vn 0.00119 -0.01807 -0.99984
vn -0.00777 0.11817 0.99296
vn 0.00119 -0.01807 0.99984
vn -0.00180 0.02740 -0.99962
vn -0.00480 0.07292 0.99733
vn 0.07630 -0.20208 -0.97639
vn -0.00645 -0.17106 -0.98524
vn 0.08850 -0.19242 -0.97731
vn 0.06042 -0.12224 -0.99066
vn 0.06042 -0.12224 0.99066
vn 0.08851 -0.19242 0.97731
vn 0.55259 0.83346 -0.00001
vn 0.58180 0.81333 0.00000
vn -0.07131 -0.10668 -0.99173
vn 0.63955 0.76875 0.00000
vn 0.66799 0.74417 0.00000
vn -0.07806 -0.09394 -0.99251
vn 0.78805 0.61561 0.00000
vn 0.74353 0.66870 0.00000
vn 0.74353 0.66870 0.00000
vn -0.09340 -0.07297 -0.99295
vn -0.08855 -0.07972 -0.99288
vn -0.08508 -0.05824 -0.99467
vn -0.08508 -0.05824 -0.99467
vn 0.02622 0.01795 -0.99950
vn 0.02622 0.01795 -0.99950
vn 0.02622 0.01795 0.99950
vn 0.02622 0.01795 0.99950
vn -0.08508 -0.05824 0.99467
vn -0.08508 -0.05824 0.99467
vn 0.56646 -0.82409 0.00001
vn 0.56646 -0.82409 0.00000
vn 0.56646 -0.82409 0.00000
vn 0.56647 -0.82409 0.00000
vn 0.56646 -0.82409 -0.00001
vn 0.56647 -0.82408 0.00000
vn -0.17168 -0.11211 -0.97875
vn -0.17138 -0.11255 -0.97875
vn 0.14624 0.09605 -0.98458
vn 0.15359 0.10411 -0.98263
vn 0.15175 0.10209 0.98313
vn 0.14623 0.09605 0.98458
vn -0.17137 -0.11255 0.97876
vn -0.17183 -0.11188 0.97875
vn 0.36261 0.23814 0.90100
vn 0.54171 0.35576 0.76157
vn 0.05865 0.03852 0.99754
vn -0.05865 -0.03853 0.99753
vn 0.82814 0.54382 0.13580
vn 0.82814 0.54382 -0.13581
vn 0.66370 0.43587 0.60787
vn 0.49466 0.32489 0.80607
vn 0.66370 0.43587 -0.60788
vn 0.49466 0.32489 -0.80608
vn 0.05865 0.03852 -0.99754
vn -0.05865 -0.03853 -0.99753
vn 0.36261 0.23814 -0.90100
vn 0.54171 0.35576 -0.76157
vn -0.36259 -0.23818 -0.90100
vn -0.54167 -0.35582 -0.76157
vn -0.82809 -0.54389 -0.13580
vn -0.82809 -0.54389 0.13581
vn -0.66368 -0.43589 -0.60789
vn -0.49466 -0.32488 -0.80608
vn -0.66369 -0.43589 0.60788
vn -0.49467 -0.32488 0.80607
vn -0.36259 -0.23818 0.90100
vn -0.54167 -0.35582 0.76157
vn -0.61726 0.51345 0.59612
vn -0.61659 0.51432 0.59606
vn -0.60780 0.52468 -0.59607
vn 0.58105 -0.47730 -0.65922
vn 0.61391 -0.49838 -0.61216
vn 0.59355 -0.52214 0.61242
vn -0.59284 0.54184 -0.59578
vn -0.57986 0.55610 -0.59541
vn 0.59283 -0.54184 0.59579
vn 0.57983 -0.55613 0.59541
vn -0.56562 0.57121 0.59480
vn -0.55150 0.58574 0.59393
vn -0.53224 0.60452 0.59268
vn -0.52088 0.61500 -0.59200
vn 0.56549 -0.57135 -0.59480
vn 0.55136 -0.58587 -0.59393
vn 0.51686 -0.61875 -0.59161
vn 0.48960 -0.64266 0.58931
vn 0.39595 -0.32857 0.85748
vn -0.39503 0.32966 0.85748
vn -0.61637 0.51477 0.59590
vn -0.39502 0.32966 -0.85749
vn -0.61636 0.51476 -0.59591
vn 0.39594 -0.32857 -0.85748
vn 0.61815 -0.51263 -0.59590
vn 0.61816 -0.51264 0.59589
vn -0.50407 -0.48644 -0.71365
vn -0.53223 0.60264 -0.59460
vn -0.40666 0.66285 -0.62870
vn -0.45591 -0.53365 -0.71230
vn -0.14434 0.81500 0.56120
vn -0.50407 -0.48644 0.71364
vn -0.27724 0.65722 0.70086
vn -0.69248 0.01260 0.72132
vn -0.62896 -0.48836 0.60490
vn -0.52430 0.47967 0.70358
vn -0.60457 0.49978 0.62026
vn -0.78019 -0.08725 0.61943
vn -0.48726 0.48011 0.72943
vn -0.28096 0.70358 0.65271
vn -0.40666 0.66287 0.62867
vn -0.53223 0.60267 0.59458
vn -0.36106 0.60655 0.70833
vn 0.51796 -0.46986 0.71481
vn 0.37964 -0.65164 0.65669
vn 0.77158 -0.20975 0.60055
vn -0.45591 -0.53365 0.71229
vn 0.60431 -0.33321 0.72373
vn -0.01748 -0.73122 0.68192
vn 0.07459 -0.68200 0.72754
vn 0.41143 -0.68067 0.60615
vn -0.10333 -0.80846 0.57940
vn 0.40902 -0.55644 0.72324
vn 0.64035 -0.35973 0.67864
vn 0.04925 -0.94729 -0.31656
vn -0.93083 0.10853 0.34897
vn -0.01542 -0.77327 -0.63389
vn 0.06941 -0.99759 -0.00001
vn -0.88377 -0.11846 0.45268
vn -0.97720 -0.13120 -0.16690
vn -0.88368 -0.11795 -0.45299
vn 0.06118 -0.88965 0.45253
vn -0.14657 0.85768 -0.49286
vn -0.18499 0.98274 -0.00000
vn 0.98304 0.04325 -0.17823
vn 0.19533 -0.83596 0.51285
vn 0.19348 -0.83653 0.51262
vn 0.87784 0.03843 0.47742
vn -0.86291 0.02751 0.50462
vn -0.86383 0.01849 0.50345
vn -0.52132 0.53933 0.66132
vn 0.51300 -0.55187 -0.65747
vn -0.62807 -0.47273 -0.61810
vn -0.59227 -0.61535 0.52016
vn 0.96709 -0.03864 0.25149
vn -0.02944 0.12975 -0.99111
vn -0.96297 0.25499 0.08757
vn -0.96366 0.25783 0.06983
vn -0.96196 0.25207 0.10529
vn 0.04453 0.75054 0.65933
vn -0.05922 -0.75291 -0.65545
vn -0.77234 0.13573 -0.62054
vn -0.85287 0.01096 0.52201
vn -0.66659 0.32741 0.66967
vn 0.67303 -0.36301 -0.64440
vn -0.54391 -0.58973 -0.59697
vn -0.47117 -0.70553 0.52937
vn 0.99406 -0.08426 0.06889
vn 0.97258 -0.23087 0.02816
vn -0.07025 -0.00791 0.99750
vn -0.03003 -0.03094 0.99907
vn -0.94369 0.06535 -0.32433
vn -0.95325 -0.09505 -0.28683
vn 0.32236 -0.05719 -0.94489
vn 0.30973 -0.02787 -0.95042
vn 0.98690 0.05362 0.15213
vn 0.06401 -0.02706 -0.99758
vn -0.99011 -0.08210 -0.11375
vn -0.99013 0.13360 -0.04245
vn -0.99468 0.02776 -0.09918
vn -0.98441 -0.07808 -0.15759
vn -0.97184 0.23542 0.01036
vn 0.01111 -0.04549 0.99890
vn -0.91012 0.21124 -0.35645
vn -0.32245 0.07676 0.94347
vn 0.91160 -0.23418 0.33787
vn 0.95378 0.01943 0.29989
vn 0.93664 -0.09071 0.33835
vn 0.90438 -0.22983 0.35954
vn 0.29409 -0.08457 -0.95203
vn 0.92647 0.20200 0.31757
vn 0.69888 -0.68444 0.20763
vn 0.69887 -0.68444 0.20767
vn 0.68372 0.69898 0.20965
vn 0.69710 0.71265 0.07861
vn 0.68372 0.69898 0.20964
vn -0.69409 0.68142 0.23218
vn -0.69061 0.67634 0.25617
vn -0.71269 0.70139 0.01116
vn -0.68632 -0.70063 0.19513
vn -0.68373 -0.69899 0.20956
vn -0.69973 -0.71432 0.01129
vn -0.70024 -0.71381 0.01137
vn 0.70201 -0.68751 -0.18579
vn 0.70201 -0.68750 -0.18580
vn 0.68684 0.70217 -0.18766
vn 0.68684 0.70217 -0.18765
vn -0.69442 0.68008 -0.23510
vn -0.69757 0.68484 -0.21070
vn -0.68685 -0.70218 -0.18758
vn -0.68923 -0.70360 -0.17293
vn 0.09477 0.24895 0.96387
vn -0.94334 -0.33183 0.00000
vn -0.20972 -0.06492 -0.97560
vn -0.27547 0.02039 -0.96109
vn 0.73252 0.68075 0.00000
vn 0.63965 0.76866 0.00000
vn -0.44366 -0.29142 -0.84749
vn -0.57357 -0.37678 -0.72736
vn -0.57357 -0.37678 0.72736
vn -0.44367 -0.29143 0.84749
vn 0.44369 0.29139 0.84749
vn 0.57361 0.37671 0.72737
vn 0.57361 0.37671 -0.72736
vn 0.44368 0.29139 -0.84749
vn -0.67307 0.73958 0.00003
vn -0.67307 0.73958 0.00006
vn -0.67307 0.73958 0.00000
vn 0.05989 -0.06580 -0.99603
vn 0.05989 -0.06581 -0.99603
vn -0.02713 0.13055 -0.99107
vn 0.02733 0.11013 -0.99354
vn -0.03716 0.12422 -0.99156
vn -0.02645 0.07865 -0.99655
vn -0.02645 0.07866 0.99655
vn -0.03716 0.12424 0.99156
vn -0.68467 -0.72886 -0.00002
vn -0.70600 -0.70821 0.00000
vn 0.06464 0.06834 -0.99557
vn 0.08554 -0.02726 0.99596
vn 0.08554 -0.02726 0.99596
vn -0.95279 0.30363 0.00001
vn -0.95279 0.30363 0.00003
vn -0.95279 0.30363 0.00000
vn 0.07063 0.05540 -0.99596
vn 0.07063 0.05540 -0.99596
vn -0.78683 -0.61717 -0.00001
vn -0.78683 -0.61717 -0.00001
vn -0.78683 -0.61717 0.00000
vn -0.72670 -0.68695 0.00000
vn 0.06619 0.06257 -0.99584
vn 0.08438 -0.03431 -0.99584
vn 0.08438 -0.03431 -0.99584
vn -0.92634 0.37670 -0.00004
vn -0.92634 0.37670 0.00000
vn -0.92633 0.37670 -0.00008
vn 0.07063 0.05540 -0.99596
vn 0.07063 0.05540 -0.99596
vn -0.78683 -0.61717 -0.00003
vn -0.78683 -0.61717 -0.00005
vn -0.78683 -0.61717 0.00000
vn -0.08270 -0.03495 0.99596
vn -0.08269 -0.03494 0.99596
vn 0.92113 0.38926 -0.00006
vn 0.92113 0.38926 -0.00008
vn 0.92113 0.38926 -0.00005
vn 0.05466 -0.06457 -0.99642
vn 0.05466 -0.06457 -0.99642
vn -0.01681 0.01986 -0.99966
vn -0.01681 0.01986 -0.99966
vn -0.01681 0.01986 0.99966
vn -0.01681 0.01986 0.99966
vn 0.05466 -0.06457 0.99642
vn 0.05466 -0.06457 0.99642
vn 0.77293 0.63449 -0.00001
vn 0.77293 0.63449 0.00000
vn 0.77293 0.63449 -0.00000
vn 0.77293 0.63449 -0.00000
vn 0.77293 0.63449 0.00001
vn 0.77293 0.63449 0.00000
vn 0.10698 -0.13087 -0.98561
vn 0.10725 -0.13065 -0.98561
vn -0.09134 0.11127 -0.98958
vn -0.09308 0.10984 -0.98958
vn -0.09250 0.11031 0.98958
vn -0.09134 0.11127 0.98958
vn 0.10724 -0.13064 0.98561
vn 0.10684 -0.13097 0.98561
vn -0.24291 0.29591 0.92381
vn -0.37208 0.45327 0.81000
vn -0.03648 0.04444 0.99835
vn 0.03648 -0.04444 0.99835
vn -0.62579 0.76231 0.16514
vn -0.62579 0.76231 -0.16514
vn -0.47501 0.57863 0.66299
vn -0.34070 0.41502 0.84361
vn -0.47501 0.57863 -0.66299
vn -0.34071 0.41502 -0.84361
vn -0.03647 0.04443 -0.99835
vn 0.03647 -0.04443 -0.99835
vn -0.30960 0.37716 -0.87287
vn -0.30960 0.37716 -0.87287
vn 0.24290 -0.29591 -0.92382
vn 0.37208 -0.45327 -0.81000
vn 0.62579 -0.76231 -0.16514
vn 0.62579 -0.76231 0.16514
vn 0.47501 -0.57863 -0.66299
vn 0.34071 -0.41502 -0.84361
vn 0.47501 -0.57863 0.66299
vn 0.34071 -0.41502 0.84361
vn 0.24291 -0.29591 0.92381
vn 0.37208 -0.45327 0.81000
vn 0.24734 -0.96893 0.00000
vn -0.04511 -0.29351 -0.95489
vn -0.48898 -0.11137 -0.86515
vn -0.98776 0.15600 0.00000
vn -0.91689 0.39915 0.00000
vn 0.07902 -0.15913 -0.98409
vn -0.73116 0.68220 0.00000
vn -0.73116 0.68220 0.00000
vn 0.29627 -0.36090 -0.88429
vn 0.39408 -0.48006 -0.78374
vn 0.39408 -0.48006 0.78373
vn 0.29627 -0.36091 0.88429
vn -0.29627 0.36090 0.88429
vn -0.39408 0.48006 0.78374
vn -0.34664 0.42228 -0.83757
vn -0.34664 0.42227 -0.83757
vn -0.01395 0.62286 -0.78221
vn 0.01492 -0.62284 -0.78221
vn 0.02420 -0.99971 0.00000
vn 0.01492 -0.62284 0.78221
vn -0.01395 0.62286 0.78221
vn -0.02219 0.99975 0.00000
vn -0.36307 0.24291 0.89954
vn -0.62094 0.01278 0.78376
vn 0.10069 -0.89364 0.43734
vn 0.21911 -0.97570 0.00000
vn -0.29377 -0.32330 0.89954
vn -0.59952 -0.16221 0.78375
vn -0.02268 0.99974 0.00000
vn -0.11782 0.89155 0.43734
vn -0.36307 0.24291 -0.89954
vn -0.62094 0.01278 -0.78376
vn 0.28040 -0.77204 -0.57038
vn -0.36292 -0.68716 -0.62937
vn -0.71765 -0.28620 -0.63488
vn 0.05978 -0.81798 -0.57213
vn -0.07982 -0.80824 -0.58342
vn 0.27383 -0.80864 -0.52069
vn 0.10069 -0.89364 -0.43734
vn 0.18423 -0.80609 -0.56239
vn -0.04065 0.83050 -0.55553
vn -0.11408 0.82749 -0.54978
vn -0.29377 -0.32330 -0.89954
vn -0.59952 -0.16221 -0.78375
vn 0.08593 0.81688 -0.57037
vn -0.51794 0.57934 -0.62937
vn -0.76550 0.10462 -0.63488
vn -0.13927 0.80825 -0.57213
vn -0.27240 0.76512 -0.58342
vn 0.07072 0.85081 -0.52069
vn -0.11782 0.89155 -0.43734
vn -0.05099 -0.74928 -0.66028
vn 0.03665 0.75346 0.65647
vn -0.78272 -0.04424 0.62081
vn -0.84778 0.08883 -0.52285
vn 0.71112 0.65638 -0.25194
vn 0.06062 -0.11847 0.99111
vn -0.56827 -0.81818 -0.08754
vn -0.56697 -0.82078 -0.06981
vn -0.56938 -0.81531 -0.10524
vn 0.56156 -0.49869 -0.66027
vn -0.57361 0.48993 0.65646
vn -0.44381 -0.64628 0.62077
vn -0.58885 -0.61634 -0.52286
vn -0.29661 -0.68144 -0.66907
vn 0.27874 0.71272 0.64368
vn -0.79390 0.10050 0.59969
vn -0.81297 0.23698 -0.53190
vn 0.67169 0.73766 -0.06842
vn 0.51660 0.85580 -0.02707
vn -0.06714 -0.03086 -0.99727
vn -0.06282 0.02687 -0.99766
vn -0.67100 -0.66664 0.32458
vn -0.79533 -0.53210 0.29037
vn 0.19665 0.26608 0.94368
vn 0.19147 0.25038 0.94902
vn 0.78759 0.59683 -0.15328
vn 0.02879 0.06442 0.99751
vn -0.81041 -0.57451 0.11478
vn -0.64733 -0.76101 0.04262
vn -0.73214 -0.67379 0.09991
vn -0.80304 -0.57420 0.15945
vn -0.55389 -0.83254 -0.00945
vn -0.04339 0.06992 -0.99661
vn -0.53316 -0.76543 0.36035
vn -0.18871 -0.27484 -0.94279
vn 0.51800 0.78553 -0.33855
vn 0.73186 0.61120 -0.30134
vn 0.64799 0.68117 -0.34076
vn 0.51543 0.77609 -0.36335
vn 0.13400 0.28874 0.94798
vn 0.85309 0.41492 -0.31636
vn -0.52975 0.80655 0.26239
vn -0.31958 -0.91052 -0.26235
vn 0.09381 0.97786 -0.18706
vn 0.09382 0.97787 -0.18702
vn 0.97786 -0.09381 -0.18708
vn 0.99343 -0.09530 -0.06335
vn 0.97785 -0.09381 -0.18708
vn -0.09212 -0.97290 -0.21210
vn -0.09279 -0.96717 -0.23661
vn -0.09305 -0.99566 0.00001
vn -0.98058 0.09337 -0.17246
vn -0.97784 0.09382 -0.18714
vn -0.99550 0.09479 0.00001
vn -0.99557 0.09408 0.00000
vn 0.09381 0.97785 0.18711
vn 0.09381 0.97786 0.18707
vn 0.97785 -0.09381 0.18709
vn 0.97785 -0.09381 0.18709
vn -0.09278 -0.96716 0.23662
vn -0.09212 -0.97289 0.21212
vn -0.97784 0.09382 0.18715
vn -0.98058 0.09337 0.17247
vn -0.38565 0.82727 -0.40852
vn 0.09222 0.00225 -0.99574
vn 0.07555 0.63016 -0.77278
vn 0.10539 -0.62580 -0.77283
vn 0.11322 -0.99357 0.00000
vn 0.10539 -0.62580 0.77284
vn 0.09222 0.00225 0.99574
vn 0.07555 0.63016 0.77278
vn 0.06592 0.99782 0.00000
vn -0.00089 0.11045 -0.99388
vn 0.00027 -0.03406 -0.99942
vn 0.00027 -0.03406 0.99942
vn -0.00089 0.11045 0.99388
vn -1.00000 0.00000 0.00000
vn 0.00024 0.21904 -0.97572
vn 0.00000 0.21904 -0.97572
vn 0.00000 -0.18707 -0.98235
vn 0.00121 -0.19837 -0.98013
vn 0.00091 -0.19555 0.98069
vn 0.00000 -0.18707 0.98235
vn 0.00000 0.21904 0.97572
vn 0.00036 0.21904 0.97572
vn 0.00000 -0.45179 0.89212
vn 0.00000 -0.66830 0.74389
vn 0.00000 -0.07517 0.99717
vn 0.00000 0.07517 0.99717
vn 0.00000 -0.99192 0.12687
vn 0.00000 -0.99192 -0.12687
vn 0.00000 -0.80828 0.58880
vn 0.00000 -0.61090 0.79171
vn 0.00000 -0.80828 -0.58880
vn 0.00000 -0.61090 -0.79171
vn 0.00000 -0.07517 -0.99717
vn 0.00000 0.07517 -0.99717
vn 0.00000 -0.45179 -0.89212
vn 0.00000 -0.66830 -0.74389
vn 0.00000 0.45179 -0.89212
vn 0.00000 0.66830 -0.74389
vn 0.00000 0.99192 -0.12687
vn 0.00000 0.99192 0.12688
vn 0.00000 0.80828 -0.58880
vn 0.00000 0.61090 -0.79171
vn 0.00000 0.80828 0.58880
vn 0.00000 0.61090 0.79171
vn 0.00000 0.45180 0.89212
vn 0.00000 0.66831 0.74388
vn 0.27467 0.96154 0.00000
vn 0.52274 0.23201 -0.82032
vn 0.15621 0.25978 -0.95295
vn 0.32437 -0.30385 -0.89580
vn 0.46351 -0.88609 0.00000
vn 0.29686 -0.95492 0.00000
vn 0.02763 0.22434 -0.97412
vn 0.07153 -0.99744 0.00000
vn 0.00000 0.55323 -0.83303
vn 0.00000 0.70757 -0.70664
vn 0.00000 0.70758 0.70663
vn 0.00000 0.55323 0.83303
vn 0.00000 -0.55323 0.83303
vn 0.00000 -0.70757 0.70664
vn 0.00000 -0.70757 -0.70664
vn 0.00000 -0.55323 -0.83303
vn -0.08686 0.05691 -0.99459
vn -0.05396 0.10540 -0.99296
vn -0.08701 0.04110 -0.99536
vn -0.05618 0.02260 -0.99816
vn -0.05618 0.02260 0.99816
vn -0.08701 0.04110 0.99536
vn 0.13175 -0.99128 0.00000
vn 0.11856 -0.99295 0.00000
vn -0.01571 0.11997 -0.99265
vn 0.09213 -0.99575 0.00000
vn 0.07889 -0.99688 0.00000
vn -0.01092 0.11800 -0.99295
vn 0.01801 -0.99984 0.00000
vn 0.04184 -0.99912 0.00000
vn -0.00214 0.11833 -0.99297
vn -0.00495 0.11826 -0.99297
vn -0.00214 0.11835 -0.99297
vn 0.06564 -0.99784 0.00000
vn -0.00777 0.11818 -0.99296
# 1549 normal vertices

g item_blade
f 10/3/10 7/2/7 12/1/12
f 7/2/1061 9/4/9 12/1/1060
f 6/6/6 8/6/8 11/5/11
f 6/6/1063 11/5/1062 12/1/1060
f 9/4/9 6/6/1063 12/1/1060
f 8/6/1064 10/3/10 12/1/12
f 11/5/1065 8/6/1064 12/1/12
f 9/4/9 16/8/16 13/7/13
f 17/8/17 10/3/10 15/9/15
f 8/11/8 6/10/6 13/7/1066
f 15/9/1067 8/11/8 13/7/1066
f 10/3/10 17/8/17 14/12/14
f 7/2/7 10/3/10 14/12/14
f 9/4/9 7/2/1061 14/12/1068
f 16/8/16 9/4/9 14/12/1068
f 13/7/13 16/8/16 21/13/21
f 18/14/18 13/7/13 21/13/21
f 17/8/17 15/9/15 20/14/20
f 22/13/22 17/8/17 20/14/20
f 15/9/1067 13/7/1066 18/14/1069
f 20/14/1070 15/9/1067 18/14/1069
f 14/12/14 17/8/17 22/13/22
f 19/15/19 14/12/14 22/13/22
f 16/8/16 14/12/1068 19/15/1071
f 21/13/21 16/8/16 19/15/1071
f 26/18/26 4/17/4 1/16/1
f 23/19/23 26/18/26 1/16/1
f 18/14/18 21/13/21 26/18/26
f 23/19/23 18/14/18 26/18/26
f 25/19/25 3/16/3 5/17/5
f 27/18/27 25/19/25 5/17/5
f 22/13/22 20/14/20 25/19/25
f 27/18/27 22/13/22 25/19/25
f 23/19/1073 1/16/1072 3/16/1072
f 25/19/1074 23/19/1073 3/16/1072
f 20/14/1070 18/14/1069 23/19/1073
f 25/19/1074 20/14/1070 23/19/1073
f 27/18/27 5/17/5 2/20/2
f 24/21/24 27/18/27 2/20/2
f 19/15/19 22/13/22 27/18/27
f 24/21/24 19/15/19 27/18/27
f 24/21/1076 2/20/1075 4/17/4
f 26/18/26 24/21/1076 4/17/4
f 21/13/21 19/15/1071 24/21/1076
f 26/18/26 21/13/21 24/21/1076
f 29/24/29 28/23/28 32/22/32
f 33/25/33 29/24/29 32/22/32
f 31/26/31 29/24/29 33/25/33
f 35/27/35 31/26/31 33/25/33
f 30/28/30 31/26/31 35/27/35
f 34/29/34 30/28/30 35/27/35
f 28/23/28 30/28/30 34/29/34
f 32/22/32 28/23/28 34/29/34
f 34/32/34 35/31/35 33/30/33
f 32/33/32 34/32/34 33/30/33
f 40/36/40 36/35/36 37/34/37
f 41/37/41 40/36/40 37/34/37
f 41/37/41 37/34/37 39/38/39
f 43/39/43 41/37/41 39/38/39
f 43/39/43 39/38/39 38/40/38
f 42/41/42 43/39/43 38/40/38
f 42/41/42 38/40/38 36/35/36
f 40/36/40 42/41/42 36/35/36
f 41/42/41 43/31/43 42/30/42
f 40/33/40 41/42/41 42/30/42
f 44/45/44 46/44/44 50/43/44
f 48/46/44 44/45/44 50/43/44
f 47/49/46 45/48/45 49/47/46
f 51/50/45 47/49/46 49/47/46
f 45/48/1077 52/52/47 54/51/49
f 49/47/1078 45/48/1077 54/51/49
f 52/52/47 44/45/1080 48/46/1079
f 54/51/49 52/52/47 48/46/1079
f 46/44/1081 53/54/48 55/53/50
f 50/43/1082 46/44/1081 55/53/50
f 53/54/48 47/49/1084 51/50/1083
f 55/53/50 53/54/48 51/50/1083
f 51/50/1087 49/47/1086 54/51/1085
f 48/46/1088 51/50/1087 54/51/1085
f 55/53/1089 51/50/1087 48/46/1088
f 50/43/1090 55/53/1089 48/46/1088
f 56/57/51 62/56/57 66/55/59
f 64/58/59 56/57/51 66/55/59
f 63/61/58 57/60/52 65/59/60
f 67/62/60 63/61/58 65/59/60
f 57/60/1091 69/64/62 72/63/65
f 65/59/1092 57/60/1091 72/63/65
f 69/64/62 56/66/1094 64/65/1093
f 72/63/65 69/64/62 64/65/1093
f 62/56/1095 71/68/64 73/67/66
f 66/55/1096 62/56/1095 73/67/66
f 71/68/64 63/70/1098 67/69/1097
f 73/67/66 71/68/64 67/69/1097
f 87/73/80 86/72/79 98/71/91
f 89/76/82 88/75/81 98/74/91
f 90/77/83 89/76/82 98/74/91
f 92/80/85 91/79/84 98/78/91
f 93/81/86 92/80/85 98/78/91
f 95/84/88 94/83/87 98/82/91
f 96/85/89 95/84/88 98/82/91
f 86/72/79 97/86/90 98/71/91
f 100/89/93 101/88/94 99/87/92
f 102/92/95 103/91/96 99/90/92
f 103/91/96 104/93/97 99/90/92
f 105/96/98 106/95/93 99/94/92
f 106/95/93 107/97/99 99/94/92
f 108/100/100 109/99/101 99/98/92
f 109/99/101 110/101/102 99/98/92
f 111/102/103 100/89/93 99/87/92
f 86/72/1101 87/73/1100 101/88/1099
f 100/89/1102 86/72/1101 101/88/1099
f 88/75/1105 89/76/1104 103/91/1103
f 102/92/1106 88/75/1105 103/91/1103
f 89/76/1104 90/77/1108 104/93/1107
f 103/91/1103 89/76/1104 104/93/1107
f 91/79/1111 92/80/1110 106/95/1109
f 105/96/1112 91/79/1111 106/95/1109
f 92/80/1110 93/81/1114 107/97/1113
f 106/95/1109 92/80/1110 107/97/1113
f 94/83/1117 95/84/1116 109/99/1115
f 108/100/1118 94/83/1117 109/99/1115
f 95/84/1116 96/85/1120 110/101/1119
f 109/99/1115 95/84/1116 110/101/1119
f 97/86/1121 86/72/1101 100/89/1102
f 111/102/1122 97/86/1121 100/89/1102
f 98/71/91 112/103/104 87/73/80
f 98/74/91 88/75/81 112/104/104
f 98/74/91 113/105/105 90/77/83
f 98/78/91 91/79/84 113/106/105
f 98/78/91 114/107/106 93/81/86
f 98/82/91 94/83/87 114/108/106
f 98/82/91 115/109/107 96/85/89
f 98/71/91 97/86/90 115/110/107
f 99/90/92 116/111/108 102/92/95
f 99/87/92 101/88/94 116/112/108
f 99/94/92 117/113/109 105/96/98
f 99/90/92 104/93/97 117/114/109
f 99/98/92 118/115/110 108/100/100
f 99/94/92 107/97/99 118/116/110
f 99/87/92 119/117/111 111/102/103
f 99/98/92 110/101/102 119/118/111
f 15/9/15 10/3/10 8/11/1064
f 13/7/13 6/10/1063 9/4/9
f 144/121/136 120/120/112 141/119/133
f 185/122/177 144/121/136 141/119/133
f 141/119/133 120/120/112 142/123/134
f 187/124/179 141/119/133 142/123/134
f 142/123/134 120/120/112 143/125/135
f 188/126/180 142/123/134 143/125/135
f 143/125/135 120/120/112 144/121/136
f 186/127/178 143/125/135 144/121/136
f 142/123/134 121/129/113 145/128/137
f 187/124/179 142/123/134 145/128/137
f 145/128/1124 121/129/1123 146/123/138
f 189/124/181 145/128/1124 146/123/138
f 146/123/138 121/129/1123 147/130/139
f 190/126/182 146/123/138 147/130/139
f 147/130/1125 121/129/113 142/123/134
f 188/126/180 147/130/1125 142/123/134
f 146/123/138 122/120/114 148/119/140
f 189/124/181 146/123/138 148/119/140
f 148/119/140 122/120/114 149/121/141
f 191/122/183 148/119/140 149/121/141
f 149/121/141 122/120/114 150/125/142
f 192/127/184 149/121/141 150/125/142
f 150/125/142 122/120/114 146/123/138
f 190/126/182 150/125/142 146/123/138
f 149/121/141 123/132/115 151/131/143
f 191/122/183 149/121/141 151/131/143
f 151/131/1127 123/132/1126 144/121/136
f 185/122/177 151/131/1127 144/121/136
f 144/121/136 123/132/1126 152/133/144
f 186/127/178 144/121/136 152/133/144
f 152/133/1128 123/132/115 149/121/141
f 192/127/184 152/133/1128 149/121/141
f 155/136/147 124/135/116 153/134/145
f 194/137/186 155/136/147 153/134/145
f 153/134/145 124/135/116 154/138/146
f 193/139/185 153/134/145 154/138/146
f 154/138/146 124/135/116 143/125/135
f 186/127/178 154/138/146 143/125/135
f 143/125/135 124/135/116 155/136/147
f 188/126/180 143/125/135 155/136/147
f 157/136/149 125/141/117 156/140/148
f 195/137/187 157/136/149 156/140/148
f 156/140/1130 125/141/1129 155/136/147
f 194/137/186 156/140/1130 155/136/147
f 155/136/147 125/141/1129 147/130/1125
f 188/126/180 155/136/147 147/130/1125
f 147/130/139 125/141/117 157/136/149
f 190/126/182 147/130/139 157/136/149
f 159/138/151 126/135/118 158/134/150
f 196/139/188 159/138/151 158/134/150
f 158/134/150 126/135/118 157/136/149
f 195/137/187 158/134/150 157/136/149
f 126/135/118 150/125/142 190/126/182
f 157/136/149 126/135/118 190/126/182
f 150/125/142 126/135/118 159/138/151
f 192/127/184 150/125/142 159/138/151
f 154/138/146 127/143/119 160/142/152
f 193/139/185 154/138/146 160/142/152
f 160/142/1132 127/143/1131 159/138/151
f 196/139/188 160/142/1132 159/138/151
f 159/138/151 127/143/1131 152/133/1128
f 192/127/184 159/138/151 152/133/1128
f 152/133/144 127/143/119 154/138/146
f 186/127/178 152/133/144 154/138/146
f 167/146/159 128/145/120 165/144/157
f 201/147/193 167/146/159 165/144/157
f 165/144/157 128/145/120 153/134/145
f 193/139/185 165/144/157 153/134/145
f 153/134/145 128/145/120 166/148/158
f 194/137/186 153/134/145 166/148/158
f 166/148/158 128/145/120 167/146/159
f 202/149/194 166/148/158 167/146/159
f 169/151/161 129/150/121 167/146/159
f 201/147/193 169/151/161 167/146/159
f 167/146/159 129/150/121 168/152/160
f 202/149/194 167/146/159 168/152/160
f 168/152/160 129/150/121 161/153/153
f 198/154/190 168/152/160 161/153/153
f 129/150/121 169/151/161 197/155/189
f 161/153/153 129/150/121 197/155/189
f 171/157/163 130/156/122 166/148/158
f 202/149/194 171/157/163 166/148/158
f 166/148/158 130/156/122 156/140/1130
f 194/137/186 166/148/158 156/140/1130
f 156/140/148 130/156/1133 170/148/162
f 195/137/187 156/140/148 170/148/162
f 170/148/162 130/156/1133 171/157/1134
f 203/149/195 170/148/162 171/157/1134
f 168/152/160 131/158/123 171/157/163
f 202/149/194 168/152/160 171/157/163
f 171/157/1134 131/158/1135 172/152/164
f 203/149/195 171/157/1134 172/152/164
f 172/152/164 131/158/1135 162/159/154
f 199/154/191 172/152/164 162/159/154
f 162/159/1136 131/158/123 168/152/160
f 198/154/190 162/159/1136 168/152/160
f 174/146/166 132/145/124 170/148/162
f 203/149/195 174/146/166 170/148/162
f 170/148/162 132/145/124 158/134/150
f 195/137/187 170/148/162 158/134/150
f 158/134/150 132/145/124 173/144/165
f 196/139/188 158/134/150 173/144/165
f 173/144/165 132/145/124 174/146/166
f 204/147/196 173/144/165 174/146/166
f 172/152/164 133/150/125 174/146/166
f 203/149/195 172/152/164 174/146/166
f 174/146/166 133/150/125 175/151/167
f 204/147/196 174/146/166 175/151/167
f 175/151/167 133/150/125 163/153/155
f 200/155/192 175/151/167 163/153/155
f 163/153/155 133/150/125 172/152/164
f 199/154/191 163/153/155 172/152/164
f 176/161/168 134/160/126 173/144/165
f 204/147/196 176/161/168 173/144/165
f 173/144/165 134/160/126 160/142/1132
f 196/139/188 173/144/165 160/142/1132
f 160/142/152 134/160/1137 165/144/157
f 193/139/185 160/142/152 165/144/157
f 165/144/157 134/160/1137 176/161/1138
f 201/147/193 165/144/157 176/161/1138
f 175/151/167 135/162/127 176/161/168
f 204/147/196 175/151/167 176/161/168
f 176/161/1138 135/162/1139 169/151/161
f 201/147/193 176/161/1138 169/151/161
f 169/151/161 135/162/1139 164/163/156
f 197/155/189 169/151/161 164/163/156
f 164/163/1140 135/162/127 175/151/167
f 200/155/192 164/163/1140 175/151/167
f 136/165/128 177/165/169 207/164/199
f 179/166/171 136/165/128 207/164/199
f 136/165/128 178/167/170 208/165/200
f 177/165/169 136/165/128 208/165/200
f 178/167/1141 136/165/385 148/119/140
f 191/122/183 178/167/1141 148/119/140
f 148/119/140 136/165/385 179/166/1142
f 189/124/181 148/119/140 179/166/1142
f 181/166/173 137/168/129 180/166/172
f 206/164/198 181/166/173 180/166/172
f 180/166/172 137/168/129 179/166/171
f 207/164/199 180/166/172 179/166/171
f 179/166/1142 137/168/1143 145/128/1124
f 189/124/181 179/166/1142 145/128/1124
f 145/128/137 137/168/1145 181/166/1144
f 187/124/179 145/128/137 181/166/1144
f 138/165/130 182/165/174 205/165/197
f 183/167/175 138/165/130 205/165/197
f 138/165/130 181/166/173 206/164/198
f 182/165/174 138/165/130 206/164/198
f 181/166/1144 138/165/390 141/119/133
f 187/124/179 181/166/1144 141/119/133
f 141/119/133 138/165/390 183/167/1146
f 185/122/177 141/119/133 183/167/1146
f 178/167/170 139/169/131 184/167/176
f 208/165/200 178/167/170 184/167/176
f 184/167/176 139/169/131 183/167/175
f 205/165/197 184/167/176 183/167/175
f 183/167/1146 139/169/1147 151/131/1127
f 185/122/177 183/167/1146 151/131/1127
f 151/131/143 139/169/1148 178/167/1141
f 191/122/183 151/131/143 178/167/1141
f 140/172/132 177/171/169 208/170/200
f 184/173/176 140/172/132 208/170/200
f 140/172/132 180/175/172 207/174/199
f 177/171/169 140/172/132 207/174/199
f 140/172/132 182/171/174 206/174/198
f 180/175/172 140/172/132 206/174/198
f 140/172/132 184/173/176 205/170/197
f 182/171/174 140/172/132 205/170/197
f 215/178/207 209/177/201 213/176/205
f 214/179/206 209/177/201 215/178/207
f 218/180/210 214/179/206 215/178/207
f 211/183/203 217/182/209 219/181/211
f 227/185/219 214/179/206 225/184/217
f 225/184/217 214/179/206 218/180/210
f 226/186/218 225/184/217 218/180/210
f 222/189/214 220/188/212 229/187/221
f 221/190/213 222/189/214 229/187/221
f 221/190/213 229/187/221 230/191/222
f 220/188/212 227/185/219 229/187/221
f 227/185/219 225/184/217 230/191/222
f 229/187/221 227/185/219 230/191/222
f 225/184/217 226/186/218 230/192/222
f 223/195/215 224/194/216 231/193/223
f 226/186/218 231/193/1149 230/192/222
f 230/192/222 231/193/223 224/194/216
f 221/196/213 230/192/222 224/194/216
f 223/195/215 231/193/223 233/197/225
f 231/193/223 232/198/224 233/197/225
f 231/193/1149 226/186/218 228/199/220
f 232/198/224 231/193/1149 228/199/220
f 215/178/207 236/201/228 210/200/202
f 219/181/211 237/202/229 211/183/203
f 213/176/205 211/183/203 237/202/229
f 213/176/205 237/202/229 235/203/227
f 238/204/230 219/181/211 217/182/209
f 212/182/204 238/204/230 217/182/209
f 236/201/228 215/178/207 234/205/226
f 242/181/234 239/207/231 241/206/233
f 244/181/236 242/181/234 241/206/233
f 241/206/233 239/207/231 240/208/232
f 243/209/235 241/206/233 240/208/232
f 246/203/238 243/209/235 245/205/237
f 240/208/232 245/205/237 243/209/235
f 244/181/236 241/206/233 248/202/240
f 241/206/233 243/209/235 246/203/238
f 248/202/240 241/206/233 246/203/238
f 244/181/236 249/204/241 242/181/234
f 240/208/232 247/201/239 245/205/237
f 228/199/1151 226/186/1150 218/180/210
f 216/210/208 228/199/1151 218/180/210
f 209/177/201 251/178/243 213/176/205
f 209/177/201 214/179/206 251/178/243
f 214/179/206 253/180/245 251/178/243
f 250/200/242 251/178/243 252/210/244
f 251/178/243 253/180/245 252/210/244
f 217/182/209 211/183/203 254/181/246
f 214/179/206 227/185/219 259/184/251
f 214/179/206 259/184/251 253/180/245
f 259/184/251 260/186/252 253/180/245
f 220/188/212 256/189/248 262/187/254
f 256/189/248 255/190/247 262/187/254
f 262/187/254 255/190/247 263/191/255
f 227/185/219 220/188/212 262/187/254
f 259/184/251 227/185/219 263/191/255
f 227/185/219 262/187/254 263/191/255
f 260/186/252 259/184/251 263/192/255
f 258/194/250 257/195/249 264/193/256
f 264/193/1152 260/186/252 263/192/255
f 264/193/256 263/192/255 258/194/250
f 263/192/255 255/196/247 258/194/250
f 264/193/256 257/195/249 266/197/258
f 265/198/257 264/193/256 266/197/258
f 260/186/252 264/193/1152 261/199/253
f 264/193/1152 265/198/257 261/199/253
f 269/201/261 251/178/243 250/200/242
f 270/202/262 254/181/246 211/183/203
f 211/183/203 213/176/205 270/202/262
f 270/202/262 213/176/205 268/203/260
f 254/181/246 271/204/263 217/182/209
f 271/204/263 212/182/204 217/182/209
f 251/178/243 269/201/261 267/205/259
f 272/207/264 275/181/267 274/206/266
f 275/181/267 277/181/269 274/206/266
f 272/207/264 274/206/266 273/208/265
f 274/206/266 276/209/268 273/208/265
f 276/209/268 279/203/271 278/205/270
f 278/205/270 273/208/265 276/209/268
f 274/206/266 277/181/269 281/202/273
f 276/209/268 274/206/266 279/203/271
f 274/206/266 281/202/273 279/203/271
f 282/204/274 277/181/269 275/181/267
f 280/201/272 273/208/265 278/205/270
f 260/186/252 261/199/253 253/180/245
f 261/199/253 252/210/244 253/180/245
f 283/177/275 287/178/279 285/176/277
f 283/177/275 286/179/278 287/178/279
f 286/179/278 289/180/281 287/178/279
f 288/182/280 284/183/276 290/181/282
f 286/179/278 297/185/289 295/184/287
f 286/179/278 295/184/287 289/180/281
f 295/184/287 296/186/288 289/180/281
f 291/188/283 293/189/285 298/187/290
f 293/189/285 292/190/284 298/187/290
f 298/187/290 292/190/284 299/191/291
f 297/185/289 291/188/283 298/187/290
f 295/184/287 297/185/289 299/191/291
f 297/185/289 298/187/290 299/191/291
f 296/186/288 295/184/287 299/192/291
f 294/194/286 223/195/1153 300/193/292
f 300/193/1154 296/186/288 299/192/291
f 300/193/292 299/192/291 294/194/286
f 299/192/291 292/196/284 294/194/286
f 300/193/292 223/195/1153 233/197/1155
f 232/198/1156 300/193/292 233/197/1155
f 296/186/288 300/193/1154 228/199/1157
f 300/193/1154 232/198/1156 228/199/1157
f 236/201/1159 287/178/279 210/200/1158
f 303/202/295 290/181/282 284/183/276
f 284/183/276 285/176/277 303/202/295
f 303/202/295 285/176/277 302/203/294
f 290/181/282 238/204/230 288/182/280
f 238/204/230 212/182/204 288/182/280
f 287/178/279 236/201/1159 301/205/293
f 239/207/1160 242/181/234 304/206/296
f 242/181/234 306/181/298 304/206/296
f 239/207/1160 304/206/296 240/208/1161
f 304/206/296 305/209/297 240/208/1161
f 305/209/297 308/203/300 307/205/299
f 307/205/299 240/208/1161 305/209/297
f 304/206/296 306/181/298 309/202/301
f 305/209/297 304/206/296 308/203/300
f 304/206/296 309/202/301 308/203/300
f 249/204/241 306/181/298 242/181/234
f 247/201/1162 240/208/1161 307/205/299
f 296/186/1164 228/199/1163 289/180/281
f 228/199/1163 216/210/1165 289/180/281
f 310/178/302 283/177/275 285/176/277
f 286/179/278 283/177/275 310/178/302
f 311/180/303 286/179/278 310/178/302
f 310/178/302 250/200/1167 252/210/1166
f 311/180/303 310/178/302 252/210/1166
f 284/183/276 288/182/280 312/181/304
f 297/185/289 286/179/278 316/184/308
f 316/184/308 286/179/278 311/180/303
f 317/186/309 316/184/308 311/180/303
f 314/189/306 291/188/283 318/187/310
f 313/190/305 314/189/306 318/187/310
f 313/190/305 318/187/310 319/191/311
f 291/188/283 297/185/289 318/187/310
f 297/185/289 316/184/308 319/191/311
f 318/187/310 297/185/289 319/191/311
f 316/184/308 317/186/309 319/192/311
f 257/195/1168 315/194/307 320/193/312
f 317/186/309 320/193/1169 319/192/311
f 319/192/311 320/193/312 315/194/307
f 313/196/305 319/192/311 315/194/307
f 257/195/1168 320/193/312 266/197/1170
f 320/193/312 265/198/1171 266/197/1170
f 320/193/1169 317/186/309 261/199/1172
f 265/198/1171 320/193/1169 261/199/1172
f 310/178/302 269/201/1173 250/200/1167
f 312/181/304 323/202/315 284/183/276
f 285/176/277 284/183/276 323/202/315
f 285/176/277 323/202/315 322/203/314
f 271/204/263 312/181/304 288/182/280
f 212/182/204 271/204/263 288/182/280
f 269/201/1173 310/178/302 321/205/313
f 275/181/267 272/207/1174 324/206/316
f 326/181/318 275/181/267 324/206/316
f 324/206/316 272/207/1174 273/208/1175
f 325/209/317 324/206/316 273/208/1175
f 328/203/320 325/209/317 327/205/319
f 273/208/1175 327/205/319 325/209/317
f 326/181/318 324/206/316 329/202/321
f 324/206/316 325/209/317 328/203/320
f 329/202/321 324/206/316 328/203/320
f 326/181/318 282/204/274 275/181/267
f 273/208/1175 280/201/1176 327/205/319
f 261/199/1172 317/186/309 311/180/303
f 252/210/1166 261/199/1172 311/180/303
f 210/200/202 216/210/208 218/180/210
f 215/178/207 210/200/202 218/180/210
f 289/180/281 216/210/1165 210/200/1158
f 287/178/279 289/180/281 210/200/1158
f 213/176/205 235/203/227 234/205/226
f 215/178/207 213/176/205 234/205/226
f 235/203/227 246/203/238 245/205/237
f 234/205/226 235/203/227 245/205/237
f 219/181/211 244/181/236 248/202/240
f 237/202/229 219/181/211 248/202/240
f 235/203/227 237/202/229 248/202/240
f 246/203/238 235/203/227 248/202/240
f 219/181/211 238/204/230 249/204/241
f 244/181/236 219/181/211 249/204/241
f 234/205/226 245/205/237 247/201/239
f 236/201/228 234/205/226 247/201/239
f 267/205/259 268/203/260 213/176/205
f 251/178/243 267/205/259 213/176/205
f 268/203/1177 267/205/259 278/205/270
f 279/203/271 268/203/260 278/205/270
f 254/181/246 270/202/262 281/202/273
f 277/181/269 254/181/246 281/202/273
f 281/202/273 270/202/262 268/203/260
f 279/203/271 281/202/273 268/203/260
f 282/204/274 271/204/263 254/181/246
f 277/181/269 282/204/274 254/181/246
f 267/205/259 269/201/261 280/201/272
f 278/205/270 267/205/259 280/201/272
f 301/205/293 302/203/294 285/176/277
f 287/178/279 301/205/293 285/176/277
f 302/203/1178 301/205/293 307/205/299
f 308/203/300 302/203/294 307/205/299
f 290/181/282 303/202/295 309/202/301
f 306/181/298 290/181/282 309/202/301
f 309/202/301 303/202/295 302/203/294
f 308/203/300 309/202/301 302/203/294
f 249/204/241 238/204/230 290/181/282
f 306/181/298 249/204/241 290/181/282
f 301/205/293 236/201/228 247/201/239
f 307/205/299 301/205/293 247/201/239
f 285/176/277 322/203/314 321/205/313
f 310/178/302 285/176/277 321/205/313
f 322/203/314 328/203/320 327/205/319
f 321/205/313 322/203/314 327/205/319
f 312/181/304 326/181/318 329/202/321
f 323/202/315 312/181/304 329/202/321
f 322/203/314 323/202/315 329/202/321
f 328/203/320 322/203/314 329/202/321
f 312/181/304 271/204/263 282/204/274
f 326/181/318 312/181/304 282/204/274
f 321/205/313 327/205/319 280/201/272
f 269/201/261 321/205/313 280/201/272
f 353/213/345 337/212/329 333/211/325
f 349/214/341 353/213/345 333/211/325
f 341/216/333 345/215/337 353/213/1179
f 349/214/1180 341/216/333 353/213/1179
f 334/212/326 330/218/322 346/217/338
f 350/213/342 334/212/326 346/217/338
f 342/215/334 350/213/342 346/217/338
f 338/219/330 342/215/334 346/217/338
f 346/217/338 330/218/322 335/220/327
f 351/221/343 346/217/338 335/220/327
f 343/222/335 338/219/330 346/217/338
f 351/221/343 343/222/335 346/217/338
f 351/221/343 335/220/327 331/223/323
f 347/224/339 351/221/343 331/223/323
f 339/225/331 343/222/335 351/221/1181
f 347/224/1182 339/225/331 351/221/1181
f 336/220/328 332/218/324 348/217/340
f 352/221/344 336/220/328 348/217/340
f 344/222/336 352/221/344 348/217/340
f 340/219/332 344/222/336 348/217/340
f 331/223/323 336/220/328 352/221/344
f 347/224/339 331/223/323 352/221/344
f 344/222/336 339/225/331 347/224/1182
f 352/221/1183 344/222/336 347/224/1182
f 333/211/325 334/212/326 350/213/342
f 349/214/341 333/211/325 350/213/342
f 341/216/333 349/214/1180 350/213/1184
f 342/215/334 341/216/333 350/213/1184
f 348/217/340 332/218/324 337/212/329
f 353/213/345 348/217/340 337/212/329
f 345/215/337 340/219/332 348/217/340
f 353/213/1179 345/215/337 348/217/340
f 374/228/366 358/227/350 355/226/347
f 371/229/363 374/228/366 355/226/347
f 363/231/355 367/230/359 374/228/1185
f 371/229/1186 363/231/355 374/228/1185
f 370/233/362 354/232/346 358/227/350
f 374/228/366 370/233/362 358/227/350
f 367/230/359 362/234/354 370/233/362
f 374/228/366 367/230/359 370/233/362
f 359/235/351 354/232/346 370/233/362
f 375/236/367 359/235/351 370/233/362
f 366/237/358 375/236/367 370/233/362
f 362/234/354 366/237/358 370/233/362
f 357/238/349 359/235/351 375/236/367
f 373/239/365 357/238/349 375/236/367
f 366/237/358 365/240/357 373/239/1187
f 375/236/367 366/237/358 373/239/1187
f 377/236/369 361/235/353 357/238/1188
f 373/239/1189 377/236/369 357/238/1188
f 365/240/357 369/237/361 377/236/1190
f 373/239/1187 365/240/357 377/236/1190
f 372/233/364 356/232/348 361/235/353
f 377/236/369 372/233/364 361/235/353
f 369/237/361 364/234/356 372/233/364
f 377/236/369 369/237/361 372/233/364
f 360/227/352 356/232/348 372/233/364
f 376/228/368 360/227/352 372/233/364
f 368/230/360 376/228/368 372/233/364
f 364/234/356 368/230/360 372/233/364
f 355/226/1191 360/227/352 376/228/368
f 371/229/1192 355/226/1191 376/228/368
f 363/231/355 371/229/1186 376/228/368
f 368/230/360 363/231/355 376/228/368
f 379/243/370 380/242/370 378/241/370
f 380/242/371 381/245/371 378/244/371
f 381/245/372 382/247/372 378/246/372
f 382/247/1193 379/249/1193 378/248/1193
f 383/250/373 380/242/373 379/243/373
f 383/251/1194 381/245/1194 380/242/1194
f 383/252/1195 382/247/1195 381/245/1195
f 383/253/1196 379/249/1196 382/247/1196
f 388/255/375 384/255/374 385/254/375
f 389/254/378 388/255/375 385/254/375
f 389/255/376 385/255/1197 386/254/376
f 390/254/379 389/255/376 386/254/376
f 386/255/380 387/254/377 391/254/380
f 390/255/1198 386/255/380 391/254/380
f 387/255/1199 384/254/1200 388/254/1199
f 391/255/1201 387/255/1199 388/254/1199
f 393/258/381 394/257/381 392/256/381
f 394/257/382 395/259/382 392/256/382
f 395/259/383 396/260/383 392/256/383
f 396/260/1202 393/258/1202 392/256/1202
f 397/261/384 394/257/384 393/258/384
f 397/261/1203 395/259/1203 394/257/1203
f 397/261/1204 396/260/1204 395/259/1204
f 397/261/1205 393/258/1205 396/260/1205
f 399/264/385 400/263/385 398/262/385
f 400/263/385 401/265/385 398/262/385
f 401/265/385 402/266/385 398/262/385
f 402/266/385 399/264/385 398/262/385
f 408/269/390 407/268/390 411/267/390
f 409/270/390 408/269/390 411/267/390
f 410/271/390 409/270/390 411/267/390
f 407/268/390 410/271/390 411/267/390
f 413/243/391 414/242/391 412/241/391
f 414/242/392 415/245/392 412/244/392
f 415/245/393 416/247/393 412/246/393
f 416/247/1206 413/249/1206 412/248/1206
f 417/250/394 414/242/394 413/243/394
f 417/251/1207 415/245/1207 414/242/1207
f 417/252/1208 416/247/1208 415/245/1208
f 417/253/1209 413/249/1209 416/247/1209
f 426/255/403 427/254/404 420/254/397
f 427/254/1211 419/254/396 420/254/1210
f 427/254/1211 428/254/405 419/254/396
f 428/254/1213 418/255/395 419/254/1212
f 438/255/415 439/254/416 432/254/409
f 439/254/1215 431/254/408 432/254/1214
f 439/254/1215 440/254/417 431/254/408
f 440/254/1217 430/255/407 431/254/1216
f 418/255/395 422/255/399 423/254/400
f 419/254/1212 418/255/395 423/254/400
f 419/255/396 423/255/1218 424/254/401
f 420/254/1210 419/255/396 424/254/401
f 421/254/398 420/255/397 424/255/1219
f 425/254/402 421/254/398 424/255/1219
f 418/254/1222 421/255/1221 425/255/1220
f 422/254/1223 418/254/1222 425/255/1220
f 426/255/403 420/254/397 421/255/398
f 429/255/406 426/255/1224 421/255/1221
f 429/255/406 421/255/1221 418/255/1222
f 428/254/1213 429/255/1225 418/255/395
f 431/254/1216 430/255/407 434/255/411
f 435/254/412 431/254/1216 434/255/411
f 431/255/408 435/255/1226 436/254/413
f 432/254/1214 431/255/408 436/254/413
f 433/254/410 432/255/409 436/255/1227
f 437/254/414 433/254/410 436/255/1227
f 430/254/1230 433/255/1229 437/255/1228
f 434/254/1231 430/254/1230 437/255/1228
f 438/255/415 432/254/409 433/255/410
f 441/255/418 438/255/418 433/255/1229
f 440/254/1217 441/255/1232 433/255/1232
f 430/255/1230 440/254/1233 433/255/1229
f 403/274/386 404/273/387 400/272/1234
f 399/275/1235 403/274/386 400/272/1234
f 404/273/1237 405/277/388 401/276/1236
f 400/272/1238 404/273/1237 401/276/1236
f 406/279/389 402/278/1240 401/276/1239
f 405/277/1241 406/279/389 401/276/1239
f 403/274/1244 399/275/1243 402/278/1242
f 406/279/1245 403/274/1244 402/278/1242
f 407/281/1247 408/280/1246 404/273/387
f 403/274/386 407/281/1247 404/273/387
f 408/280/1249 409/282/1248 405/277/388
f 404/273/1237 408/280/1249 405/277/388
f 409/282/1251 410/283/1250 406/279/389
f 405/277/1241 409/282/1251 406/279/389
f 410/283/1253 407/281/1252 403/274/1244
f 406/279/1245 410/283/1253 403/274/1244
f 60/285/55 58/285/53 68/284/61
f 70/284/63 60/285/55 68/284/61
f 70/284/63 68/284/61 59/286/54
f 61/286/56 70/284/63 59/286/54
f 79/287/72 70/284/63 61/286/56
f 77/288/70 79/287/72 61/286/56
f 60/285/55 70/284/63 79/287/72
f 76/289/69 60/285/55 79/287/72
f 61/286/56 59/286/54 75/288/68
f 77/288/70 61/286/56 75/288/68
f 59/286/54 68/284/61 78/287/71
f 75/288/68 59/286/54 78/287/71
f 58/285/53 74/289/67 78/287/71
f 68/284/61 58/285/53 78/287/71
f 58/285/53 60/285/55 76/289/69
f 74/289/67 58/285/53 76/289/69
f 83/292/76 63/291/1098 71/290/64
f 85/293/78 83/292/76 71/290/64
f 77/288/70 83/292/76 85/293/78
f 79/287/72 77/288/70 85/293/78
f 85/293/78 71/290/64 62/294/1095
f 82/295/75 85/293/78 62/294/1095
f 76/289/1254 79/287/72 85/293/78
f 82/295/75 76/289/69 85/293/78
f 81/292/74 57/291/52 63/291/58
f 83/292/74 81/292/74 63/291/58
f 77/288/1255 75/288/68 81/292/74
f 83/292/74 77/288/1255 81/292/74
f 69/290/62 57/291/1091 81/292/1256
f 84/293/77 69/290/62 81/292/1256
f 75/288/1257 78/287/71 84/293/77
f 81/292/1256 75/288/1257 84/293/77
f 56/294/1094 69/290/62 84/293/77
f 80/295/73 56/294/1094 84/293/77
f 74/289/67 80/295/73 84/293/77
f 78/287/71 74/289/67 84/293/77
f 82/295/1258 62/294/57 56/294/51
f 80/295/1258 82/295/1258 56/294/51
f 74/289/1259 76/289/69 82/295/1258
f 80/295/1258 74/289/1259 82/295/1258
f 108/100/1118 118/115/1261 114/108/1260
f 94/83/1117 108/100/1118 114/108/1260
f 118/116/1261 107/97/1113 93/81/1114
f 114/107/1260 118/116/1261 93/81/1114
f 111/102/1122 119/117/1263 115/110/1262
f 97/86/1121 111/102/1122 115/110/1262
f 119/118/1263 110/101/1119 96/85/1120
f 115/109/1262 119/118/1263 96/85/1120
f 102/92/1106 116/111/1265 112/104/1264
f 88/75/1105 102/92/1106 112/104/1264
f 116/112/1265 101/88/1099 87/73/1100
f 112/103/1264 116/112/1265 87/73/1100
f 105/96/1112 117/113/1267 113/106/1266
f 91/79/1111 105/96/1112 113/106/1266
f 117/114/1267 104/93/1107 90/77/1108
f 113/105/1266 117/114/1267 90/77/1108
g item_damaged
f 450/298/427 445/297/422 442/296/419
f 447/299/424 450/298/427 442/296/419
f 449/299/426 444/296/421 446/297/423
f 451/298/428 449/299/426 446/297/423
f 447/299/1268 442/296/1269 444/296/1268
f 449/299/1270 447/299/1268 444/296/1268
f 451/298/428 446/297/423 443/300/420
f 448/301/425 451/298/428 443/300/420
f 448/301/1272 443/300/1271 445/297/422
f 450/298/427 448/301/1272 445/297/422
f 456/304/433 453/303/430 458/302/435
f 453/303/1274 455/305/432 458/302/1273
f 452/307/429 454/307/431 457/306/434
f 452/307/1276 457/306/1275 458/302/1273
f 455/305/432 452/307/1276 458/302/1273
f 454/307/1277 456/304/433 458/302/435
f 457/306/1278 454/307/1277 458/302/435
f 455/305/432 462/309/439 459/308/436
f 452/310/1276 455/305/432 459/308/436
f 456/304/433 454/310/1277 461/308/438
f 463/309/440 456/304/433 461/308/438
f 454/310/431 452/310/429 459/308/1279
f 461/308/1280 454/310/431 459/308/1279
f 456/304/433 463/309/440 460/311/437
f 453/303/430 456/304/433 460/311/437
f 455/305/432 453/303/1274 460/311/1281
f 462/309/439 455/305/432 460/311/1281
f 493/314/470 491/313/468 494/312/471
f 497/315/474 493/314/470 494/312/471
f 492/314/469 490/317/467 498/316/475
f 495/315/472 492/314/469 498/316/475
f 490/317/1282 493/314/470 497/315/474
f 498/316/1283 490/317/1282 497/315/474
f 489/313/466 492/314/469 495/315/472
f 496/312/473 489/313/466 495/315/472
f 491/313/1284 489/313/1285 496/312/1284
f 494/312/1286 491/313/1284 496/312/1284
f 471/299/448 473/298/450 476/318/453
f 478/319/455 471/299/448 476/318/453
f 473/298/450 470/301/447 475/320/452
f 476/318/453 473/298/450 475/320/452
f 470/301/1287 472/298/449 477/318/454
f 475/320/1288 470/301/1287 477/318/454
f 472/298/449 469/299/446 474/319/451
f 477/318/454 472/298/449 474/319/451
f 469/299/1289 471/299/1290 478/319/1289
f 474/319/1291 469/299/1289 478/319/1289
f 459/308/436 462/309/439 465/321/442
f 466/322/443 459/308/436 465/321/442
f 463/309/440 461/308/438 464/322/441
f 467/321/444 463/309/440 464/322/441
f 461/308/1280 459/308/1279 466/322/1292
f 464/322/1292 461/308/1280 466/322/1292
f 460/311/437 463/309/440 467/321/444
f 468/323/445 460/311/437 467/321/444
f 462/309/439 460/311/1281 468/323/1293
f 465/321/442 462/309/439 468/323/1293
f 481/313/458 483/314/460 487/321/464
f 484/322/461 481/313/458 487/321/464
f 483/314/460 480/317/457 488/323/465
f 487/321/464 483/314/460 488/323/465
f 480/317/1294 482/314/459 485/321/462
f 488/323/1295 480/317/1294 485/321/462
f 482/314/459 479/313/456 486/322/463
f 485/321/462 482/314/459 486/322/463
f 479/313/1296 481/313/1297 484/322/1296
f 486/322/1298 479/313/1296 484/322/1296
f 505/320/482 500/325/477 501/324/478
f 506/318/483 505/320/482 501/324/478
f 507/318/484 502/324/479 500/325/1299
f 505/320/1300 507/318/484 500/325/1299
f 504/319/481 499/326/476 502/324/479
f 507/318/484 504/319/481 502/324/479
f 506/318/483 501/324/478 503/326/480
f 508/319/485 506/318/483 503/326/480
f 499/326/1301 504/319/1302 508/319/1301
f 503/326/1303 499/326/1301 508/319/1301
f 513/316/490 515/325/492 517/324/494
f 510/315/487 513/316/490 517/324/494
f 512/315/489 516/324/493 515/325/1304
f 513/316/1305 512/315/489 515/325/1304
f 509/312/486 518/326/495 516/324/493
f 512/315/489 509/312/486 516/324/493
f 510/315/487 517/324/494 514/326/491
f 511/312/488 510/315/487 514/326/491
f 518/326/1306 509/312/1307 511/312/1306
f 514/326/1308 518/326/1306 511/312/1306
f 515/325/1304 513/316/1305 512/315/489
f 516/324/493 515/325/1304 512/315/489
f 520/24/497 519/23/496 523/22/500
f 524/25/501 520/24/497 523/22/500
f 522/26/499 520/24/497 524/25/501
f 526/27/503 522/26/499 524/25/501
f 521/28/498 522/26/499 526/27/503
f 525/29/502 521/28/498 526/27/503
f 519/23/496 521/28/498 525/29/502
f 523/22/500 519/23/496 525/29/502
f 525/329/502 526/328/503 524/327/501
f 523/330/500 525/329/502 524/327/501
f 531/36/508 527/35/504 528/34/505
f 532/37/509 531/36/508 528/34/505
f 532/37/509 528/34/505 530/38/507
f 534/39/511 532/37/509 530/38/507
f 534/39/511 530/38/507 529/40/506
f 533/41/510 534/39/511 529/40/506
f 533/41/510 529/40/506 527/35/504
f 531/36/508 533/41/510 527/35/504
f 532/331/509 534/328/511 533/327/510
f 531/330/508 532/331/509 533/327/510
f 535/45/512 537/44/512 541/43/512
f 539/46/512 535/45/512 541/43/512
f 538/49/513 536/48/513 540/47/513
f 542/50/513 538/49/513 540/47/513
f 536/48/1309 543/52/514 545/51/516
f 540/47/1310 536/48/1309 545/51/516
f 543/52/514 535/45/1312 539/46/1311
f 545/51/516 543/52/514 539/46/1311
f 537/44/1313 544/54/515 546/53/517
f 541/43/1314 537/44/1313 546/53/517
f 544/54/515 538/49/1316 542/50/1315
f 546/53/517 544/54/515 542/50/1315
f 542/50/1319 540/47/1318 545/51/1317
f 539/46/1320 542/50/1319 545/51/1317
f 546/53/1321 542/50/1319 539/46/1320
f 541/43/1322 546/53/1321 539/46/1320
f 547/57/518 553/56/518 557/55/527
f 555/58/525 547/57/518 557/55/527
f 554/61/524 548/60/519 556/59/526
f 558/62/528 554/61/524 556/59/526
f 548/60/1323 560/64/530 563/63/533
f 556/59/1324 548/60/1323 563/63/533
f 560/64/530 547/66/1326 555/65/1325
f 563/63/533 560/64/530 555/65/1325
f 553/56/1327 562/68/532 564/67/534
f 557/55/1328 553/56/1327 564/67/534
f 562/68/532 554/70/1330 558/69/1329
f 564/67/534 562/68/532 558/69/1329
f 578/73/548 577/72/547 589/71/559
f 580/76/550 579/75/549 589/74/559
f 581/77/551 580/76/550 589/74/559
f 583/80/553 582/79/552 589/78/559
f 584/81/554 583/80/553 589/78/559
f 586/84/556 585/83/555 589/82/559
f 587/85/557 586/84/556 589/82/559
f 577/72/547 588/86/558 589/71/559
f 591/89/561 592/88/562 590/87/560
f 593/92/563 594/91/564 590/90/560
f 594/91/564 595/93/565 590/90/560
f 596/96/566 597/95/561 590/94/560
f 597/95/561 598/97/567 590/94/560
f 599/100/568 600/99/569 590/98/560
f 600/99/569 601/101/570 590/98/560
f 602/102/571 591/89/561 590/87/560
f 577/72/1333 578/73/1332 592/88/1331
f 591/89/1334 577/72/1333 592/88/1331
f 579/75/1337 580/76/1336 594/91/1335
f 593/92/1338 579/75/1337 594/91/1335
f 580/76/1336 581/77/1340 595/93/1339
f 594/91/1335 580/76/1336 595/93/1339
f 582/79/1343 583/80/1342 597/95/1341
f 596/96/1344 582/79/1343 597/95/1341
f 583/80/1342 584/81/1346 598/97/1345
f 597/95/1341 583/80/1342 598/97/1345
f 585/83/1349 586/84/1348 600/99/1347
f 599/100/1350 585/83/1349 600/99/1347
f 586/84/1348 587/85/1352 601/101/1351
f 600/99/1347 586/84/1348 601/101/1351
f 588/86/1353 577/72/1333 591/89/1334
f 602/102/1354 588/86/1353 591/89/1334
f 589/71/559 603/103/572 578/73/548
f 589/74/559 579/75/549 603/104/572
f 589/74/559 604/105/573 581/77/551
f 589/78/559 582/79/552 604/106/573
f 589/78/559 605/107/574 584/81/554
f 589/82/559 585/83/555 605/108/574
f 589/82/559 606/109/575 587/85/557
f 589/71/559 588/86/558 606/110/575
f 590/90/560 607/111/576 593/92/563
f 590/87/560 592/88/562 607/112/576
f 590/94/560 608/113/577 596/96/566
f 590/90/560 595/93/565 608/114/577
f 590/98/560 609/115/578 599/100/568
f 590/94/560 598/97/567 609/116/578
f 590/87/560 610/117/579 602/102/571
f 590/98/560 601/101/570 610/118/579
f 551/285/522 549/285/520 559/284/529
f 561/284/531 551/285/522 559/284/529
f 561/284/531 559/284/529 550/286/521
f 552/286/523 561/284/531 550/286/521
f 570/287/540 561/284/531 552/286/523
f 568/288/538 570/287/540 552/286/523
f 551/285/522 561/284/531 570/287/540
f 567/289/537 551/285/522 570/287/540
f 552/286/523 550/286/521 566/288/536
f 568/288/1355 552/286/523 566/288/536
f 550/286/521 559/284/529 569/287/539
f 566/288/1356 550/286/521 569/287/539
f 549/285/1357 565/289/535 569/287/539
f 559/284/529 549/285/520 569/287/539
f 549/285/520 551/285/522 567/289/1358
f 565/289/1359 549/285/520 567/289/1358
f 574/292/544 554/291/1330 562/290/532
f 576/293/546 574/292/544 562/290/532
f 568/288/538 574/292/544 576/293/546
f 570/287/540 568/288/538 576/293/546
f 562/290/532 553/294/1327 573/295/543
f 576/293/546 562/290/532 573/295/543
f 567/289/537 570/287/540 576/293/546
f 573/295/543 567/289/537 576/293/546
f 572/292/542 548/291/519 554/291/524
f 574/292/542 572/292/542 554/291/524
f 568/288/1355 566/288/536 572/292/542
f 574/292/542 568/288/1355 572/292/542
f 560/290/530 548/291/1323 572/292/1360
f 575/293/545 560/290/530 572/292/1360
f 566/288/1356 569/287/539 575/293/545
f 572/292/1360 566/288/1356 575/293/545
f 571/295/541 547/294/1326 560/290/530
f 575/293/545 571/295/541 560/290/530
f 565/289/535 571/295/541 575/293/545
f 569/287/539 565/289/535 575/293/545
f 573/295/1361 553/294/518 547/294/518
f 571/295/1362 573/295/1361 547/294/518
f 565/289/1359 567/289/1358 573/295/1361
f 571/295/1362 565/289/1359 573/295/1361
f 599/100/1350 609/115/1364 605/108/1363
f 585/83/1349 599/100/1350 605/108/1363
f 609/116/1364 598/97/1345 584/81/1346
f 605/107/1363 609/116/1364 584/81/1346
f 602/102/1354 610/117/1366 606/110/1365
f 588/86/1353 602/102/1354 606/110/1365
f 610/118/1366 601/101/1351 587/85/1352
f 606/109/1365 610/118/1366 587/85/1352
f 593/92/1338 607/111/1368 603/104/1367
f 579/75/1337 593/92/1338 603/104/1367
f 607/112/1368 592/88/1331 578/73/1332
f 603/103/1367 607/112/1368 578/73/1332
f 608/113/1370 604/106/1369 582/79/1343
f 596/96/1344 608/113/1370 582/79/1343
f 608/114/1370 595/93/1339 581/77/1340
f 604/105/1369 608/114/1370 581/77/1340
g item_bladens
f 620/3/10 617/2/7 622/1/12
f 617/2/1061 619/4/9 622/1/1060
f 616/6/6 618/6/8 621/5/11
f 616/6/1063 621/5/1062 622/1/1060
f 619/4/9 616/6/1063 622/1/1060
f 618/6/1064 620/3/10 622/1/12
f 621/5/1065 618/6/1064 622/1/12
f 619/4/9 626/8/16 623/7/13
f 627/8/17 620/3/10 625/9/15
f 618/11/8 616/10/6 623/7/1066
f 625/9/1067 618/11/8 623/7/1066
f 620/3/10 627/8/17 624/12/14
f 617/2/7 620/3/10 624/12/14
f 619/4/9 617/2/1061 624/12/1068
f 626/8/16 619/4/9 624/12/1068
f 623/7/13 626/8/16 631/13/21
f 628/14/18 623/7/13 631/13/21
f 627/8/17 625/9/15 630/14/20
f 632/13/22 627/8/17 630/14/20
f 625/9/1067 623/7/1066 628/14/1069
f 630/14/1070 625/9/1067 628/14/1069
f 624/12/14 627/8/17 632/13/22
f 629/15/19 624/12/14 632/13/22
f 626/8/16 624/12/1068 629/15/1071
f 631/13/21 626/8/16 629/15/1071
f 636/18/26 614/17/4 611/16/1
f 633/19/23 636/18/26 611/16/1
f 628/14/18 631/13/21 636/18/26
f 633/19/23 628/14/18 636/18/26
f 635/19/25 613/16/3 615/17/5
f 637/18/27 635/19/25 615/17/5
f 632/13/22 630/14/20 635/19/25
f 637/18/27 632/13/22 635/19/25
f 633/19/1073 611/16/1072 613/16/1072
f 635/19/1074 633/19/1073 613/16/1072
f 630/14/1070 628/14/1069 633/19/1073
f 635/19/1074 630/14/1070 633/19/1073
f 637/18/27 615/17/5 612/20/2
f 634/21/24 637/18/27 612/20/2
f 629/15/19 632/13/22 637/18/27
f 634/21/24 629/15/19 637/18/27
f 634/21/1076 612/20/1075 614/17/4
f 636/18/26 634/21/1076 614/17/4
f 631/13/21 629/15/1071 634/21/1076
f 636/18/26 631/13/21 634/21/1076
f 639/24/29 638/23/28 642/22/32
f 643/25/33 639/24/29 642/22/32
f 641/26/31 639/24/29 643/25/33
f 645/27/35 641/26/31 643/25/33
f 640/28/30 641/26/31 645/27/35
f 644/29/34 640/28/30 645/27/35
f 638/23/28 640/28/30 644/29/34
f 642/22/32 638/23/28 644/29/34
f 644/329/34 645/328/35 643/327/33
f 642/330/32 644/329/34 643/327/33
f 650/36/40 646/35/36 647/34/37
f 651/37/41 650/36/40 647/34/37
f 651/37/41 647/34/37 649/38/39
f 653/39/43 651/37/41 649/38/39
f 653/39/43 649/38/39 648/40/38
f 652/41/42 653/39/43 648/40/38
f 652/41/42 648/40/38 646/35/36
f 650/36/40 652/41/42 646/35/36
f 651/331/41 653/328/43 652/327/42
f 650/330/40 651/331/41 652/327/42
f 654/45/44 656/44/44 660/43/44
f 658/46/44 654/45/44 660/43/44
f 657/49/46 655/48/45 659/47/46
f 661/50/45 657/49/46 659/47/46
f 655/48/1077 662/52/47 664/51/49
f 659/47/1078 655/48/1077 664/51/49
f 662/52/47 654/45/1080 658/46/1079
f 664/51/49 662/52/47 658/46/1079
f 656/44/1081 663/54/48 665/53/50
f 660/43/1082 656/44/1081 665/53/50
f 663/54/48 657/49/1084 661/50/1083
f 665/53/50 663/54/48 661/50/1083
f 661/50/1087 659/47/1086 664/51/1085
f 658/46/1088 661/50/1087 664/51/1085
f 665/53/1089 661/50/1087 658/46/1088
f 660/43/1090 665/53/1089 658/46/1088
f 666/57/51 672/56/57 676/55/59
f 674/58/59 666/57/51 676/55/59
f 673/61/58 667/60/52 675/59/60
f 677/62/60 673/61/58 675/59/60
f 667/60/1091 679/64/62 682/63/65
f 675/59/1092 667/60/1091 682/63/65
f 679/64/62 666/66/1094 674/65/1093
f 682/63/65 679/64/62 674/65/1093
f 672/56/1095 681/68/64 683/67/66
f 676/55/1096 672/56/1095 683/67/66
f 681/68/64 673/70/1098 677/69/1097
f 683/67/66 681/68/64 677/69/1097
f 697/73/80 696/72/79 708/71/91
f 699/76/82 698/75/81 708/74/91
f 700/77/83 699/76/82 708/74/91
f 702/80/85 701/79/84 708/78/91
f 703/81/86 702/80/85 708/78/91
f 705/84/88 704/83/87 708/82/91
f 706/85/89 705/84/88 708/82/91
f 696/72/79 707/86/90 708/71/91
f 710/89/93 711/88/94 709/87/92
f 712/92/95 713/91/96 709/90/92
f 713/91/96 714/93/97 709/90/92
f 715/96/98 716/95/93 709/94/92
f 716/95/93 717/97/99 709/94/92
f 718/100/100 719/99/101 709/98/92
f 719/99/101 720/101/102 709/98/92
f 721/102/103 710/89/93 709/87/92
f 696/72/1101 697/73/1100 711/88/1099
f 710/89/1102 696/72/1101 711/88/1099
f 698/75/1105 699/76/1104 713/91/1103
f 712/92/1106 698/75/1105 713/91/1103
f 699/76/1104 700/77/1108 714/93/1107
f 713/91/1103 699/76/1104 714/93/1107
f 701/79/1111 702/80/1110 716/95/1109
f 715/96/1112 701/79/1111 716/95/1109
f 702/80/1110 703/81/1114 717/97/1113
f 716/95/1109 702/80/1110 717/97/1113
f 704/83/1117 705/84/1116 719/99/1115
f 718/100/1118 704/83/1117 719/99/1115
f 705/84/1116 706/85/1120 720/101/1119
f 719/99/1115 705/84/1116 720/101/1119
f 707/86/1121 696/72/1101 710/89/1102
f 721/102/1122 707/86/1121 710/89/1102
f 708/71/91 722/103/104 697/73/80
f 708/74/91 698/75/81 722/104/104
f 708/74/91 723/105/105 700/77/83
f 708/78/91 701/79/84 723/106/105
f 708/78/91 724/107/106 703/81/86
f 708/82/91 704/83/87 724/108/106
f 708/82/91 725/109/107 706/85/89
f 708/71/91 707/86/90 725/110/107
f 709/90/92 726/111/108 712/92/95
f 709/87/92 711/88/94 726/112/108
f 709/94/92 727/113/109 715/96/98
f 709/90/92 714/93/97 727/114/109
f 709/98/92 728/115/110 718/100/100
f 709/94/92 717/97/99 728/116/110
f 709/87/92 729/117/111 721/102/103
f 709/98/92 720/101/102 729/118/111
f 625/9/15 620/3/10 618/11/1064
f 623/7/13 616/10/1063 619/4/9
f 670/285/55 668/285/53 678/284/61
f 680/284/63 670/285/55 678/284/61
f 680/284/63 678/284/61 669/286/54
f 671/286/56 680/284/63 669/286/54
f 689/287/72 680/284/63 671/286/56
f 687/288/70 689/287/72 671/286/56
f 670/285/55 680/284/63 689/287/72
f 686/289/69 670/285/55 689/287/72
f 671/286/56 669/286/54 685/288/68
f 687/288/70 671/286/56 685/288/68
f 669/286/54 678/284/61 688/287/71
f 685/288/68 669/286/54 688/287/71
f 668/285/53 684/289/67 688/287/71
f 678/284/61 668/285/53 688/287/71
f 668/285/53 670/285/55 686/289/69
f 684/289/67 668/285/53 686/289/69
f 693/292/76 673/291/1098 681/290/64
f 695/293/78 693/292/76 681/290/64
f 687/288/70 693/292/76 695/293/78
f 689/287/72 687/288/70 695/293/78
f 695/293/78 681/290/64 672/294/1095
f 692/295/75 695/293/78 672/294/1095
f 686/289/1254 689/287/72 695/293/78
f 692/295/75 686/289/69 695/293/78
f 691/292/74 667/291/52 673/291/58
f 693/292/74 691/292/74 673/291/58
f 687/288/1255 685/288/68 691/292/74
f 693/292/74 687/288/1255 691/292/74
f 679/290/62 667/291/1091 691/292/1256
f 694/293/77 679/290/62 691/292/1256
f 685/288/1257 688/287/71 694/293/77
f 691/292/1256 685/288/1257 694/293/77
f 666/294/1094 679/290/62 694/293/77
f 690/295/73 666/294/1094 694/293/77
f 684/289/67 690/295/73 694/293/77
f 688/287/71 684/289/67 694/293/77
f 692/295/1258 672/294/57 666/294/51
f 690/295/1258 692/295/1258 666/294/51
f 684/289/1259 686/289/69 692/295/1258
f 690/295/1258 684/289/1259 692/295/1258
f 718/100/1118 728/115/1261 724/108/1260
f 704/83/1117 718/100/1118 724/108/1260
f 728/116/1261 717/97/1113 703/81/1114
f 724/107/1260 728/116/1261 703/81/1114
f 721/102/1122 729/117/1263 725/110/1262
f 707/86/1121 721/102/1122 725/110/1262
f 729/118/1263 720/101/1119 706/85/1120
f 725/109/1262 729/118/1263 706/85/1120
f 712/92/1106 726/111/1265 722/104/1264
f 698/75/1105 712/92/1106 722/104/1264
f 726/112/1265 711/88/1099 697/73/1100
f 722/103/1264 726/112/1265 697/73/1100
f 715/96/1112 727/113/1267 723/106/1266
f 701/79/1111 715/96/1112 723/106/1266
f 727/114/1267 714/93/1107 700/77/1108
f 723/105/1266 727/114/1267 700/77/1108
g sheath
f 754/121/598 730/120/385 751/119/595
f 795/122/631 754/121/598 751/119/595
f 751/119/595 730/120/385 752/123/596
f 797/124/633 751/119/595 752/123/596
f 752/123/596 730/120/385 753/125/597
f 798/126/634 752/123/596 753/125/597
f 753/125/597 730/120/385 754/121/598
f 796/127/632 753/125/597 754/121/598
f 752/123/596 731/129/580 755/128/599
f 797/124/633 752/123/596 755/128/599
f 755/128/599 731/129/580 756/123/600
f 799/124/635 755/128/599 756/123/600
f 756/123/600 731/129/580 757/130/601
f 800/126/636 756/123/600 757/130/601
f 757/130/601 731/129/580 752/123/596
f 798/126/634 757/130/601 752/123/596
f 756/123/600 732/120/390 758/119/602
f 799/124/635 756/123/600 758/119/602
f 758/119/602 732/120/390 759/121/603
f 801/122/637 758/119/602 759/121/603
f 759/121/603 732/120/390 760/125/604
f 802/127/638 759/121/603 760/125/604
f 760/125/604 732/120/390 756/123/600
f 800/126/636 760/125/604 756/123/600
f 759/121/603 733/132/581 761/131/605
f 801/122/637 759/121/603 761/131/605
f 761/131/605 733/132/581 754/121/598
f 795/122/631 761/131/605 754/121/598
f 754/121/598 733/132/581 762/133/606
f 796/127/632 754/121/598 762/133/606
f 762/133/606 733/132/581 759/121/603
f 802/127/638 762/133/606 759/121/603
f 765/136/609 734/135/582 763/134/607
f 804/137/640 765/136/609 763/134/607
f 763/134/607 734/135/582 764/138/608
f 803/139/639 763/134/607 764/138/608
f 764/138/608 734/135/582 753/125/597
f 796/127/632 764/138/608 753/125/597
f 753/125/597 734/135/582 765/136/609
f 798/126/634 753/125/597 765/136/609
f 767/136/611 735/141/583 766/140/610
f 805/137/641 767/136/611 766/140/610
f 766/140/610 735/141/583 765/136/609
f 804/137/640 766/140/610 765/136/609
f 765/136/609 735/141/583 757/130/601
f 798/126/634 765/136/609 757/130/601
f 757/130/601 735/141/583 767/136/611
f 800/126/636 757/130/601 767/136/611
f 769/138/613 736/135/584 768/134/612
f 806/139/642 769/138/613 768/134/612
f 768/134/612 736/135/584 767/136/611
f 805/137/641 768/134/612 767/136/611
f 736/135/584 760/125/604 800/126/636
f 767/136/611 736/135/584 800/126/636
f 760/125/604 736/135/584 769/138/613
f 802/127/638 760/125/604 769/138/613
f 764/138/608 737/143/585 770/142/614
f 803/139/639 764/138/608 770/142/614
f 770/142/614 737/143/585 769/138/613
f 806/139/642 770/142/614 769/138/613
f 769/138/613 737/143/585 762/133/606
f 802/127/638 769/138/613 762/133/606
f 762/133/606 737/143/585 764/138/608
f 796/127/632 762/133/606 764/138/608
f 777/146/621 738/145/586 775/144/619
f 811/147/647 777/146/621 775/144/619
f 775/144/619 738/145/586 763/134/607
f 803/139/639 775/144/619 763/134/607
f 763/134/607 738/145/586 776/148/620
f 804/137/640 763/134/607 776/148/620
f 776/148/620 738/145/586 777/146/621
f 812/149/648 776/148/620 777/146/621
f 779/151/623 739/150/587 777/146/621
f 811/147/647 779/151/623 777/146/621
f 777/146/621 739/150/587 778/152/622
f 812/149/648 777/146/621 778/152/622
f 778/152/622 739/150/587 771/153/615
f 808/154/644 778/152/622 771/153/615
f 739/150/587 779/151/623 807/155/643
f 771/153/615 739/150/587 807/155/643
f 781/157/625 740/156/588 776/148/620
f 812/149/648 781/157/625 776/148/620
f 776/148/620 740/156/588 766/140/610
f 804/137/640 776/148/620 766/140/610
f 766/140/610 740/156/588 780/148/624
f 805/137/641 766/140/610 780/148/624
f 780/148/624 740/156/588 781/157/625
f 813/149/649 780/148/624 781/157/625
f 778/152/622 741/158/589 781/157/625
f 812/149/648 778/152/622 781/157/625
f 781/157/625 741/158/589 782/152/626
f 813/149/649 781/157/625 782/152/626
f 782/152/626 741/158/589 772/159/616
f 809/154/645 782/152/626 772/159/616
f 772/159/616 741/158/589 778/152/622
f 808/154/644 772/159/616 778/152/622
f 784/146/628 742/145/590 780/148/624
f 813/149/649 784/146/628 780/148/624
f 780/148/624 742/145/590 768/134/612
f 805/137/641 780/148/624 768/134/612
f 768/134/612 742/145/590 783/144/627
f 806/139/642 768/134/612 783/144/627
f 783/144/627 742/145/590 784/146/628
f 814/147/650 783/144/627 784/146/628
f 782/152/626 743/150/591 784/146/628
f 813/149/649 782/152/626 784/146/628
f 784/146/628 743/150/591 785/151/629
f 814/147/650 784/146/628 785/151/629
f 785/151/629 743/150/591 773/153/617
f 810/155/646 785/151/629 773/153/617
f 773/153/617 743/150/591 782/152/626
f 809/154/645 773/153/617 782/152/626
f 786/161/630 744/160/592 783/144/627
f 814/147/650 786/161/630 783/144/627
f 783/144/627 744/160/592 770/142/614
f 806/139/642 783/144/627 770/142/614
f 770/142/614 744/160/592 775/144/619
f 803/139/639 770/142/614 775/144/619
f 775/144/619 744/160/592 786/161/630
f 811/147/647 775/144/619 786/161/630
f 785/151/629 745/162/593 786/161/630
f 814/147/650 785/151/629 786/161/630
f 786/161/630 745/162/593 779/151/623
f 811/147/647 786/161/630 779/151/623
f 779/151/623 745/162/593 774/163/618
f 807/155/643 779/151/623 774/163/618
f 774/163/618 745/162/593 785/151/629
f 810/155/646 774/163/618 785/151/629
f 746/165/594 787/165/594 817/164/594
f 789/166/594 746/165/594 817/164/594
f 746/165/594 788/167/594 818/165/594
f 787/165/594 746/165/594 818/165/594
f 788/167/1371 746/165/390 758/119/602
f 801/122/637 788/167/1371 758/119/602
f 758/119/602 746/165/390 789/166/1372
f 799/124/635 758/119/602 789/166/1372
f 791/166/594 747/168/594 790/166/594
f 816/164/594 791/166/594 790/166/594
f 790/166/594 747/168/594 789/166/594
f 817/164/594 790/166/594 789/166/594
f 789/166/1372 747/168/1373 755/128/599
f 799/124/635 789/166/1372 755/128/599
f 755/128/599 747/168/1373 791/166/1374
f 797/124/633 755/128/599 791/166/1374
f 748/165/594 792/165/594 815/165/594
f 793/167/594 748/165/594 815/165/594
f 748/165/594 791/166/594 816/164/594
f 792/165/594 748/165/594 816/164/594
f 791/166/1374 748/165/385 751/119/595
f 797/124/633 791/166/1374 751/119/595
f 751/119/595 748/165/385 793/167/1375
f 795/122/631 751/119/595 793/167/1375
f 788/167/594 749/169/594 794/167/594
f 818/165/594 788/167/594 794/167/594
f 794/167/594 749/169/594 793/167/594
f 815/165/594 794/167/594 793/167/594
f 793/167/1375 749/169/1376 761/131/605
f 795/122/631 793/167/1375 761/131/605
f 761/131/605 749/169/1376 788/167/1371
f 801/122/637 761/131/605 788/167/1371
f 750/172/594 787/171/594 818/170/594
f 794/173/594 750/172/594 818/170/594
f 750/172/594 790/175/594 817/174/594
f 787/171/594 750/172/594 817/174/594
f 750/172/594 792/171/594 816/174/594
f 790/175/594 750/172/594 816/174/594
f 750/172/594 794/173/594 815/170/594
f 792/171/594 750/172/594 815/170/594
f 825/178/657 819/177/651 823/176/655
f 824/179/656 819/177/651 825/178/657
f 828/180/660 824/179/656 825/178/657
f 821/183/653 827/182/659 829/181/661
f 837/185/669 824/179/656 835/184/667
f 835/184/667 824/179/656 828/180/660
f 836/186/668 835/184/667 828/180/660
f 832/189/664 830/188/662 839/187/671
f 831/190/663 832/189/664 839/187/671
f 831/190/663 839/187/671 840/191/672
f 830/188/662 837/185/669 839/187/671
f 837/185/669 835/184/667 840/191/1377
f 839/187/671 837/185/669 840/191/1377
f 835/184/667 836/186/668 840/192/1377
f 833/195/665 834/194/666 841/193/673
f 836/186/668 841/193/1378 840/192/1377
f 840/192/672 841/193/673 834/194/666
f 831/196/663 840/192/672 834/194/666
f 833/195/665 841/193/673 843/197/675
f 841/193/673 842/198/674 843/197/675
f 841/193/1378 836/186/668 838/199/670
f 842/198/674 841/193/673 838/199/670
f 825/178/657 846/201/678 820/200/652
f 829/181/661 847/202/679 821/183/653
f 823/176/655 821/183/653 847/202/679
f 823/176/655 847/202/679 845/203/677
f 848/204/680 829/181/661 827/182/659
f 822/182/654 848/204/680 827/182/659
f 846/201/678 825/178/657 844/205/676
f 852/181/684 849/207/681 851/206/683
f 854/181/686 852/181/684 851/206/683
f 851/206/683 849/207/681 850/208/682
f 853/209/685 851/206/683 850/208/682
f 856/203/688 853/209/685 855/205/687
f 850/208/682 855/205/687 853/209/685
f 854/181/686 851/206/683 858/202/690
f 851/206/683 853/209/685 856/203/688
f 858/202/690 851/206/683 856/203/688
f 854/181/686 859/204/691 852/181/684
f 850/208/682 857/201/689 855/205/687
f 838/199/1380 836/186/1379 828/180/660
f 826/210/658 838/199/1380 828/180/660
f 819/177/651 861/178/693 823/176/655
f 819/177/651 824/179/656 861/178/693
f 824/179/656 863/180/695 861/178/693
f 860/200/692 861/178/693 862/210/694
f 861/178/693 863/180/695 862/210/694
f 827/182/659 821/183/653 864/181/696
f 824/179/656 837/185/669 869/184/701
f 824/179/656 869/184/701 863/180/695
f 869/184/701 870/186/702 863/180/695
f 830/188/662 866/189/698 872/187/704
f 866/189/698 865/190/697 872/187/704
f 872/187/704 865/190/697 873/191/705
f 837/185/669 830/188/662 872/187/704
f 869/184/701 837/185/669 873/191/1381
f 837/185/669 872/187/704 873/191/1381
f 870/186/702 869/184/701 873/192/1381
f 868/194/700 867/195/699 874/193/706
f 874/193/1382 870/186/702 873/192/1381
f 874/193/706 873/192/705 868/194/700
f 873/192/705 865/196/697 868/194/700
f 874/193/706 867/195/699 876/197/708
f 875/198/707 874/193/706 876/197/708
f 870/186/702 874/193/1382 871/199/703
f 874/193/706 875/198/707 871/199/703
f 879/201/711 861/178/693 860/200/692
f 880/202/712 864/181/696 821/183/653
f 821/183/653 823/176/655 880/202/712
f 880/202/712 823/176/655 878/203/710
f 864/181/696 881/204/713 827/182/659
f 881/204/713 822/182/654 827/182/659
f 861/178/693 879/201/711 877/205/709
f 882/207/714 885/181/717 884/206/716
f 885/181/717 887/181/719 884/206/716
f 882/207/714 884/206/716 883/208/715
f 884/206/716 886/209/718 883/208/715
f 886/209/718 889/203/721 888/205/720
f 888/205/720 883/208/715 886/209/718
f 884/206/716 887/181/719 891/202/723
f 886/209/718 884/206/716 889/203/721
f 884/206/716 891/202/723 889/203/721
f 892/204/724 887/181/719 885/181/717
f 890/201/722 883/208/715 888/205/720
f 870/186/1384 871/199/1383 863/180/695
f 871/199/1383 862/210/694 863/180/695
f 893/177/725 897/178/729 895/176/727
f 893/177/725 896/179/728 897/178/729
f 896/179/728 899/180/731 897/178/729
f 898/182/730 894/183/726 900/181/732
f 896/179/728 907/185/739 905/184/737
f 896/179/728 905/184/737 899/180/731
f 905/184/737 906/186/738 899/180/731
f 901/188/733 903/189/735 908/187/740
f 903/189/735 902/190/734 908/187/740
f 908/187/740 902/190/734 909/191/741
f 907/185/739 901/188/733 908/187/740
f 905/184/737 907/185/739 909/191/1385
f 907/185/739 908/187/740 909/191/1385
f 906/186/738 905/184/737 909/192/1385
f 904/194/736 833/195/665 910/193/742
f 910/193/1386 906/186/738 909/192/1385
f 910/193/742 909/192/741 904/194/736
f 909/192/741 902/196/734 904/194/736
f 910/193/742 833/195/665 843/197/1387
f 842/198/1388 910/193/742 843/197/1387
f 906/186/738 910/193/1386 838/199/1389
f 910/193/742 842/198/1388 838/199/1389
f 846/201/678 897/178/729 820/200/652
f 913/202/745 900/181/732 894/183/726
f 894/183/726 895/176/727 913/202/745
f 913/202/745 895/176/727 912/203/744
f 900/181/732 848/204/680 898/182/730
f 848/204/680 822/182/654 898/182/730
f 897/178/729 846/201/678 911/205/743
f 849/207/681 852/181/684 914/206/746
f 852/181/684 916/181/748 914/206/746
f 849/207/1391 914/206/746 850/208/1390
f 914/206/746 915/209/747 850/208/1390
f 915/209/747 918/203/750 917/205/749
f 917/205/749 850/208/1390 915/209/747
f 914/206/746 916/181/748 919/202/751
f 915/209/747 914/206/746 918/203/750
f 914/206/746 919/202/751 918/203/750
f 859/204/691 916/181/748 852/181/684
f 857/201/1392 850/208/1390 917/205/749
f 906/186/1393 838/199/1380 899/180/731
f 838/199/1380 826/210/1394 899/180/731
f 920/178/752 893/177/725 895/176/727
f 896/179/728 893/177/725 920/178/752
f 921/180/753 896/179/728 920/178/752
f 920/178/752 860/200/1396 862/210/1395
f 921/180/753 920/178/752 862/210/1395
f 894/183/726 898/182/730 922/181/754
f 907/185/739 896/179/728 926/184/758
f 926/184/758 896/179/728 921/180/753
f 927/186/759 926/184/758 921/180/753
f 924/189/756 901/188/733 928/187/760
f 923/190/755 924/189/756 928/187/760
f 923/190/755 928/187/760 929/191/761
f 901/188/733 907/185/739 928/187/760
f 907/185/739 926/184/758 929/191/1397
f 928/187/760 907/185/739 929/191/1397
f 926/184/758 927/186/759 929/192/1397
f 867/195/699 925/194/757 930/193/762
f 927/186/759 930/193/1398 929/192/1397
f 929/192/761 930/193/762 925/194/757
f 923/196/755 929/192/761 925/194/757
f 867/195/699 930/193/762 876/197/1399
f 930/193/762 875/198/1400 876/197/1399
f 930/193/1398 927/186/759 871/199/1401
f 875/198/1400 930/193/762 871/199/1401
f 920/178/752 879/201/711 860/200/692
f 922/181/754 933/202/765 894/183/726
f 895/176/727 894/183/726 933/202/765
f 895/176/727 933/202/765 932/203/764
f 881/204/713 922/181/754 898/182/730
f 822/182/654 881/204/713 898/182/730
f 879/201/711 920/178/752 931/205/763
f 885/181/717 882/207/714 934/206/766
f 936/181/768 885/181/717 934/206/766
f 934/206/766 882/207/1403 883/208/1402
f 935/209/767 934/206/766 883/208/1402
f 938/203/770 935/209/767 937/205/769
f 883/208/1402 937/205/769 935/209/767
f 936/181/768 934/206/766 939/202/771
f 934/206/766 935/209/767 938/203/770
f 939/202/771 934/206/766 938/203/770
f 936/181/768 892/204/724 885/181/717
f 883/208/1402 890/201/1404 937/205/769
f 871/199/1383 927/186/1405 921/180/753
f 862/210/1395 871/199/1383 921/180/753
f 820/200/652 826/210/658 828/180/660
f 825/178/657 820/200/652 828/180/660
f 899/180/731 826/210/1394 820/200/652
f 897/178/729 899/180/731 820/200/652
f 941/243/772 942/242/772 940/241/772
f 942/242/773 943/245/773 940/244/773
f 943/245/774 944/247/774 940/246/774
f 944/247/1406 941/249/1406 940/248/1406
f 945/250/775 942/242/775 941/243/775
f 945/251/1407 943/245/1407 942/242/1407
f 945/252/1408 944/247/1408 943/245/1408
f 945/253/1409 941/249/1409 944/247/1409
f 950/255/777 946/255/776 947/254/777
f 951/254/780 950/255/777 947/254/777
f 951/255/778 947/255/1410 948/254/778
f 952/254/781 951/255/778 948/254/778
f 948/255/782 949/254/779 953/254/782
f 952/255/1411 948/255/782 953/254/782
f 949/255/1412 946/254/1413 950/254/1412
f 953/255/1414 949/255/1412 950/254/1412
f 955/258/783 956/257/783 954/256/783
f 956/257/784 957/259/784 954/256/784
f 957/259/785 958/260/785 954/256/785
f 958/260/1415 955/258/1415 954/256/1415
f 959/261/786 956/257/786 955/258/786
f 959/261/1416 957/259/1416 956/257/1416
f 959/261/1417 958/260/1417 957/259/1417
f 959/261/1418 955/258/1418 958/260/1418
f 961/334/390 962/333/390 960/332/390
f 962/333/390 963/335/390 960/332/390
f 963/335/390 964/336/390 960/332/390
f 964/336/390 961/334/390 960/332/390
f 970/339/385 969/338/385 973/337/385
f 971/340/385 970/339/385 973/337/385
f 972/341/385 971/340/385 973/337/385
f 969/338/385 972/341/385 973/337/385
f 975/243/791 976/242/791 974/241/791
f 976/242/792 977/245/792 974/244/792
f 977/245/793 978/247/793 974/246/793
f 978/247/1419 975/249/1419 974/248/1419
f 979/250/794 976/242/794 975/243/794
f 979/251/1420 977/245/1420 976/242/1420
f 979/252/1421 978/247/1421 977/245/1421
f 979/253/1422 975/249/1422 978/247/1422
f 988/255/803 989/254/804 982/254/797
f 989/254/1424 981/254/796 982/254/1423
f 989/254/1424 990/254/805 981/254/796
f 990/254/1426 980/255/795 981/254/1425
f 1000/255/815 1001/254/816 994/254/809
f 1001/254/1428 993/254/808 994/254/1427
f 1001/254/1428 1002/254/817 993/254/808
f 1002/254/1430 992/255/807 993/254/1429
f 980/255/795 984/255/799 985/254/800
f 981/254/1425 980/255/795 985/254/800
f 981/255/796 985/255/1431 986/254/801
f 982/254/1423 981/255/796 986/254/801
f 983/254/798 982/255/797 986/255/1432
f 987/254/802 983/254/798 986/255/1432
f 980/254/1435 983/255/1434 987/255/1433
f 984/254/1436 980/254/1435 987/255/1433
f 988/255/803 982/254/797 983/255/798
f 991/255/806 988/255/1437 983/255/1434
f 991/255/806 983/255/1434 980/255/1435
f 990/254/1426 991/255/1438 980/255/795
f 993/254/1429 992/255/807 996/255/811
f 997/254/812 993/254/1429 996/255/811
f 993/255/808 997/255/1439 998/254/813
f 994/254/1427 993/255/808 998/254/813
f 995/254/810 994/255/809 998/255/1440
f 999/254/814 995/254/810 998/255/1440
f 992/254/1443 995/255/1442 999/255/1441
f 996/254/1444 992/254/1443 999/255/1441
f 1000/255/815 994/254/809 995/255/810
f 1003/255/818 1000/255/818 995/255/1442
f 1002/254/1430 1003/255/1445 995/255/1445
f 992/255/1443 1002/254/1446 995/255/1442
f 823/176/655 845/203/677 844/205/676
f 825/178/657 823/176/655 844/205/676
f 845/203/677 856/203/688 855/205/687
f 844/205/676 845/203/677 855/205/687
f 829/181/661 854/181/686 858/202/690
f 847/202/679 829/181/661 858/202/690
f 845/203/677 847/202/679 858/202/690
f 856/203/688 845/203/677 858/202/690
f 829/181/661 848/204/680 859/204/691
f 854/181/686 829/181/661 859/204/691
f 844/205/676 855/205/687 857/201/689
f 846/201/678 844/205/676 857/201/689
f 877/205/709 878/203/710 823/176/655
f 861/178/693 877/205/709 823/176/655
f 878/203/1447 877/205/709 888/205/720
f 889/203/721 878/203/710 888/205/720
f 864/181/696 880/202/712 891/202/723
f 887/181/719 864/181/696 891/202/723
f 891/202/723 880/202/712 878/203/710
f 889/203/721 891/202/723 878/203/710
f 892/204/724 881/204/713 864/181/696
f 887/181/719 892/204/724 864/181/696
f 877/205/709 879/201/711 890/201/722
f 888/205/720 877/205/709 890/201/722
f 911/205/743 912/203/744 895/176/727
f 897/178/729 911/205/743 895/176/727
f 912/203/1448 911/205/743 917/205/749
f 918/203/750 912/203/744 917/205/749
f 900/181/732 913/202/745 919/202/751
f 916/181/748 900/181/732 919/202/751
f 919/202/751 913/202/745 912/203/744
f 918/203/750 919/202/751 912/203/744
f 859/204/691 848/204/680 900/181/732
f 916/181/748 859/204/691 900/181/732
f 911/205/743 846/201/678 857/201/689
f 917/205/749 911/205/743 857/201/689
f 895/176/727 932/203/764 931/205/763
f 920/178/752 895/176/727 931/205/763
f 932/203/764 938/203/770 937/205/769
f 931/205/763 932/203/764 937/205/769
f 922/181/754 936/181/768 939/202/771
f 933/202/765 922/181/754 939/202/771
f 932/203/764 933/202/765 939/202/771
f 938/203/770 932/203/764 939/202/771
f 922/181/754 881/204/713 892/204/724
f 936/181/768 922/181/754 892/204/724
f 931/205/763 937/205/769 890/201/722
f 879/201/711 931/205/763 890/201/722
f 965/343/787 966/342/788 962/333/1449
f 961/334/1450 965/343/787 962/333/1449
f 966/342/1452 967/344/789 963/335/1451
f 962/333/1453 966/342/1452 963/335/1451
f 968/345/790 964/336/1455 963/335/1454
f 967/344/1456 968/345/790 963/335/1454
f 965/343/1459 961/334/1458 964/336/1457
f 968/345/1460 965/343/1459 964/336/1457
f 969/338/1462 970/339/1461 966/342/788
f 965/343/787 969/338/1462 966/342/788
f 970/339/1464 971/340/1463 967/344/789
f 966/342/1452 970/339/1464 967/344/789
f 971/340/1466 972/341/1465 968/345/790
f 967/344/1456 971/340/1466 968/345/790
f 972/341/1468 969/338/1467 965/343/1459
f 968/345/1460 972/341/1468 965/343/1459
f 1027/213/842 1011/212/826 1007/211/822
f 1023/214/838 1027/213/842 1007/211/822
f 1015/216/830 1019/215/834 1027/213/842
f 1023/214/838 1015/216/830 1027/213/842
f 1008/212/823 1004/218/819 1020/217/835
f 1024/213/839 1008/212/823 1020/217/835
f 1016/215/831 1024/213/839 1020/217/835
f 1012/219/827 1016/215/831 1020/217/835
f 1020/217/835 1004/218/819 1009/220/824
f 1025/221/840 1020/217/835 1009/220/824
f 1017/222/832 1012/219/827 1020/217/835
f 1025/221/840 1017/222/832 1020/217/835
f 1025/221/840 1009/220/824 1005/223/820
f 1021/224/836 1025/221/840 1005/223/820
f 1013/225/828 1017/222/832 1025/221/840
f 1021/224/836 1013/225/828 1025/221/840
f 1010/220/825 1006/218/821 1022/217/837
f 1026/221/841 1010/220/825 1022/217/837
f 1018/222/833 1026/221/841 1022/217/837
f 1014/219/829 1018/222/833 1022/217/837
f 1005/223/820 1010/220/825 1026/221/841
f 1021/224/836 1005/223/820 1026/221/841
f 1018/222/833 1013/225/828 1021/224/836
f 1026/221/841 1018/222/833 1021/224/836
f 1007/211/822 1008/212/823 1024/213/839
f 1023/214/838 1007/211/822 1024/213/839
f 1015/216/830 1023/214/838 1024/213/839
f 1016/215/831 1015/216/830 1024/213/839
f 1022/217/837 1006/218/821 1011/212/826
f 1027/213/842 1022/217/837 1011/212/826
f 1019/215/834 1014/219/829 1022/217/837
f 1027/213/842 1019/215/834 1022/217/837
f 1048/228/863 1032/227/847 1029/226/844
f 1045/229/860 1048/228/863 1029/226/844
f 1037/231/852 1041/230/856 1048/228/863
f 1045/229/860 1037/231/852 1048/228/863
f 1044/233/859 1028/232/843 1032/227/847
f 1048/228/863 1044/233/859 1032/227/847
f 1041/230/856 1036/234/851 1044/233/859
f 1048/228/863 1041/230/856 1044/233/859
f 1033/235/848 1028/232/843 1044/233/859
f 1049/236/864 1033/235/848 1044/233/859
f 1040/237/855 1049/236/864 1044/233/859
f 1036/234/851 1040/237/855 1044/233/859
f 1031/238/846 1033/235/848 1049/236/864
f 1047/239/862 1031/238/846 1049/236/864
f 1040/237/855 1039/240/854 1047/239/862
f 1049/236/864 1040/237/855 1047/239/862
f 1051/236/866 1035/235/850 1031/238/846
f 1047/239/1469 1051/236/866 1031/238/846
f 1039/240/854 1043/237/858 1051/236/866
f 1047/239/862 1039/240/854 1051/236/866
f 1046/233/861 1030/232/845 1035/235/850
f 1051/236/866 1046/233/861 1035/235/850
f 1043/237/858 1038/234/853 1046/233/861
f 1051/236/866 1043/237/858 1046/233/861
f 1034/227/849 1030/232/845 1046/233/861
f 1050/228/865 1034/227/849 1046/233/861
f 1042/230/857 1050/228/865 1046/233/861
f 1038/234/853 1042/230/857 1046/233/861
f 1029/226/844 1034/227/849 1050/228/865
f 1045/229/860 1029/226/844 1050/228/865
f 1037/231/852 1045/229/860 1050/228/865
f 1042/230/857 1037/231/852 1050/228/865
g effect
f 1085/348/900 1052/347/867 1082/346/897
f 1142/349/957 1085/348/900 1082/346/897
f 1082/346/897 1052/347/867 1083/350/898
f 1144/351/959 1082/346/897 1083/350/898
f 1052/347/867 1084/353/899 1145/352/960
f 1083/350/898 1052/347/867 1145/352/960
f 1084/353/899 1052/347/867 1085/348/900
f 1143/354/958 1084/353/899 1085/348/900
f 1083/350/898 1053/356/868 1086/355/901
f 1144/351/959 1083/350/898 1086/355/901
f 1086/355/901 1053/356/868 1087/350/902
f 1146/351/961 1086/355/901 1087/350/902
f 1087/350/902 1053/356/868 1088/357/903
f 1147/352/962 1087/350/902 1088/357/903
f 1088/357/903 1053/356/868 1083/350/898
f 1145/352/960 1088/357/903 1083/350/898
f 1087/350/902 1054/347/869 1089/346/904
f 1146/351/961 1087/350/902 1089/346/904
f 1089/346/904 1054/347/869 1090/348/905
f 1148/349/963 1089/346/904 1090/348/905
f 1090/348/905 1054/347/869 1091/353/906
f 1149/354/964 1090/348/905 1091/353/906
f 1054/347/869 1087/350/902 1147/352/962
f 1091/353/906 1054/347/869 1147/352/962
f 1090/348/905 1055/359/870 1092/358/907
f 1148/349/963 1090/348/905 1092/358/907
f 1092/358/907 1055/359/870 1085/348/900
f 1142/349/957 1092/358/907 1085/348/900
f 1055/359/870 1093/360/908 1143/354/958
f 1085/348/900 1055/359/870 1143/354/958
f 1055/359/870 1090/348/905 1149/354/964
f 1093/360/908 1055/359/870 1149/354/964
f 1096/363/911 1056/362/871 1094/361/909
f 1151/364/966 1096/363/911 1094/361/909
f 1094/361/909 1056/362/871 1095/365/910
f 1150/366/965 1094/361/909 1095/365/910
f 1095/365/910 1056/362/871 1084/353/899
f 1143/354/958 1095/365/910 1084/353/899
f 1084/353/899 1056/362/871 1096/363/911
f 1145/352/960 1084/353/899 1096/363/911
f 1098/363/913 1057/368/872 1097/367/912
f 1152/364/967 1098/363/913 1097/367/912
f 1097/367/912 1057/368/872 1096/363/911
f 1151/364/966 1097/367/912 1096/363/911
f 1096/363/911 1057/368/872 1088/357/903
f 1145/352/960 1096/363/911 1088/357/903
f 1088/357/903 1057/368/872 1098/363/913
f 1147/352/962 1088/357/903 1098/363/913
f 1100/365/915 1058/362/873 1099/361/914
f 1153/366/968 1100/365/915 1099/361/914
f 1099/361/914 1058/362/873 1098/363/913
f 1152/364/967 1099/361/914 1098/363/913
f 1098/363/913 1058/362/873 1091/353/906
f 1147/352/962 1098/363/913 1091/353/906
f 1091/353/906 1058/362/873 1100/365/915
f 1149/354/964 1091/353/906 1100/365/915
f 1095/365/910 1059/370/874 1101/369/916
f 1150/366/965 1095/365/910 1101/369/916
f 1101/369/916 1059/370/874 1100/365/915
f 1153/366/968 1101/369/916 1100/365/915
f 1100/365/915 1059/370/874 1093/360/908
f 1149/354/964 1100/365/915 1093/360/908
f 1093/360/908 1059/370/874 1095/365/910
f 1143/354/958 1093/360/908 1095/365/910
f 1060/373/875 1102/372/917 1159/371/974
f 1105/374/920 1060/373/875 1159/371/974
f 1060/373/875 1103/376/918 1158/375/973
f 1102/372/917 1060/373/875 1158/375/973
f 1103/376/918 1060/373/875 1104/377/919
f 1154/378/969 1103/376/918 1104/377/919
f 1104/377/919 1060/373/875 1105/374/920
f 1155/379/970 1104/377/919 1105/374/920
f 1108/374/923 1061/381/876 1106/380/921
f 1160/371/975 1108/374/923 1106/380/921
f 1106/380/921 1061/381/876 1105/374/920
f 1159/371/974 1106/380/921 1105/374/920
f 1105/374/920 1061/381/876 1107/382/922
f 1155/379/970 1105/374/920 1107/382/922
f 1107/382/922 1061/381/876 1108/374/923
f 1156/379/971 1107/382/922 1108/374/923
f 1062/373/877 1109/372/924 1161/375/976
f 1111/376/926 1062/373/877 1161/375/976
f 1062/373/877 1108/374/923 1160/371/975
f 1109/372/924 1062/373/877 1160/371/975
f 1108/374/923 1062/373/877 1110/377/925
f 1156/379/971 1108/374/923 1110/377/925
f 1110/377/925 1062/373/877 1111/376/926
f 1157/378/972 1110/377/925 1111/376/926
f 1103/376/918 1063/384/878 1112/383/927
f 1158/375/973 1103/376/918 1112/383/927
f 1112/383/927 1063/384/878 1111/376/926
f 1161/375/976 1112/383/927 1111/376/926
f 1111/376/926 1063/384/878 1113/385/928
f 1157/378/972 1111/376/926 1113/385/928
f 1113/385/928 1063/384/878 1103/376/918
f 1154/378/969 1113/385/928 1103/376/918
f 1064/388/879 1114/387/929 1163/386/978
f 1116/389/931 1064/388/879 1163/386/978
f 1064/388/879 1115/391/930 1162/390/977
f 1114/387/929 1064/388/879 1162/390/977
f 1115/391/930 1064/388/879 1102/372/917
f 1158/375/973 1115/391/930 1102/372/917
f 1102/372/917 1064/388/879 1116/389/931
f 1159/371/974 1102/372/917 1116/389/931
f 1065/393/880 1117/392/932 1164/386/979
f 1118/389/933 1065/393/880 1164/386/979
f 1065/393/880 1116/389/931 1163/386/978
f 1117/392/932 1065/393/880 1163/386/978
f 1065/393/880 1106/380/921 1159/371/974
f 1116/389/931 1065/393/880 1159/371/974
f 1065/393/880 1118/389/933 1160/371/975
f 1106/380/921 1065/393/880 1160/371/975
f 1066/388/881 1119/387/934 1165/390/980
f 1120/391/935 1066/388/881 1165/390/980
f 1066/388/881 1118/389/933 1164/386/979
f 1119/387/934 1066/388/881 1164/386/979
f 1118/389/933 1066/388/881 1109/372/924
f 1160/371/975 1118/389/933 1109/372/924
f 1109/372/924 1066/388/881 1120/391/935
f 1161/375/976 1109/372/924 1120/391/935
f 1067/395/882 1121/394/936 1162/390/977
f 1115/391/930 1067/395/882 1162/390/977
f 1067/395/882 1120/391/935 1165/390/980
f 1121/394/936 1067/395/882 1165/390/980
f 1067/395/882 1112/383/927 1161/375/976
f 1120/391/935 1067/395/882 1161/375/976
f 1067/395/882 1115/391/930 1158/375/973
f 1112/383/927 1067/395/882 1158/375/973
f 1068/396/883 1114/387/929 1162/390/977
f 1121/394/936 1068/396/883 1162/390/977
f 1068/396/883 1117/392/932 1163/386/978
f 1114/387/929 1068/396/883 1163/386/978
f 1068/396/883 1119/387/934 1164/386/979
f 1117/392/932 1068/396/883 1164/386/979
f 1068/396/883 1121/394/936 1165/390/980
f 1119/387/934 1068/396/883 1165/390/980
f 1124/399/939 1069/398/884 1122/397/937
f 1166/400/981 1124/399/939 1122/397/937
f 1122/397/937 1069/398/884 1094/361/909
f 1150/366/965 1122/397/937 1094/361/909
f 1094/361/909 1069/398/884 1123/401/938
f 1151/364/966 1094/361/909 1123/401/938
f 1123/401/938 1069/398/884 1124/399/939
f 1167/402/982 1123/401/938 1124/399/939
f 1070/403/885 1124/399/939 1166/400/981
f 1126/404/941 1070/403/885 1166/400/981
f 1124/399/939 1070/403/885 1125/405/940
f 1167/402/982 1124/399/939 1125/405/940
f 1125/405/940 1070/403/885 1104/377/919
f 1155/379/970 1125/405/940 1104/377/919
f 1104/377/919 1070/403/885 1126/404/941
f 1154/378/969 1104/377/919 1126/404/941
f 1128/407/943 1071/406/886 1123/401/938
f 1167/402/982 1128/407/943 1123/401/938
f 1123/401/938 1071/406/886 1097/367/912
f 1151/364/966 1123/401/938 1097/367/912
f 1097/367/912 1071/406/886 1127/401/942
f 1152/364/967 1097/367/912 1127/401/942
f 1127/401/942 1071/406/886 1128/407/943
f 1168/402/983 1127/401/942 1128/407/943
f 1125/405/940 1072/408/887 1128/407/943
f 1167/402/982 1125/405/940 1128/407/943
f 1128/407/943 1072/408/887 1129/405/944
f 1168/402/983 1128/407/943 1129/405/944
f 1129/405/944 1072/408/887 1107/382/922
f 1156/379/971 1129/405/944 1107/382/922
f 1107/382/922 1072/408/887 1125/405/940
f 1155/379/970 1107/382/922 1125/405/940
f 1131/399/946 1073/398/888 1127/401/942
f 1168/402/983 1131/399/946 1127/401/942
f 1127/401/942 1073/398/888 1099/361/914
f 1152/364/967 1127/401/942 1099/361/914
f 1099/361/914 1073/398/888 1130/397/945
f 1153/366/968 1099/361/914 1130/397/945
f 1130/397/945 1073/398/888 1131/399/946
f 1169/400/984 1130/397/945 1131/399/946
f 1129/405/944 1074/403/889 1131/399/946
f 1168/402/983 1129/405/944 1131/399/946
f 1074/403/889 1132/404/947 1169/400/984
f 1131/399/946 1074/403/889 1169/400/984
f 1132/404/947 1074/403/889 1110/377/925
f 1157/378/972 1132/404/947 1110/377/925
f 1110/377/925 1074/403/889 1129/405/944
f 1156/379/971 1110/377/925 1129/405/944
f 1133/410/948 1075/409/890 1130/397/945
f 1169/400/984 1133/410/948 1130/397/945
f 1130/397/945 1075/409/890 1101/369/916
f 1153/366/968 1130/397/945 1101/369/916
f 1101/369/916 1075/409/890 1122/397/937
f 1150/366/965 1101/369/916 1122/397/937
f 1122/397/937 1075/409/890 1133/410/948
f 1166/400/981 1122/397/937 1133/410/948
f 1132/404/947 1076/411/891 1133/410/948
f 1169/400/984 1132/404/947 1133/410/948
f 1133/410/948 1076/411/891 1126/404/941
f 1166/400/981 1133/410/948 1126/404/941
f 1126/404/941 1076/411/891 1113/385/928
f 1154/378/969 1126/404/941 1113/385/928
f 1113/385/928 1076/411/891 1132/404/947
f 1157/378/972 1113/385/928 1132/404/947
f 1077/414/892 1134/413/949 1172/412/987
f 1136/415/951 1077/414/892 1172/412/987
f 1077/414/892 1135/417/950 1173/416/988
f 1134/413/949 1077/414/892 1173/416/988
f 1135/417/1471 1077/414/1470 1089/346/904
f 1148/349/963 1135/417/1471 1089/346/904
f 1089/346/904 1077/414/1470 1136/415/1472
f 1146/351/961 1089/346/904 1136/415/1472
f 1138/415/953 1078/419/893 1137/418/952
f 1171/412/986 1138/415/953 1137/418/952
f 1137/418/952 1078/419/893 1136/415/951
f 1172/412/987 1137/418/952 1136/415/951
f 1136/415/1472 1078/419/1473 1086/355/901
f 1146/351/961 1136/415/1472 1086/355/901
f 1086/355/901 1078/419/1473 1138/415/1474
f 1144/351/959 1086/355/901 1138/415/1474
f 1079/414/894 1139/413/954 1170/416/985
f 1140/417/955 1079/414/894 1170/416/985
f 1079/414/894 1138/415/953 1171/412/986
f 1139/413/954 1079/414/894 1171/412/986
f 1138/415/1474 1079/414/1475 1082/346/897
f 1144/351/959 1138/415/1474 1082/346/897
f 1082/346/897 1079/414/1475 1140/417/1476
f 1142/349/957 1082/346/897 1140/417/1476
f 1135/417/950 1080/421/895 1141/420/956
f 1173/416/988 1135/417/950 1141/420/956
f 1141/420/956 1080/421/895 1140/417/955
f 1170/416/985 1141/420/956 1140/417/955
f 1140/417/1476 1080/421/1477 1092/358/907
f 1142/349/957 1140/417/1476 1092/358/907
f 1092/358/907 1080/421/1477 1135/417/1471
f 1148/349/963 1092/358/907 1135/417/1471
f 1081/422/896 1134/413/949 1173/416/988
f 1141/420/956 1081/422/896 1173/416/988
f 1081/422/896 1137/418/952 1172/412/987
f 1134/413/949 1081/422/896 1172/412/987
f 1081/422/896 1139/413/954 1171/412/986
f 1137/418/952 1081/422/896 1171/412/986
f 1081/422/896 1141/420/956 1170/416/985
f 1139/413/954 1081/422/896 1170/416/985
g handle
f 1174/45/989 1176/44/989 1180/43/989
f 1178/46/989 1174/45/989 1180/43/989
f 1177/49/990 1175/48/990 1179/47/990
f 1181/50/990 1177/49/990 1179/47/990
f 1175/48/1478 1182/52/991 1184/51/993
f 1179/47/1478 1175/48/1478 1184/51/993
f 1182/52/991 1174/45/1479 1178/46/1479
f 1184/51/993 1182/52/991 1178/46/1479
f 1176/44/1480 1183/54/992 1185/53/994
f 1180/43/1480 1176/44/1480 1185/53/994
f 1183/54/992 1177/49/1481 1181/50/1481
f 1185/53/994 1183/54/992 1181/50/1481
f 1181/50/1022 1179/47/1022 1184/51/1022
f 1178/46/1022 1181/50/1022 1184/51/1022
f 1185/53/1022 1181/50/1022 1178/46/1022
f 1180/43/1482 1185/53/1022 1178/46/1022
f 1186/57/995 1192/56/1001 1196/55/1002
f 1194/58/1002 1186/57/995 1196/55/1002
f 1193/61/996 1187/60/996 1195/59/1003
f 1197/62/1003 1193/61/996 1195/59/1003
f 1187/60/1483 1199/64/1005 1202/63/1008
f 1195/59/1484 1187/60/1483 1202/63/1008
f 1199/64/1005 1186/66/1486 1194/65/1485
f 1202/63/1008 1199/64/1005 1194/65/1485
f 1192/56/1487 1201/68/1007 1203/67/1009
f 1196/55/1488 1192/56/1487 1203/67/1009
f 1201/68/1007 1193/70/1490 1197/69/1489
f 1203/67/1009 1201/68/1007 1197/69/1489
f 1217/73/1022 1216/72/1022 1228/71/1022
f 1219/76/1022 1218/75/1022 1228/74/1022
f 1220/77/1022 1219/76/1022 1228/74/1022
f 1222/80/1022 1221/79/1022 1228/78/1022
f 1223/81/1022 1222/80/1022 1228/78/1022
f 1225/84/1022 1224/83/1022 1228/82/1022
f 1226/85/1022 1225/84/1022 1228/82/1022
f 1216/72/1022 1227/86/1022 1228/71/1022
f 1230/89/594 1231/88/594 1229/87/594
f 1232/92/594 1233/91/594 1229/90/594
f 1233/91/594 1234/93/594 1229/90/594
f 1235/96/594 1236/95/594 1229/94/594
f 1236/95/594 1237/97/594 1229/94/594
f 1238/100/594 1239/99/594 1229/98/594
f 1239/99/594 1240/101/594 1229/98/594
f 1241/102/594 1230/89/594 1229/87/594
f 1216/72/1493 1217/73/1492 1231/88/1491
f 1230/89/1494 1216/72/1493 1231/88/1491
f 1218/75/1497 1219/76/1496 1233/91/1495
f 1232/92/1498 1218/75/1497 1233/91/1495
f 1219/76/1496 1220/77/1500 1234/93/1499
f 1233/91/1495 1219/76/1496 1234/93/1499
f 1221/79/1503 1222/80/1502 1236/95/1501
f 1235/96/1504 1221/79/1503 1236/95/1501
f 1222/80/1502 1223/81/1506 1237/97/1505
f 1236/95/1501 1222/80/1502 1237/97/1505
f 1224/83/1509 1225/84/1508 1239/99/1507
f 1238/100/1510 1224/83/1509 1239/99/1507
f 1225/84/1508 1226/85/1512 1240/101/1511
f 1239/99/1507 1225/84/1508 1240/101/1511
f 1227/86/1513 1216/72/1493 1230/89/1494
f 1241/102/1514 1227/86/1513 1230/89/1494
f 1228/71/1022 1242/103/1022 1217/73/1022
f 1228/74/1022 1218/75/1022 1242/104/1022
f 1228/74/1022 1243/105/1022 1220/77/1022
f 1228/78/1022 1221/79/1022 1243/106/1022
f 1228/78/1022 1244/107/1022 1223/81/1022
f 1228/82/1022 1224/83/1022 1244/108/1022
f 1228/82/1022 1245/109/1022 1226/85/1022
f 1228/71/1022 1227/86/1022 1245/110/1022
f 1229/90/594 1246/111/594 1232/92/594
f 1229/87/594 1231/88/594 1246/112/594
f 1229/94/594 1247/113/594 1235/96/594
f 1229/90/594 1234/93/594 1247/114/594
f 1229/98/594 1248/115/594 1238/100/594
f 1229/94/594 1237/97/594 1248/116/594
f 1229/87/594 1249/117/594 1241/102/594
f 1229/98/594 1240/101/594 1249/118/594
f 1190/285/999 1188/285/997 1198/284/1004
f 1200/284/1006 1190/285/999 1198/284/1004
f 1200/284/1006 1198/284/1004 1189/286/998
f 1191/286/1000 1200/284/1006 1189/286/998
f 1209/287/1015 1200/284/1006 1191/286/1000
f 1207/288/1013 1209/287/1015 1191/286/1000
f 1190/285/999 1200/284/1006 1209/287/1015
f 1206/289/1012 1190/285/999 1209/287/1015
f 1191/286/1000 1189/286/998 1205/288/1011
f 1207/288/1515 1191/286/1000 1205/288/1011
f 1189/286/998 1198/284/1516 1208/287/1014
f 1205/288/1517 1189/286/998 1208/287/1014
f 1188/285/1518 1204/289/1010 1208/287/1014
f 1198/284/1004 1188/285/997 1208/287/1014
f 1188/285/997 1190/285/999 1206/289/1519
f 1204/289/1520 1188/285/997 1206/289/1519
f 1213/292/1019 1193/291/1490 1201/290/1007
f 1215/293/1021 1213/292/1019 1201/290/1007
f 1207/288/1013 1213/292/1019 1215/293/1021
f 1209/287/1015 1207/288/1013 1215/293/1021
f 1215/293/1021 1201/290/1007 1192/294/1487
f 1212/295/1018 1215/293/1021 1192/294/1487
f 1206/289/1012 1209/287/1015 1215/293/1021
f 1212/295/1018 1206/289/1012 1215/293/1021
f 1211/292/1017 1187/291/996 1193/291/996
f 1213/292/1017 1211/292/1017 1193/291/996
f 1207/288/1515 1205/288/1011 1211/292/1017
f 1213/292/1017 1207/288/1515 1211/292/1017
f 1199/290/1005 1187/291/1483 1211/292/1521
f 1214/293/1020 1199/290/1005 1211/292/1521
f 1205/288/1517 1208/287/1014 1214/293/1020
f 1211/292/1521 1205/288/1517 1214/293/1020
f 1186/294/1486 1199/290/1005 1214/293/1020
f 1210/295/1016 1186/294/1486 1214/293/1020
f 1204/289/1010 1210/295/1016 1214/293/1020
f 1208/287/1014 1204/289/1010 1214/293/1020
f 1212/295/1522 1192/294/1001 1186/294/995
f 1210/295/1522 1212/295/1522 1186/294/995
f 1204/289/1520 1206/289/1519 1212/295/1522
f 1210/295/1522 1204/289/1520 1212/295/1522
f 1238/100/1510 1248/115/1524 1244/108/1523
f 1224/83/1509 1238/100/1510 1244/108/1523
f 1248/116/1524 1237/97/1505 1223/81/1506
f 1244/107/1523 1248/116/1524 1223/81/1506
f 1241/102/1514 1249/117/1526 1245/110/1525
f 1227/86/1513 1241/102/1514 1245/110/1525
f 1249/118/1526 1240/101/1511 1226/85/1512
f 1245/109/1525 1249/118/1526 1226/85/1512
f 1232/92/1498 1246/111/1528 1242/104/1527
f 1218/75/1497 1232/92/1498 1242/104/1527
f 1246/112/1528 1231/88/1491 1217/73/1492
f 1242/103/1527 1246/112/1528 1217/73/1492
f 1235/96/1504 1247/113/1530 1243/106/1529
f 1221/79/1503 1235/96/1504 1243/106/1529
f 1247/114/1530 1234/93/1499 1220/77/1500
f 1243/105/1529 1247/114/1530 1220/77/1500
g blade
f 1259/425/1032 1256/424/1029 1261/423/1034
f 1256/424/1532 1258/426/1031 1261/423/1531
f 1255/428/1028 1257/428/1030 1260/427/1033
f 1255/428/1534 1260/427/1533 1261/423/1531
f 1258/426/1031 1255/428/1534 1261/423/1531
f 1257/428/1535 1259/425/1032 1261/423/1034
f 1260/427/1536 1257/428/1535 1261/423/1034
f 1258/426/1031 1265/430/1038 1262/429/1035
f 1255/431/1534 1258/426/1031 1262/429/1035
f 1259/425/1032 1257/431/1535 1264/429/1037
f 1266/430/1039 1259/425/1032 1264/429/1037
f 1257/431/1030 1255/431/1028 1262/429/1537
f 1264/429/1538 1257/431/1030 1262/429/1537
f 1259/425/1032 1266/430/1039 1263/432/1036
f 1256/424/1029 1259/425/1032 1263/432/1036
f 1258/426/1031 1256/424/1532 1263/432/1539
f 1265/430/1038 1258/426/1031 1263/432/1539
f 1262/429/1035 1265/430/1038 1270/433/1043
f 1267/434/1040 1262/429/1035 1270/433/1043
f 1266/430/1039 1264/429/1037 1269/434/1042
f 1271/433/1044 1266/430/1039 1269/434/1042
f 1264/429/1538 1262/429/1537 1267/434/1540
f 1269/434/1541 1264/429/1538 1267/434/1540
f 1263/432/1036 1266/430/1039 1271/433/1044
f 1268/435/1041 1263/432/1036 1271/433/1044
f 1265/430/1038 1263/432/1539 1268/435/1542
f 1270/433/1043 1265/430/1038 1268/435/1542
f 1275/438/1048 1253/437/1026 1250/436/1023
f 1272/439/1045 1275/438/1048 1250/436/1023
f 1267/434/1040 1270/433/1043 1275/438/1048
f 1272/439/1045 1267/434/1040 1275/438/1048
f 1274/439/1047 1252/436/1025 1254/437/1027
f 1276/438/1049 1274/439/1047 1254/437/1027
f 1271/433/1044 1269/434/1042 1274/439/1047
f 1276/438/1049 1271/433/1044 1274/439/1047
f 1272/439/1544 1250/436/1543 1252/436/1543
f 1274/439/1544 1272/439/1544 1252/436/1543
f 1269/434/1541 1267/434/1540 1272/439/1544
f 1274/439/1544 1269/434/1541 1272/439/1544
f 1276/438/1049 1254/437/1027 1251/440/1024
f 1273/441/1046 1276/438/1049 1251/440/1024
f 1268/435/1041 1271/433/1044 1276/438/1049
f 1273/441/1046 1268/435/1041 1276/438/1049
f 1273/441/1546 1251/440/1545 1253/437/1026
f 1275/438/1048 1273/441/1546 1253/437/1026
f 1270/433/1043 1268/435/1542 1273/441/1546
f 1275/438/1048 1270/433/1043 1273/441/1546
f 1277/45/989 1279/44/989 1283/43/989
f 1281/46/989 1277/45/989 1283/43/989
f 1280/49/990 1278/48/990 1282/47/990
f 1284/50/990 1280/49/990 1282/47/990
f 1278/48/1478 1285/52/991 1287/51/993
f 1282/47/1478 1278/48/1478 1287/51/993
f 1285/52/991 1277/45/1479 1281/46/1479
f 1287/51/993 1285/52/991 1281/46/1479
f 1279/44/1480 1286/54/992 1288/53/994
f 1283/43/1480 1279/44/1480 1288/53/994
f 1286/54/992 1280/49/1481 1284/50/1481
f 1288/53/994 1286/54/992 1284/50/1481
f 1284/50/1022 1282/47/1022 1287/51/1022
f 1281/46/1022 1284/50/1022 1287/51/1022
f 1288/53/1022 1284/50/1022 1281/46/1022
f 1283/43/1482 1288/53/1022 1281/46/1022
f 1289/57/995 1295/56/1001 1299/55/1002
f 1297/58/1002 1289/57/995 1299/55/1002
f 1296/61/996 1290/60/996 1298/59/1003
f 1300/62/1003 1296/61/996 1298/59/1003
f 1290/60/1483 1302/64/1005 1305/63/1008
f 1298/59/1484 1290/60/1483 1305/63/1008
f 1302/64/1005 1289/66/1486 1297/65/1485
f 1305/63/1008 1302/64/1005 1297/65/1485
f 1295/56/1487 1304/68/1007 1306/67/1009
f 1299/55/1488 1295/56/1487 1306/67/1009
f 1304/68/1007 1296/70/1490 1300/69/1489
f 1306/67/1009 1304/68/1007 1300/69/1489
f 1320/73/1022 1319/72/1022 1331/71/1022
f 1322/76/1022 1321/75/1022 1331/74/1022
f 1323/77/1022 1322/76/1022 1331/74/1022
f 1325/80/1022 1324/79/1022 1331/78/1022
f 1326/81/1022 1325/80/1022 1331/78/1022
f 1328/84/1022 1327/83/1022 1331/82/1022
f 1329/85/1022 1328/84/1022 1331/82/1022
f 1319/72/1022 1330/86/1022 1331/71/1022
f 1333/89/594 1334/88/594 1332/87/594
f 1335/92/594 1336/91/594 1332/90/594
f 1336/91/594 1337/93/594 1332/90/594
f 1338/96/594 1339/95/594 1332/94/594
f 1339/95/594 1340/97/594 1332/94/594
f 1341/100/594 1342/99/594 1332/98/594
f 1342/99/594 1343/101/594 1332/98/594
f 1344/102/594 1333/89/594 1332/87/594
f 1319/72/1493 1320/73/1492 1334/88/1491
f 1333/89/1494 1319/72/1493 1334/88/1491
f 1321/75/1497 1322/76/1496 1336/91/1495
f 1335/92/1498 1321/75/1497 1336/91/1495
f 1322/76/1496 1323/77/1500 1337/93/1499
f 1336/91/1495 1322/76/1496 1337/93/1499
f 1324/79/1503 1325/80/1502 1339/95/1501
f 1338/96/1504 1324/79/1503 1339/95/1501
f 1325/80/1502 1326/81/1506 1340/97/1505
f 1339/95/1501 1325/80/1502 1340/97/1505
f 1327/83/1509 1328/84/1508 1342/99/1507
f 1341/100/1510 1327/83/1509 1342/99/1507
f 1328/84/1508 1329/85/1512 1343/101/1511
f 1342/99/1507 1328/84/1508 1343/101/1511
f 1330/86/1513 1319/72/1493 1333/89/1494
f 1344/102/1514 1330/86/1513 1333/89/1494
f 1331/71/1022 1345/103/1022 1320/73/1022
f 1331/74/1022 1321/75/1022 1345/104/1022
f 1331/74/1022 1346/105/1022 1323/77/1022
f 1331/78/1022 1324/79/1022 1346/106/1022
f 1331/78/1022 1347/107/1022 1326/81/1022
f 1331/82/1022 1327/83/1022 1347/108/1022
f 1331/82/1022 1348/109/1022 1329/85/1022
f 1331/71/1022 1330/86/1022 1348/110/1022
f 1332/90/594 1349/111/594 1335/92/594
f 1332/87/594 1334/88/594 1349/112/594
f 1332/94/594 1350/113/594 1338/96/594
f 1332/90/594 1337/93/594 1350/114/594
f 1332/98/594 1351/115/594 1341/100/594
f 1332/94/594 1340/97/594 1351/116/594
f 1332/87/594 1352/117/594 1344/102/594
f 1332/98/594 1343/101/594 1352/118/594
f 1293/285/999 1291/285/997 1301/284/1004
f 1303/284/1006 1293/285/999 1301/284/1004
f 1303/284/1006 1301/284/1004 1292/286/998
f 1294/286/1000 1303/284/1006 1292/286/998
f 1312/287/1015 1303/284/1006 1294/286/1000
f 1310/288/1013 1312/287/1015 1294/286/1000
f 1293/285/999 1303/284/1006 1312/287/1015
f 1309/289/1012 1293/285/999 1312/287/1015
f 1294/286/1000 1292/286/998 1308/288/1011
f 1310/288/1515 1294/286/1000 1308/288/1011
f 1292/286/998 1301/284/1516 1311/287/1014
f 1308/288/1517 1292/286/998 1311/287/1014
f 1291/285/1518 1307/289/1010 1311/287/1014
f 1301/284/1004 1291/285/997 1311/287/1014
f 1291/285/997 1293/285/999 1309/289/1519
f 1307/289/1520 1291/285/997 1309/289/1519
f 1316/292/1019 1296/291/1490 1304/290/1007
f 1318/293/1021 1316/292/1019 1304/290/1007
f 1310/288/1013 1316/292/1019 1318/293/1021
f 1312/287/1015 1310/288/1013 1318/293/1021
f 1318/293/1021 1304/290/1007 1295/294/1487
f 1315/295/1018 1318/293/1021 1295/294/1487
f 1309/289/1012 1312/287/1015 1318/293/1021
f 1315/295/1018 1309/289/1012 1318/293/1021
f 1314/292/1017 1290/291/996 1296/291/996
f 1316/292/1017 1314/292/1017 1296/291/996
f 1310/288/1515 1308/288/1011 1314/292/1017
f 1316/292/1017 1310/288/1515 1314/292/1017
f 1302/290/1005 1290/291/1483 1314/292/1521
f 1317/293/1020 1302/290/1005 1314/292/1521
f 1308/288/1517 1311/287/1014 1317/293/1020
f 1314/292/1521 1308/288/1517 1317/293/1020
f 1289/294/1486 1302/290/1005 1317/293/1020
f 1313/295/1016 1289/294/1486 1317/293/1020
f 1307/289/1010 1313/295/1016 1317/293/1020
f 1311/287/1014 1307/289/1010 1317/293/1020
f 1315/295/1522 1295/294/1001 1289/294/995
f 1313/295/1522 1315/295/1522 1289/294/995
f 1307/289/1520 1309/289/1519 1315/295/1522
f 1313/295/1522 1307/289/1520 1315/295/1522
f 1341/100/1510 1351/115/1524 1347/108/1523
f 1327/83/1509 1341/100/1510 1347/108/1523
f 1351/116/1524 1340/97/1505 1326/81/1506
f 1347/107/1523 1351/116/1524 1326/81/1506
f 1344/102/1514 1352/117/1526 1348/110/1525
f 1330/86/1513 1344/102/1514 1348/110/1525
f 1352/118/1526 1343/101/1511 1329/85/1512
f 1348/109/1525 1352/118/1526 1329/85/1512
f 1335/92/1498 1349/111/1528 1345/104/1527
f 1321/75/1497 1335/92/1498 1345/104/1527
f 1349/112/1528 1334/88/1491 1320/73/1492
f 1345/103/1527 1349/112/1528 1320/73/1492
f 1338/96/1504 1350/113/1530 1346/106/1529
f 1324/79/1503 1338/96/1504 1346/106/1529
f 1350/114/1530 1337/93/1499 1323/77/1500
f 1346/105/1529 1350/114/1530 1323/77/1500
g blade_damaged
f 1361/438/1053 1356/437/1026 1353/436/1023
f 1358/439/1050 1361/438/1053 1353/436/1023
f 1360/439/1052 1355/436/1025 1357/437/1027
f 1362/438/1054 1360/439/1052 1357/437/1027
f 1358/439/1543 1353/436/1543 1355/436/1543
f 1360/439/1543 1358/439/1543 1355/436/1543
f 1362/438/1054 1357/437/1027 1354/440/1024
f 1359/441/1051 1362/438/1054 1354/440/1024
f 1359/441/1547 1354/440/1545 1356/437/1026
f 1361/438/1053 1359/441/1547 1356/437/1026
f 1363/45/989 1365/44/989 1369/43/989
f 1367/46/989 1363/45/989 1369/43/989
f 1366/49/990 1364/48/990 1368/47/990
f 1370/50/990 1366/49/990 1368/47/990
f 1364/48/1478 1371/52/991 1373/51/993
f 1368/47/1478 1364/48/1478 1373/51/993
f 1371/52/991 1363/45/1479 1367/46/1479
f 1373/51/993 1371/52/991 1367/46/1479
f 1365/44/1480 1372/54/992 1374/53/994
f 1369/43/1480 1365/44/1480 1374/53/994
f 1372/54/992 1366/49/1481 1370/50/1481
f 1374/53/994 1372/54/992 1370/50/1481
f 1370/50/1022 1368/47/1022 1373/51/1022
f 1367/46/1022 1370/50/1022 1373/51/1022
f 1374/53/1022 1370/50/1022 1367/46/1022
f 1369/43/1482 1374/53/1022 1367/46/1022
f 1375/57/995 1381/56/1001 1385/55/1002
f 1383/58/1002 1375/57/995 1385/55/1002
f 1382/61/996 1376/60/996 1384/59/1003
f 1386/62/1003 1382/61/996 1384/59/1003
f 1376/60/1483 1388/64/1005 1391/63/1008
f 1384/59/1484 1376/60/1483 1391/63/1008
f 1388/64/1005 1375/66/1486 1383/65/1485
f 1391/63/1008 1388/64/1005 1383/65/1485
f 1381/56/1487 1390/68/1007 1392/67/1009
f 1385/55/1488 1381/56/1487 1392/67/1009
f 1390/68/1007 1382/70/1490 1386/69/1489
f 1392/67/1009 1390/68/1007 1386/69/1489
f 1406/73/1022 1405/72/1022 1417/71/1022
f 1408/76/1022 1407/75/1022 1417/74/1022
f 1409/77/1022 1408/76/1022 1417/74/1022
f 1411/80/1022 1410/79/1022 1417/78/1022
f 1412/81/1022 1411/80/1022 1417/78/1022
f 1414/84/1022 1413/83/1022 1417/82/1022
f 1415/85/1022 1414/84/1022 1417/82/1022
f 1405/72/1022 1416/86/1022 1417/71/1022
f 1419/89/594 1420/88/594 1418/87/594
f 1421/92/594 1422/91/594 1418/90/594
f 1422/91/594 1423/93/594 1418/90/594
f 1424/96/594 1425/95/594 1418/94/594
f 1425/95/594 1426/97/594 1418/94/594
f 1427/100/594 1428/99/594 1418/98/594
f 1428/99/594 1429/101/594 1418/98/594
f 1430/102/594 1419/89/594 1418/87/594
f 1405/72/1493 1406/73/1492 1420/88/1491
f 1419/89/1494 1405/72/1493 1420/88/1491
f 1407/75/1497 1408/76/1496 1422/91/1495
f 1421/92/1498 1407/75/1497 1422/91/1495
f 1408/76/1496 1409/77/1500 1423/93/1499
f 1422/91/1495 1408/76/1496 1423/93/1499
f 1410/79/1503 1411/80/1502 1425/95/1501
f 1424/96/1504 1410/79/1503 1425/95/1501
f 1411/80/1502 1412/81/1506 1426/97/1505
f 1425/95/1501 1411/80/1502 1426/97/1505
f 1413/83/1509 1414/84/1508 1428/99/1507
f 1427/100/1510 1413/83/1509 1428/99/1507
f 1414/84/1508 1415/85/1512 1429/101/1511
f 1428/99/1507 1414/84/1508 1429/101/1511
f 1416/86/1513 1405/72/1493 1419/89/1494
f 1430/102/1514 1416/86/1513 1419/89/1494
f 1417/71/1022 1431/103/1022 1406/73/1022
f 1417/74/1022 1407/75/1022 1431/104/1022
f 1417/74/1022 1432/105/1022 1409/77/1022
f 1417/78/1022 1410/79/1022 1432/106/1022
f 1417/78/1022 1433/107/1022 1412/81/1022
f 1417/82/1022 1413/83/1022 1433/108/1022
f 1417/82/1022 1434/109/1022 1415/85/1022
f 1417/71/1022 1416/86/1022 1434/110/1022
f 1418/90/594 1435/111/594 1421/92/594
f 1418/87/594 1420/88/594 1435/112/594
f 1418/94/594 1436/113/594 1424/96/594
f 1418/90/594 1423/93/594 1436/114/594
f 1418/98/594 1437/115/594 1427/100/594
f 1418/94/594 1426/97/594 1437/116/594
f 1418/87/594 1438/117/594 1430/102/594
f 1418/98/594 1429/101/594 1438/118/594
f 1379/285/999 1377/285/997 1387/284/1004
f 1389/284/1006 1379/285/999 1387/284/1004
f 1389/284/1006 1387/284/1004 1378/286/998
f 1380/286/1000 1389/284/1006 1378/286/998
f 1398/287/1015 1389/284/1006 1380/286/1000
f 1396/288/1013 1398/287/1015 1380/286/1000
f 1379/285/999 1389/284/1006 1398/287/1015
f 1395/289/1012 1379/285/999 1398/287/1015
f 1380/286/1000 1378/286/998 1394/288/1011
f 1396/288/1515 1380/286/1000 1394/288/1011
f 1378/286/998 1387/284/1516 1397/287/1014
f 1394/288/1517 1378/286/998 1397/287/1014
f 1377/285/1518 1393/289/1010 1397/287/1014
f 1387/284/1004 1377/285/997 1397/287/1014
f 1377/285/997 1379/285/999 1395/289/1519
f 1393/289/1520 1377/285/997 1395/289/1519
f 1402/292/1019 1382/291/1490 1390/290/1007
f 1404/293/1021 1402/292/1019 1390/290/1007
f 1396/288/1013 1402/292/1019 1404/293/1021
f 1398/287/1015 1396/288/1013 1404/293/1021
f 1404/293/1021 1390/290/1007 1381/294/1487
f 1401/295/1018 1404/293/1021 1381/294/1487
f 1395/289/1012 1398/287/1015 1404/293/1021
f 1401/295/1018 1395/289/1012 1404/293/1021
f 1400/292/1017 1376/291/996 1382/291/996
f 1402/292/1017 1400/292/1017 1382/291/996
f 1396/288/1515 1394/288/1011 1400/292/1017
f 1402/292/1017 1396/288/1515 1400/292/1017
f 1388/290/1005 1376/291/1483 1400/292/1521
f 1403/293/1020 1388/290/1005 1400/292/1521
f 1394/288/1517 1397/287/1014 1403/293/1020
f 1400/292/1521 1394/288/1517 1403/293/1020
f 1375/294/1486 1388/290/1005 1403/293/1020
f 1399/295/1016 1375/294/1486 1403/293/1020
f 1393/289/1010 1399/295/1016 1403/293/1020
f 1397/287/1014 1393/289/1010 1403/293/1020
f 1401/295/1522 1381/294/1001 1375/294/995
f 1399/295/1522 1401/295/1522 1375/294/995
f 1393/289/1520 1395/289/1519 1401/295/1522
f 1399/295/1522 1393/289/1520 1401/295/1522
f 1427/100/1510 1437/115/1524 1433/108/1523
f 1413/83/1509 1427/100/1510 1433/108/1523
f 1437/116/1524 1426/97/1505 1412/81/1506
f 1433/107/1523 1437/116/1524 1412/81/1506
f 1430/102/1514 1438/117/1526 1434/110/1525
f 1416/86/1513 1430/102/1514 1434/110/1525
f 1438/118/1526 1429/101/1511 1415/85/1512
f 1434/109/1525 1438/118/1526 1415/85/1512
f 1421/92/1498 1435/111/1528 1431/104/1527
f 1407/75/1497 1421/92/1498 1431/104/1527
f 1435/112/1528 1420/88/1491 1406/73/1492
f 1431/103/1527 1435/112/1528 1406/73/1492
f 1424/96/1504 1436/113/1530 1432/106/1529
f 1410/79/1503 1424/96/1504 1432/106/1529
f 1436/114/1530 1423/93/1499 1409/77/1500
f 1432/105/1529 1436/114/1530 1409/77/1500
g blade_fragment
f 1443/425/1032 1440/424/1029 1445/423/1034
f 1440/424/1532 1442/426/1031 1445/423/1531
f 1439/428/1028 1441/428/1030 1444/427/1033
f 1439/428/1534 1444/427/1533 1445/423/1531
f 1442/426/1031 1439/428/1534 1445/423/1531
f 1441/428/1535 1443/425/1032 1445/423/1034
f 1444/427/1536 1441/428/1535 1445/423/1034
f 1442/426/1031 1449/430/1038 1446/429/1035
f 1439/431/1534 1442/426/1031 1446/429/1035
f 1443/425/1032 1441/431/1535 1448/429/1037
f 1450/430/1039 1443/425/1032 1448/429/1037
f 1441/431/1030 1439/431/1028 1446/429/1537
f 1448/429/1538 1441/431/1030 1446/429/1537
f 1443/425/1032 1450/430/1039 1447/432/1036
f 1440/424/1029 1443/425/1032 1447/432/1036
f 1442/426/1031 1440/424/1532 1447/432/1539
f 1449/430/1038 1442/426/1031 1447/432/1539
f 1446/429/1035 1449/430/1038 1454/433/1043
f 1451/434/1040 1446/429/1035 1454/433/1043
f 1450/430/1039 1448/429/1037 1453/434/1042
f 1455/433/1044 1450/430/1039 1453/434/1042
f 1448/429/1538 1446/429/1537 1451/434/1540
f 1453/434/1541 1448/429/1538 1451/434/1540
f 1447/432/1036 1450/430/1039 1455/433/1044
f 1452/435/1041 1447/432/1036 1455/433/1044
f 1449/430/1038 1447/432/1539 1452/435/1542
f 1454/433/1043 1449/430/1038 1452/435/1542
f 1451/434/1040 1454/433/1043 1459/438/1058
f 1456/439/1055 1451/434/1040 1459/438/1058
f 1455/433/1044 1453/434/1042 1458/439/1057
f 1460/438/1059 1455/433/1044 1458/439/1057
f 1453/434/1541 1451/434/1540 1456/439/1548
f 1458/439/1548 1453/434/1541 1456/439/1548
f 1452/435/1041 1455/433/1044 1460/438/1059
f 1457/441/1056 1452/435/1041 1460/438/1059
f 1454/433/1043 1452/435/1542 1457/441/1549
f 1459/438/1058 1454/433/1043 1457/441/1549
g item_back
f 1462/24/29 1461/23/28 1465/22/32
f 1466/25/33 1462/24/29 1465/22/32
f 1464/26/31 1462/24/29 1466/25/33
f 1468/27/35 1464/26/31 1466/25/33
f 1463/28/30 1464/26/31 1468/27/35
f 1467/29/34 1463/28/30 1468/27/35
f 1461/23/28 1463/28/30 1467/29/34
f 1465/22/32 1461/23/28 1467/29/34
f 1467/329/34 1468/328/35 1466/327/33
f 1465/330/32 1467/329/34 1466/327/33
f 1473/36/40 1469/35/36 1470/34/37
f 1474/37/41 1473/36/40 1470/34/37
f 1474/37/41 1470/34/37 1472/38/39
f 1476/39/43 1474/37/41 1472/38/39
f 1476/39/43 1472/38/39 1471/40/38
f 1475/41/42 1476/39/43 1471/40/38
f 1475/41/42 1471/40/38 1469/35/36
f 1473/36/40 1475/41/42 1469/35/36
f 1474/331/41 1476/328/43 1475/327/42
f 1473/330/40 1474/331/41 1475/327/42
# 2477 elements

