# Created by Metasequoia

v -0.353951 -0.031661 -0.023578
v -0.353951 0.093903 -0.023578
v -0.353951 -0.031661 0.023578
v -0.353951 0.093903 0.023578
v -0.353951 0.036540 -0.036388
v -0.353951 0.036540 0.036388
v -2.935271 -0.299397 -0.023578
v -2.962260 -0.174179 -0.023578
v -2.935271 -0.299397 0.023578
v -2.962260 -0.174179 0.023578
v -2.948765 -0.236788 -0.036388
v -2.948765 -0.236788 0.036388
v -2.255135 -0.171477 -0.023578
v -2.275103 -0.044949 -0.023578
v -2.255135 -0.171477 0.023578
v -2.275103 -0.044949 0.023578
v -2.265118 -0.108214 -0.036388
v -2.265118 -0.108214 0.036388
v -1.696685 -0.097032 -0.023578
v -1.710560 0.030307 -0.023578
v -1.696685 -0.097032 0.023578
v -1.710560 0.030307 0.023578
v -1.703622 -0.033363 -0.036388
v -1.703622 -0.033363 0.036388
v -1.096440 -0.047168 -0.023578
v -1.103767 0.080716 -0.023578
v -1.096440 -0.047168 0.023578
v -1.103767 0.080716 0.023578
v -1.100103 0.016774 -0.036388
v -1.100103 0.016774 0.036388
v -2.935271 -0.299397 -0.023578
v -2.962260 -0.174179 -0.023578
v -2.935271 -0.299397 0.023578
v -2.962260 -0.174179 0.023578
v -2.948765 -0.236788 -0.036388
v -2.948765 -0.236788 0.036388
v -0.932352 -0.047076 -0.027019
v -0.934049 0.089359 -0.027020
v -0.932352 -0.047076 0.027020
v -0.934049 0.089359 0.027019
v -0.933201 0.021141 -0.043271
v -0.933201 0.021141 0.043271
v -0.897493 -0.046164 -0.027019
v -0.897179 0.090324 -0.027020
v -0.897493 -0.046164 0.027020
v -0.897179 0.090324 0.027019
v -0.897336 0.022080 -0.043271
v -0.897336 0.022080 0.043271
v -1.042577 0.160948 -0.042315
v -0.912316 0.079228 -0.006314
v -1.037047 0.175316 -0.045294
v -0.899724 0.087629 -0.007949
v -1.036488 0.173976 -0.050719
v -0.899540 0.086531 -0.013356
v -1.042013 0.159605 -0.047738
v -0.912008 0.078056 -0.011712
v -1.242814 0.233656 -0.067241
v -1.234047 0.246154 -0.070881
v -1.234319 0.244753 -0.076326
v -1.243029 0.232209 -0.072701
v -1.441604 0.430453 -0.083083
v -1.430368 0.440573 -0.087270
v -1.431299 0.439370 -0.092676
v -1.442534 0.429249 -0.088489
v -0.923362 0.097281 -0.010753
v -0.913758 0.109288 -0.012773
v -0.913298 0.108005 -0.018214
v -0.922831 0.095961 -0.016173
v -0.953721 0.119076 -0.020498
v -0.945866 0.132466 -0.022992
v -0.945122 0.131028 -0.028369
v -0.952977 0.117638 -0.025875
v -0.989632 0.139252 -0.030684
v -0.984010 0.153707 -0.033739
v -0.983330 0.152302 -0.039134
v -0.988946 0.137845 -0.036077
v -1.017280 0.151673 -0.037223
v -1.012287 0.166274 -0.040353
v -1.011673 0.164904 -0.045764
v -1.016659 0.150300 -0.042633
v -1.063259 0.167159 -0.045901
v -1.059916 0.182162 -0.049216
v -1.059407 0.180849 -0.054652
v -1.062740 0.165841 -0.051335
v -1.103918 0.177156 -0.051841
v -1.101320 0.192357 -0.055172
v -1.100898 0.191092 -0.060627
v -1.103484 0.175885 -0.057293
v -1.131013 0.183577 -0.055333
v -1.129597 0.199116 -0.058792
v -1.129290 0.197897 -0.064245
v -1.130635 0.182337 -0.060797
v -1.178746 0.197650 -0.060428
v -1.174428 0.212687 -0.063976
v -1.174342 0.211364 -0.069434
v -1.178577 0.196293 -0.065902
v -1.215320 0.215391 -0.064222
v -1.208561 0.229556 -0.067895
v -1.208671 0.228179 -0.073348
v -1.215359 0.213971 -0.069691
v -1.273866 0.256735 -0.070115
v -1.264614 0.268814 -0.074025
v -1.265086 0.267400 -0.079458
v -1.274283 0.255273 -0.075562
v -1.310326 0.289481 -0.073151
v -1.300339 0.300900 -0.077365
v -1.301057 0.299499 -0.082779
v -1.310995 0.288029 -0.078579
v -1.338347 0.318941 -0.075631
v -1.328731 0.330777 -0.080009
v -1.329612 0.329499 -0.085406
v -1.339221 0.317653 -0.081027
v -1.043374 0.170379 0.019086
v -0.912125 0.083796 -0.002788
v -1.039883 0.186082 0.020485
v -0.898366 0.090080 -0.004520
v -1.040476 0.186881 0.014910
v -0.899204 0.090730 -0.009937
v -1.044034 0.171183 0.013531
v -0.912858 0.084353 -0.008243
v -1.252759 0.203499 0.061177
v -1.246543 0.217881 0.062053
v -1.247576 0.218661 0.056589
v -1.253785 0.204275 0.055711
v -1.477021 0.357931 0.127785
v -1.466867 0.369892 0.127759
v -1.467896 0.370754 0.122306
v -1.478050 0.358793 0.122332
v -0.919466 0.103892 0.000360
v -0.907854 0.114161 -0.000114
v -0.908472 0.114603 -0.005671
v -0.920019 0.104281 -0.005203
v -0.945288 0.131786 0.003493
v -0.935601 0.144252 0.003443
v -0.935933 0.144516 -0.002168
v -0.945694 0.132096 -0.002097
v -0.981553 0.155196 0.008419
v -0.975461 0.170029 0.009040
v -0.975836 0.170520 0.003425
v -0.981999 0.155709 0.002825
v -1.013024 0.166034 0.013607
v -1.008948 0.181511 0.014740
v -1.009424 0.182174 0.009140
v -1.013567 0.166708 0.008028
v -1.066437 0.171066 0.023183
v -1.066946 0.186601 0.025524
v -1.067881 0.187400 0.020046
v -1.067352 0.171863 0.017700
v -1.108320 0.172055 0.030459
v -1.108572 0.187665 0.032721
v -1.109531 0.188445 0.027243
v -1.109262 0.172833 0.024977
v -1.136208 0.173966 0.035615
v -1.137089 0.189768 0.037998
v -1.138063 0.190541 0.032522
v -1.137165 0.174736 0.030135
v -1.185093 0.180403 0.045321
v -1.183260 0.196226 0.047207
v -1.184259 0.196994 0.041734
v -1.186079 0.181167 0.039844
v -1.223297 0.191199 0.053898
v -1.219147 0.206705 0.055313
v -1.220165 0.207477 0.049844
v -1.224306 0.191966 0.048427
v -1.286495 0.218950 0.069818
v -1.279907 0.233182 0.070624
v -1.280955 0.233977 0.065164
v -1.287537 0.219740 0.064357
v -1.327349 0.241282 0.080961
v -1.320132 0.255245 0.081656
v -1.321191 0.256066 0.076203
v -1.328407 0.242100 0.075507
v -1.360805 0.262887 0.090703
v -1.353722 0.277078 0.091524
v -1.354787 0.277928 0.086076
v -1.361869 0.263734 0.085254
v -0.327929 -0.032024 -0.022656
v -0.327929 0.094276 -0.022656
v 0.417403 -0.019592 -0.022656
v 0.417403 0.091806 -0.022656
v 0.417403 -0.019592 0.022656
v 0.417403 0.091806 0.022656
v -0.327929 -0.032024 0.022656
v -0.327929 0.094276 0.022656
v -0.353791 -0.032024 -0.022656
v -0.353791 0.094276 -0.022656
v -0.353791 -0.032024 0.022656
v -0.353791 0.094276 0.022656
v -0.385644 -0.013459 -0.004803
v -0.385644 0.081586 0.000000
v -0.385644 -0.013459 0.004803
v -0.385644 0.034064 -0.005663
v -0.385644 0.034064 0.005663
v -2.851191 -0.264270 -0.004803
v -2.837958 -0.164825 0.000000
v -2.851191 -0.264270 0.004803
v -2.813829 -0.205744 -0.005663
v -2.813829 -0.205744 0.005663
v -2.909562 -0.274844 0.000000
v -2.886162 -0.219340 0.000000
v -2.259263 -0.155276 -0.004803
v -2.270974 -0.061149 0.000000
v -2.259263 -0.155276 0.004803
v -2.265118 -0.108214 -0.005663
v -2.265118 -0.108214 0.005663
v -1.699554 -0.080664 -0.004803
v -1.707691 0.013939 0.000000
v -1.699554 -0.080664 0.004803
v -1.703622 -0.033363 -0.005663
v -1.703622 -0.033363 0.005663
v -1.097955 -0.030687 -0.004803
v -1.102252 0.064234 0.000000
v -1.097955 -0.030687 0.004803
v -1.100103 0.016774 -0.005663
v -1.100103 0.016774 0.005663
v 0.417403 0.036107 -0.035669
v -0.327929 0.036310 -0.035669
v 0.417403 0.036107 0.035669
v -0.327929 0.036310 0.035669
v -0.353791 0.036310 -0.035669
v -0.353791 0.036310 0.035669
v -0.340158 -0.021575 -0.010993
v -0.340158 0.087659 -0.007230
v -0.340158 -0.021575 0.010993
v -0.340158 0.087659 0.007230
v -0.424841 -0.022256 -0.010993
v -0.424841 0.086978 -0.007230
v -0.424841 -0.022256 0.010993
v -0.424841 0.086978 0.007230
v -0.340158 0.036107 -0.012959
v -0.340158 0.036107 0.012959
v -0.424841 0.035426 -0.012959
v -0.424841 0.035426 0.012959
v -0.351888 0.036019 0.000000
v -0.351888 0.036019 0.100835
v -0.351888 -0.036181 0.087326
v -0.351888 -0.089035 0.050418
v -0.351888 -0.108381 0.000000
v -0.351888 -0.089035 -0.050418
v -0.351888 -0.036181 -0.087326
v -0.351888 0.036019 -0.100835
v -0.351888 0.108219 -0.087326
v -0.351888 0.161073 -0.050418
v -0.351888 0.180419 0.000000
v -0.351888 0.161073 0.050417
v -0.351888 0.108219 0.087326
v -0.370947 0.036019 0.100835
v -0.370947 -0.036181 0.087326
v -0.370947 -0.089035 0.050418
v -0.370947 -0.108381 0.000000
v -0.370947 -0.089035 -0.050418
v -0.370947 -0.036181 -0.087326
v -0.370947 0.036019 -0.100835
v -0.370947 0.108219 -0.087326
v -0.370947 0.161073 -0.050418
v -0.370947 0.180419 0.000000
v -0.370947 0.161073 0.050417
v -0.370947 0.108219 0.087326
v -0.370947 0.036019 0.000000
v -0.327929 -0.029554 -0.022656
v -0.327929 0.091806 -0.022656
v 0.417403 -0.019592 -0.022656
v 0.417403 0.091806 -0.022656
v 0.417403 -0.019592 0.022656
v 0.417403 0.091806 0.022656
v -0.327929 -0.029554 0.022656
v -0.327929 0.091806 0.022656
v -0.353791 -0.029554 -0.022656
v -0.353791 0.091806 -0.022656
v -0.353791 -0.029554 0.022656
v -0.353791 0.091806 0.022656
v -0.385644 -0.013459 -0.004803
v -0.385644 0.081586 0.000000
v -0.385644 -0.013459 0.004803
v -0.385644 0.034064 -0.005663
v -0.385644 0.034064 0.005663
v -1.097955 -0.030687 -0.004803
v -1.102252 0.064234 0.000000
v -1.097955 -0.030687 0.004803
v -1.100103 0.016774 -0.005663
v -1.100103 0.016774 0.005663
v 0.417403 0.036107 -0.035669
v -0.327929 0.036107 -0.035669
v 0.417403 0.036107 0.035669
v -0.327929 0.036107 0.035669
v -0.353791 0.036107 -0.035669
v -0.353791 0.036107 0.035669
v -0.351888 0.036019 0.000000
v -0.351888 0.036019 0.100835
v -0.351888 -0.036181 0.087326
v -0.351888 -0.089035 0.050418
v -0.351888 -0.108381 0.000000
v -0.351888 -0.089035 -0.050418
v -0.351888 -0.036181 -0.087326
v -0.351888 0.036019 -0.100835
v -0.351888 0.108219 -0.087326
v -0.351888 0.161073 -0.050418
v -0.351888 0.180419 0.000000
v -0.351888 0.161073 0.050417
v -0.351888 0.108219 0.087326
v -0.370947 0.036019 0.100835
v -0.370947 -0.036181 0.087326
v -0.370947 -0.089035 0.050418
v -0.370947 -0.108381 0.000000
v -0.370947 -0.089035 -0.050418
v -0.370947 -0.036181 -0.087326
v -0.370947 0.036019 -0.100835
v -0.370947 0.108219 -0.087326
v -0.370947 0.161073 -0.050418
v -0.370947 0.180419 0.000000
v -0.370947 0.161073 0.050417
v -0.370947 0.108219 0.087326
v -0.370947 0.036019 0.000000
v -0.340158 -0.021575 -0.010993
v -0.340158 0.087659 -0.007230
v -0.340158 -0.021575 0.010993
v -0.340158 0.087659 0.007230
v -0.424841 -0.022256 -0.010993
v -0.424841 0.086978 -0.007230
v -0.424841 -0.022256 0.010993
v -0.424841 0.086978 0.007230
v -0.340158 0.036107 -0.012959
v -0.340158 0.036107 0.012959
v -0.424841 0.035426 -0.012959
v -0.424841 0.035426 0.012959
v -2.851191 -0.264270 -0.004803
v -2.837958 -0.164825 0.000000
v -2.851191 -0.264270 0.004803
v -2.813829 -0.205744 -0.005663
v -2.813829 -0.205744 0.005663
v -2.909562 -0.274844 0.000000
v -2.886162 -0.219340 0.000000
v -2.259263 -0.155276 -0.004803
v -2.270974 -0.061149 0.000000
v -2.259263 -0.155276 0.004803
v -2.265118 -0.108214 -0.005663
v -2.265118 -0.108214 0.005663
v -1.699554 -0.080664 -0.004803
v -1.707691 0.013939 0.000000
v -1.699554 -0.080664 0.004803
v -1.703622 -0.033363 -0.005663
v -1.703622 -0.033363 0.005663
v -1.097955 -0.030687 -0.004803
v -1.102252 0.064234 0.000000
v -1.097955 -0.030687 0.004803
v -1.100103 0.016774 -0.005663
v -1.100103 0.016774 0.005663
v -0.354514 -0.035807 -0.030029
v -0.354925 0.108021 -0.030029
v -0.354514 -0.035807 0.030029
v -0.354925 0.108021 0.030029
v -0.351430 0.036107 -0.046064
v -0.351430 0.036107 0.046064
v -2.939167 -0.313605 -0.032201
v -2.971227 -0.162743 -0.032201
v -2.939167 -0.313605 0.032201
v -2.971227 -0.162743 0.032201
v -2.958645 -0.238917 -0.049396
v -2.958645 -0.238917 0.049396
v -2.253265 -0.183129 -0.033255
v -2.276973 -0.033298 -0.033255
v -2.253265 -0.183129 0.033255
v -2.276973 -0.033298 0.033255
v -2.265118 -0.108214 -0.055741
v -2.265118 -0.108214 0.055741
v -1.695417 -0.108765 -0.033255
v -1.711829 0.042040 -0.033255
v -1.695417 -0.108765 0.033255
v -1.711829 0.042040 0.033255
v -1.703622 -0.033363 -0.055741
v -1.703622 -0.033363 0.055741
v -1.095797 -0.058950 -0.033255
v -1.104410 0.092498 -0.033255
v -1.095797 -0.058950 0.033255
v -1.104410 0.092498 0.033255
v -1.100103 0.016774 -0.055741
v -1.100103 0.016774 0.055741
v 0.000000 0.707107 0.000000
v 0.707107 0.000000 0.000000
v -0.707107 0.000000 0.000000
v 0.000000 -0.707106 0.000000
v 0.000000 0.556562 0.040000
v 0.556562 0.000000 0.040000
v -0.556561 0.000000 0.040000
v 0.000000 -0.556561 0.040000
v -0.478647 0.451183 0.124121
v -0.618765 0.354233 0.124121
v -0.738664 0.802395 0.124121
v -0.867281 0.713403 0.124121
v -0.738664 0.802395 0.187739
v -0.867281 0.713403 0.187739
v -0.478646 0.451183 0.187739
v -0.618765 0.354233 0.187739
v -0.470023 0.438720 0.124121
v -0.610142 0.341770 0.124121
v -0.470024 0.438720 0.187739
v -0.610142 0.341770 0.187739
v -0.477985 0.410513 0.149187
v -0.587722 0.334585 0.155930
v -0.477985 0.410513 0.162673
v -0.532854 0.372548 0.147979
v -0.532854 0.372548 0.163881
v 0.633679 -0.577253 0.149187
v 0.514451 -0.650319 0.155930
v 0.633680 -0.577253 0.162673
v 0.553649 -0.606002 0.147979
v 0.553649 -0.606002 0.163881
v 0.665350 -0.596934 0.155930
v 0.593465 -0.629998 0.155930
v 0.310472 -0.379078 0.149187
v 0.205701 -0.459916 0.155930
v 0.310472 -0.379078 0.162673
v 0.258088 -0.419496 0.147979
v 0.258088 -0.419496 0.163881
v 0.037704 -0.168963 0.149187
v -0.068809 -0.248460 0.155930
v 0.037704 -0.168963 0.162673
v -0.015552 -0.208710 0.147979
v -0.015552 -0.208711 0.163881
v -0.220589 0.081018 0.149187
v -0.328749 0.003119 0.155930
v -0.220589 0.081018 0.162673
v -0.274670 0.042068 0.147979
v -0.274670 0.042068 0.163881
v -0.802973 0.757899 0.105851
v -0.554457 0.398729 0.105851
v -0.802972 0.757899 0.206009
v -0.554457 0.398728 0.206009
v -0.545834 0.386266 0.105851
v -0.545834 0.386266 0.206009
v -0.546366 0.387253 0.155930
v -0.546367 0.387253 0.297502
v -0.463007 0.444931 0.278536
v -0.401983 0.487155 0.226717
v -0.379647 0.502609 0.155930
v -0.401983 0.487154 0.085143
v -0.463007 0.444932 0.033324
v -0.546367 0.387253 0.014358
v -0.629726 0.329575 0.033324
v -0.690750 0.287352 0.085143
v -0.713086 0.271897 0.155930
v -0.690750 0.287352 0.226715
v -0.629726 0.329575 0.278536
v -0.540012 0.378069 0.297502
v -0.456652 0.435747 0.278536
v -0.395628 0.477971 0.226717
v -0.373292 0.493425 0.155930
v -0.395628 0.477970 0.085143
v -0.456652 0.435747 0.033324
v -0.540012 0.378069 0.014358
v -0.623372 0.320391 0.033324
v -0.684395 0.278168 0.085143
v -0.706731 0.262713 0.155930
v -0.684395 0.278168 0.226715
v -0.623371 0.320391 0.278536
v -0.540012 0.378069 0.155930
v -0.483781 0.438916 0.140496
v -0.609900 0.351653 0.145779
v -0.483782 0.438916 0.171364
v -0.609900 0.351653 0.166081
v -0.454759 0.398652 0.140496
v -0.580877 0.311389 0.145779
v -0.454759 0.398652 0.171364
v -0.580878 0.311389 0.166081
v -0.550379 0.392836 0.137736
v -0.550379 0.392835 0.174124
v -0.521357 0.352571 0.137736
v -0.521357 0.352571 0.174124
v 0.460267 0.488649 0.114664
v 0.584415 0.409360 0.114664
v 0.460267 0.488649 0.060434
v 0.584415 0.409360 0.060434
v 0.522341 0.449004 0.129395
v 0.522341 0.449004 0.045703
v -0.595310 -0.584157 0.114664
v -0.482258 -0.674678 0.114664
v -0.595310 -0.584157 0.060434
v -0.482258 -0.674678 0.060434
v -0.538784 -0.629417 0.129395
v -0.538784 -0.629417 0.045703
v -0.261928 -0.335465 0.114664
v -0.145445 -0.423412 0.114664
v -0.261928 -0.335465 0.060434
v -0.145445 -0.423412 0.060434
v -0.203688 -0.379437 0.129395
v -0.203688 -0.379437 0.045703
v -0.017839 -0.112334 0.114664
v 0.101306 -0.197845 0.114664
v -0.017839 -0.112334 0.060434
v 0.101306 -0.197845 0.060434
v 0.041733 -0.155089 0.129395
v 0.041733 -0.155089 0.045703
v 0.215293 0.146161 0.114664
v 0.336983 0.063470 0.114664
v 0.215293 0.146161 0.060434
v 0.336983 0.063470 0.060434
v 0.276139 0.104815 0.129395
v 0.276139 0.104815 0.045703
v -0.595310 -0.584157 0.114664
v -0.482258 -0.674678 0.114664
v -0.595310 -0.584157 0.060434
v -0.482258 -0.674678 0.060434
v -0.538784 -0.629417 0.129395
v -0.538784 -0.629417 0.045703
v 0.265903 0.225206 0.118621
v 0.397613 0.139936 0.118622
v 0.265903 0.225206 0.056476
v 0.397613 0.139936 0.056477
v 0.331758 0.182571 0.137310
v 0.331758 0.182571 0.037787
v 0.277519 0.241446 0.118621
v 0.409900 0.157112 0.118622
v 0.277519 0.241446 0.056476
v 0.409900 0.157112 0.056477
v 0.343709 0.199279 0.137310
v 0.343709 0.199279 0.037787
v 0.000000 0.707107 0.000000
v 0.707107 0.000000 0.000000
v -0.707107 0.000000 0.000000
v 0.000000 -0.707106 0.000000
v 0.000000 0.556562 -0.040000
v 0.556562 0.000000 -0.040000
v -0.556561 0.000000 -0.040000
v 0.000000 -0.556561 -0.040000
v 0.389994 -0.009091 0.105144
v 0.384353 0.144578 0.090547
v 0.405202 -0.011486 0.106352
v 0.397925 0.151283 0.091210
v 0.404321 -0.010332 0.108551
v 0.397066 0.151991 0.093402
v 0.389113 -0.007931 0.107343
v 0.383492 0.145431 0.092736
v 0.352843 -0.218856 0.115250
v 0.368050 -0.217512 0.116726
v 0.366700 -0.217047 0.118934
v 0.351482 -0.218319 0.117464
v 0.423879 -0.489411 0.121673
v 0.438261 -0.484741 0.123371
v 0.436753 -0.484945 0.125563
v 0.422371 -0.489614 0.123865
v 0.394465 0.125985 0.092347
v 0.409665 0.128299 0.093166
v 0.408784 0.129339 0.095372
v 0.393587 0.127105 0.094544
v 0.398160 0.088796 0.096298
v 0.413684 0.088904 0.097309
v 0.412810 0.090267 0.099489
v 0.397287 0.090160 0.098478
v 0.397678 0.047609 0.100428
v 0.413006 0.045250 0.101667
v 0.412130 0.046541 0.103854
v 0.396802 0.048906 0.102615
v 0.394610 0.017454 0.103079
v 0.409751 0.014478 0.104348
v 0.408873 0.015694 0.106542
v 0.393732 0.018678 0.105273
v 0.385032 -0.030108 0.106598
v 0.399697 -0.034715 0.107942
v 0.398815 -0.033617 0.110146
v 0.384150 -0.028999 0.108801
v 0.373361 -0.070318 0.109006
v 0.387824 -0.075669 0.110357
v 0.386939 -0.074670 0.112568
v 0.372476 -0.069307 0.111217
v 0.365373 -0.096994 0.110422
v 0.379539 -0.103537 0.111824
v 0.378636 -0.102662 0.114035
v 0.364488 -0.096046 0.112637
v 0.353694 -0.145368 0.112488
v 0.368876 -0.149147 0.113926
v 0.367773 -0.148411 0.116139
v 0.352604 -0.144543 0.114707
v 0.350771 -0.185913 0.114026
v 0.366418 -0.187142 0.115515
v 0.365171 -0.186548 0.117726
v 0.349523 -0.185236 0.116243
v 0.357304 -0.257287 0.116415
v 0.372390 -0.255314 0.118001
v 0.370929 -0.255016 0.120203
v 0.355829 -0.256917 0.118624
v 0.367433 -0.305235 0.117646
v 0.382315 -0.302296 0.119355
v 0.380743 -0.302217 0.121550
v 0.365841 -0.305089 0.119847
v 0.378935 -0.344231 0.118652
v 0.393993 -0.341822 0.120427
v 0.392446 -0.341947 0.122615
v 0.377383 -0.344345 0.120840
v 0.397763 -0.014497 0.080249
v 0.388405 0.142459 0.089117
v 0.413108 -0.019325 0.079681
v 0.400726 0.151233 0.089819
v 0.413503 -0.020238 0.081942
v 0.400870 0.150183 0.092016
v 0.398130 -0.015471 0.082501
v 0.388520 0.141546 0.091329
v 0.321754 -0.212390 0.063182
v 0.337317 -0.214198 0.062827
v 0.337475 -0.215482 0.065043
v 0.321913 -0.213666 0.065399
v 0.343365 -0.483822 0.036176
v 0.358800 -0.481009 0.036186
v 0.359032 -0.482331 0.038397
v 0.343596 -0.485144 0.038387
v 0.402138 0.126054 0.087841
v 0.416837 0.130976 0.088033
v 0.416910 0.130220 0.090286
v 0.402198 0.125381 0.090096
v 0.413384 0.089745 0.086571
v 0.429023 0.091901 0.086591
v 0.429085 0.091481 0.088866
v 0.413449 0.089238 0.088837
v 0.415525 0.046633 0.084573
v 0.431417 0.044492 0.084322
v 0.431655 0.043922 0.086598
v 0.415746 0.045990 0.086841
v 0.409176 0.013960 0.082470
v 0.424616 0.009751 0.082011
v 0.424953 0.009007 0.084281
v 0.409488 0.013153 0.084732
v 0.386827 -0.034814 0.078587
v 0.400026 -0.043022 0.077638
v 0.400250 -0.044231 0.079859
v 0.387059 -0.036004 0.080810
v 0.366741 -0.071580 0.075637
v 0.380134 -0.079603 0.074720
v 0.380330 -0.080824 0.076941
v 0.366945 -0.072784 0.077860
v 0.354453 -0.096687 0.073546
v 0.367697 -0.105351 0.072580
v 0.367879 -0.106581 0.074801
v 0.354641 -0.097901 0.075768
v 0.335585 -0.142241 0.069611
v 0.350204 -0.148565 0.068847
v 0.350370 -0.149814 0.071066
v 0.335753 -0.143477 0.071832
v 0.325833 -0.180725 0.066134
v 0.341336 -0.184883 0.065560
v 0.341495 -0.186152 0.067777
v 0.325993 -0.181982 0.068352
v 0.318266 -0.249331 0.059679
v 0.333886 -0.250742 0.059352
v 0.334050 -0.252047 0.061566
v 0.318430 -0.250629 0.061893
v 0.317180 -0.295879 0.055161
v 0.332881 -0.296609 0.054879
v 0.333062 -0.297937 0.057090
v 0.317359 -0.297203 0.057372
v 0.319162 -0.335654 0.051211
v 0.334993 -0.336616 0.050878
v 0.335197 -0.337963 0.053087
v 0.319363 -0.336999 0.053420
v 0.000000 0.707107 0.000000
v 0.707107 0.000000 0.000000
v -0.707107 0.000000 0.000000
v 0.000000 -0.707106 0.000000
v 0.000000 0.556562 0.040000
v 0.556562 0.000000 0.040000
v -0.556561 0.000000 0.040000
v 0.000000 -0.556561 0.040000
v -0.112764 -0.287653 0.131825
v 0.010408 -0.436259 0.131825
v -0.579429 -0.695029 0.131825
v -0.466367 -0.831436 0.131825
v -0.579429 -0.695029 0.185788
v -0.466367 -0.831436 0.185788
v -0.112764 -0.287653 0.185788
v 0.010409 -0.436259 0.185788
v -0.096221 -0.273941 0.131825
v 0.026952 -0.422547 0.131825
v -0.096221 -0.273941 0.185788
v 0.026952 -0.422547 0.185788
v -0.059510 -0.276761 0.153086
v 0.036955 -0.393144 0.158806
v -0.059509 -0.276761 0.164527
v -0.011276 -0.334953 0.152062
v -0.011277 -0.334953 0.165551
v 0.378658 0.122004 0.153086
v 0.477745 0.008051 0.158806
v 0.378658 0.122004 0.164527
v 0.428202 0.065027 0.152062
v 0.428202 0.065026 0.165551
v -0.522898 -0.763233 0.116327
v -0.046123 -0.368056 0.116327
v -0.522898 -0.763232 0.201286
v -0.046122 -0.368056 0.201286
v -0.029579 -0.354343 0.116327
v -0.029579 -0.354344 0.201286
v -0.030886 -0.355245 0.158806
v -0.030886 -0.355245 0.278894
v -0.104164 -0.266835 0.262806
v -0.157807 -0.202115 0.218851
v -0.177442 -0.178426 0.158806
v -0.157807 -0.202115 0.098762
v -0.104164 -0.266835 0.054807
v -0.030885 -0.355245 0.038719
v 0.042392 -0.443654 0.054807
v 0.096036 -0.508374 0.098762
v 0.115671 -0.532063 0.158806
v 0.096036 -0.508374 0.218850
v 0.042392 -0.443654 0.262806
v -0.018694 -0.345140 0.278894
v -0.091972 -0.256730 0.262806
v -0.145616 -0.192010 0.218851
v -0.165250 -0.168321 0.158806
v -0.145615 -0.192010 0.098762
v -0.091972 -0.256730 0.054807
v -0.018694 -0.345139 0.038719
v 0.054584 -0.433549 0.054807
v 0.108228 -0.498269 0.098762
v 0.127863 -0.521958 0.158806
v 0.108228 -0.498269 0.218850
v 0.054584 -0.433549 0.262806
v -0.018694 -0.345139 0.158806
v -0.096843 -0.290940 0.145715
v 0.014022 -0.424697 0.150196
v -0.096843 -0.290940 0.171898
v 0.014022 -0.424697 0.167417
v -0.043364 -0.245206 0.145715
v 0.067500 -0.378964 0.150196
v -0.043364 -0.245207 0.171898
v 0.067501 -0.378964 0.167417
v -0.038300 -0.361572 0.143373
v -0.038300 -0.361572 0.174240
v 0.015180 -0.315839 0.143373
v 0.015180 -0.315839 0.174240
v -0.474851 0.740015 0.153086
v -0.331276 0.807263 0.158806
v -0.474851 0.740014 0.164527
v -0.378412 0.758116 0.152062
v -0.378412 0.758116 0.165551
v -0.513116 0.774228 0.158806
v -0.426517 0.800134 0.158806
v -0.084358 0.394421 0.153086
v 0.041752 0.475673 0.158806
v -0.084358 0.394421 0.164527
v -0.021304 0.435045 0.152062
v -0.021305 0.435046 0.165551
v 0.127899 0.169882 0.164527
v 0.202304 0.198499 0.152062
v 0.127899 0.169882 0.153086
v 0.202304 0.198499 0.165551
v 0.276711 0.227117 0.158806
v -0.550028 -0.041315 0.153086
v -0.419821 0.035166 0.158806
v -0.550029 -0.041314 0.164527
v -0.484925 -0.003073 0.152062
v -0.484924 -0.003075 0.165551
v -0.628182 0.058323 0.153086
v -0.497811 0.134595 0.158806
v -0.562997 0.096459 0.165551
v -0.562996 0.096459 0.152062
v -0.628182 0.058323 0.164527
v 0.190328 0.524808 0.153086
v 0.315378 0.440868 0.158806
v 0.190328 0.524808 0.164527
v 0.252853 0.482837 0.152062
v 0.252853 0.482837 0.165551
v 0.254724 0.683165 0.164527
v 0.311602 0.627309 0.152062
v 0.254725 0.683165 0.153086
v 0.311602 0.627309 0.165551
v 0.368481 0.571451 0.158806
v -0.291540 0.031178 0.153086
v -0.154099 -0.030413 0.158806
v -0.291540 0.031177 0.164527
v -0.222819 0.000382 0.152062
v -0.222820 0.000381 0.165551
v -0.326073 -0.077188 0.164527
v -0.248501 -0.080207 0.152062
v -0.326073 -0.077188 0.153086
v -0.248502 -0.080208 0.165551
v -0.170929 -0.083228 0.158806
v -0.398348 0.344694 0.153086
v -0.260435 0.411352 0.158806
v -0.329392 0.378023 0.165551
v -0.329391 0.378023 0.152062
v -0.398348 0.344694 0.164527
v -0.307766 0.229212 0.153086
v -0.177395 0.305483 0.158806
v -0.242581 0.267347 0.165551
v -0.242580 0.267348 0.152062
v -0.307766 0.229211 0.164527
v 0.659209 0.208664 0.164527
v 0.598330 0.160495 0.152062
v 0.659208 0.208664 0.153086
v 0.598331 0.160495 0.165551
v 0.537451 0.112323 0.158806
v 0.612893 0.318263 0.153086
v 0.462328 0.290101 0.158806
v 0.537611 0.304181 0.165551
v 0.537611 0.304181 0.152062
v 0.612894 0.318262 0.164527
v 0.000000 0.707107 0.000000
v 0.707107 0.000000 0.000000
v -0.707107 0.000000 0.000000
v 0.000000 -0.707106 0.000000
v 0.000000 0.556562 -0.040000
v 0.556562 0.000000 -0.040000
v -0.556561 0.000000 -0.040000
v 0.000000 -0.556561 -0.040000
v 0.000000 0.707107 0.000000
v 0.707107 0.000000 0.000000
v -0.707107 0.000000 0.000000
v 0.000000 -0.707106 0.000000
v 0.000000 0.556562 0.040000
v 0.556562 0.000000 0.040000
v -0.556561 0.000000 0.040000
v 0.000000 -0.556561 0.040000
v -0.478647 0.451183 0.124121
v -0.618765 0.354233 0.124121
v -0.738664 0.802395 0.124121
v -0.867281 0.713403 0.124121
v -0.738664 0.802395 0.187739
v -0.867281 0.713403 0.187739
v -0.478646 0.451183 0.187739
v -0.618765 0.354233 0.187739
v -0.470023 0.438720 0.124121
v -0.610142 0.341770 0.124121
v -0.470024 0.438720 0.187739
v -0.610142 0.341770 0.187739
v -0.477985 0.410513 0.149187
v -0.587722 0.334585 0.155930
v -0.477985 0.410513 0.162673
v -0.532854 0.372548 0.147979
v -0.532854 0.372548 0.163881
v 0.633679 -0.577253 0.149187
v 0.514451 -0.650319 0.155930
v 0.633680 -0.577253 0.162673
v 0.553649 -0.606002 0.147979
v 0.553649 -0.606002 0.163881
v 0.665350 -0.596934 0.155930
v 0.593465 -0.629998 0.155930
v 0.310472 -0.379078 0.149187
v 0.205701 -0.459916 0.155930
v 0.310472 -0.379078 0.162673
v 0.258088 -0.419496 0.147979
v 0.258088 -0.419496 0.163881
v 0.037704 -0.168963 0.149187
v -0.068809 -0.248460 0.155930
v 0.037704 -0.168963 0.162673
v -0.015552 -0.208710 0.147979
v -0.015552 -0.208711 0.163881
v -0.220589 0.081018 0.149187
v -0.328749 0.003119 0.155930
v -0.220589 0.081018 0.162673
v -0.274670 0.042068 0.147979
v -0.274670 0.042068 0.163881
v -0.802973 0.757899 0.105851
v -0.554457 0.398729 0.105851
v -0.802972 0.757899 0.206009
v -0.554457 0.398728 0.206009
v -0.545834 0.386266 0.105851
v -0.545834 0.386266 0.206009
v -0.546366 0.387253 0.155930
v -0.546367 0.387253 0.297502
v -0.463007 0.444931 0.278536
v -0.401983 0.487155 0.226717
v -0.379647 0.502609 0.155930
v -0.401983 0.487154 0.085143
v -0.463007 0.444932 0.033324
v -0.546367 0.387253 0.014358
v -0.629726 0.329575 0.033324
v -0.690750 0.287352 0.085143
v -0.713086 0.271897 0.155930
v -0.690750 0.287352 0.226715
v -0.629726 0.329575 0.278536
v -0.540012 0.378069 0.297502
v -0.456652 0.435747 0.278536
v -0.395628 0.477971 0.226717
v -0.373292 0.493425 0.155930
v -0.395628 0.477970 0.085143
v -0.456652 0.435747 0.033324
v -0.540012 0.378069 0.014358
v -0.623372 0.320391 0.033324
v -0.684395 0.278168 0.085143
v -0.706731 0.262713 0.155930
v -0.684395 0.278168 0.226715
v -0.623371 0.320391 0.278536
v -0.540012 0.378069 0.155930
v -0.483781 0.438916 0.140496
v -0.609900 0.351653 0.145779
v -0.483782 0.438916 0.171364
v -0.609900 0.351653 0.166081
v -0.454759 0.398652 0.140496
v -0.580877 0.311389 0.145779
v -0.454759 0.398652 0.171364
v -0.580878 0.311389 0.166081
v -0.550379 0.392836 0.137736
v -0.550379 0.392835 0.174124
v -0.521357 0.352571 0.137736
v -0.521357 0.352571 0.174124
v 0.000000 0.707107 0.000000
v 0.707107 0.000000 0.000000
v -0.707107 0.000000 0.000000
v 0.000000 -0.707106 0.000000
v 0.000000 0.556562 -0.040000
v 0.556562 0.000000 -0.040000
v -0.556561 0.000000 -0.040000
v 0.000000 -0.556561 -0.040000
# 900 vertices

vt 0.96875 0.93750
vt 0.96875 0.99432
vt 0.96814 0.11536
vt 0.07009 0.11536
vt 0.07009 0.06194
vt 0.96814 0.06194
vt 0.96814 0.17179
vt 0.07009 0.17179
vt 0.36124 0.98592
vt 0.36124 0.97683
vt 0.39002 0.97683
vt 0.39002 0.98592
vt 0.39002 0.97841
vt 0.36124 0.97844
vt 0.39002 0.97844
vt 0.36124 0.97841
vt 0.39002 0.98049
vt 0.36124 0.98056
vt 0.39002 0.98056
vt 0.36124 0.98049
vt 0.39002 0.98276
vt 0.36124 0.98287
vt 0.39002 0.98287
vt 0.36124 0.98276
vt 0.36124 0.98452
vt 0.39002 0.98443
vt 0.39002 0.98452
vt 0.36124 0.98443
vt 0.12500 0.47500
vt 0.20000 0.47500
vt 0.04425 0.37374
vt 0.05000 0.37500
vt 0.02500 0.45000
vt 0.02500 0.37500
vt 0.00731 0.60564
vt 0.98387 0.60564
vt 0.00731 0.50680
vt 0.98387 0.50680
vt 1.60789 0.73448
vt 1.60789 0.63489
vt 1.00759 0.63489
vt 1.00759 0.73448
vt 3.78060 0.73448
vt 3.78060 0.63489
vt 3.17114 0.63489
vt 3.17114 0.73448
vt 0.35000 0.27500
vt 0.35000 0.37500
vt 0.05000 0.27500
vt 0.35000 0.47500
vt 0.52500 0.37500
vt 0.52500 0.27500
vt 0.52500 0.47500
vt 0.97500 0.27500
vt 0.97500 0.37500
vt 0.72500 0.37500
vt 0.72500 0.27500
vt 0.97500 0.47500
vt 0.72500 0.47500
vt 0.00731 0.55622
vt 0.98387 0.55622
vt 0.00073 0.87385
vt 0.31447 0.87385
vt 0.25724 0.99634
vt 0.05796 0.99634
vt 0.05796 0.75137
vt 0.25724 0.75137
vt 4.50771 0.73448
vt 4.50771 0.63489
vt 0.24716 0.63489
vt 0.24716 0.73448
vt 2.38541 0.73448
vt 2.38541 0.63489
vt 0.35938 0.96875
vt 0.34375 0.96875
vt 0.34398 0.97095
vt 0.35964 0.97095
vt 0.35944 0.98217
vt 0.34391 0.98218
vt 0.34376 0.98072
vt 0.35927 0.98072
vt 0.35959 0.97696
vt 0.34398 0.97696
vt 0.35928 0.97436
vt 0.34372 0.97436
vt 0.64062 0.78125
vt 0.32812 0.87500
vt 0.28125 0.78125
vt 0.43750 0.96875
vt 0.64062 1.00000
vt 0.84375 0.96875
vt 0.95312 0.87500
vt 1.00000 0.78125
vt 0.37500 0.95726
vt 0.37500 0.95721
vt 0.37500 0.96216
vt 0.37500 0.96221
vt 0.37500 0.95317
vt 0.37500 0.95312
vt 0.37500 0.95103
vt 0.37500 0.95098
vt 0.37500 0.95141
vt 0.37500 0.95136
vt 0.37500 0.95423
vt 0.37500 0.95418
vt 0.37500 0.95877
vt 0.37500 0.95872
vt 0.37500 0.96378
vt 0.37500 0.96373
vt 0.37500 0.96790
vt 0.37500 0.96785
vt 0.37500 0.97002
vt 0.37500 0.96997
vt 0.37500 0.96957
vt 0.37500 0.96953
vt 0.37500 0.96671
vt 0.37500 0.96666
vt 0.32400 0.31757
vt 0.32400 0.07736
vt 0.15793 0.07736
vt 0.15793 0.31757
vt 0.78501 0.31757
vt 0.95036 0.31757
vt 0.95036 0.07736
vt 0.78501 0.07736
vt 0.03624 0.07736
vt 0.03627 0.31757
vt 0.49011 0.31757
vt 0.49011 0.07736
vt 0.61911 0.31757
vt 0.61911 0.07736
vt 0.32400 0.51553
vt 0.15793 0.51553
vt 0.95036 0.51553
vt 0.78501 0.51553
vt 0.03630 0.51553
vt 0.49011 0.51553
vt 0.61911 0.51553
vt 0.32400 0.72675
vt 0.15793 0.72675
vt 0.95036 0.72675
vt 0.78501 0.72675
vt 0.03632 0.72675
vt 0.49011 0.72675
vt 0.61911 0.72675
vt 0.24717 0.03347
vt 0.24717 0.05904
vt 0.41312 0.05454
vt 0.41312 0.03797
vt 0.08122 0.03797
vt 0.08122 0.05454
vt 0.78501 0.98619
vt 0.95036 0.98619
vt 0.03635 0.98619
vt 0.15793 0.98619
vt 0.61911 0.98619
vt 0.49011 0.98619
vt 0.32400 0.98619
vt 0.72453 0.05854
vt 0.72453 0.03297
vt 0.55477 0.03747
vt 0.55477 0.05404
vt 0.89429 0.05404
vt 0.89429 0.03747
vt 0.96484 0.92383
vt 0.95703 0.92773
vt 0.98047 0.92773
vt 0.97266 0.92383
vt 0.98047 0.91602
vt 0.97266 0.91992
vt 0.95703 0.91602
vt 0.96484 0.91992
vt 0.01562 0.87500
vt 0.15625 0.99219
vt 0.29688 0.87500
vt 0.16406 0.75781
vt 0.98047 0.91211
vt 0.95703 0.91211
vt 0.96484 0.90820
vt 0.97266 0.90820
vt 0.98047 0.90039
vt 0.97266 0.90430
vt 0.95703 0.90039
vt 0.96484 0.90430
vt 0.56994 0.27500
vt 0.55832 0.37500
vt 0.54677 0.47500
vt 0.67517 0.37500
vt 0.67496 0.27500
vt 0.67538 0.47500
vt 0.46831 0.37500
vt 0.46267 0.27500
vt 0.47392 0.47500
vt 0.61976 0.37500
vt 0.62255 0.47500
vt 0.61696 0.27500
# 196 texture vertices

vn 0.02088 -0.99978 0.00000
vn -0.01758 0.99985 0.00000
vn 0.00449 -0.19041 0.98170
vn -0.00461 0.20711 0.97831
vn 0.00111 -0.05530 -0.99847
vn -0.00045 0.01702 0.99986
vn 0.03626 -0.19282 -0.98056
vn -0.03626 0.19281 -0.98057
vn 0.03626 -0.19281 0.98057
vn -0.18482 0.98277 0.00000
vn -0.01230 0.06540 -0.99778
vn 0.01230 -0.06541 0.99778
vn 0.02937 -0.19392 -0.98058
vn -0.03282 0.19337 -0.98058
vn 0.03282 -0.19337 0.98058
vn -0.16731 0.98590 0.00000
vn 0.00176 0.00028 -1.00000
vn -0.00176 -0.00028 1.00000
vn 0.01947 -0.19517 -0.98058
vn -0.02270 0.19481 -0.98058
vn 0.02270 -0.19482 0.98058
vn -0.11572 0.99328 0.00000
vn 0.00165 0.00018 -1.00000
vn -0.00165 -0.00018 1.00000
vn 0.00843 -0.19209 -0.98134
vn -0.01198 0.19576 -0.98058
vn 0.01219 -0.19575 0.98058
vn -0.05021 0.99874 0.00000
vn 0.00208 0.00383 -0.99999
vn -0.00240 0.03334 0.99944
vn -0.97755 -0.21069 0.00000
vn -0.97755 -0.21071 0.00000
vn -0.97755 -0.21069 0.00000
vn -0.97755 -0.21071 0.00000
vn -0.97755 -0.21070 0.00000
vn -0.97755 -0.21070 0.00000
vn -0.99992 -0.01244 0.00000
vn -0.99992 -0.01243 0.00000
vn -0.99992 -0.01244 0.00000
vn -0.99992 -0.01244 0.00000
vn -0.99992 -0.01244 0.00000
vn 1.00000 -0.00230 0.00000
vn 1.00000 -0.00230 0.00000
vn 1.00000 -0.00230 0.00000
vn 1.00000 -0.00230 0.00000
vn -0.10207 0.24019 0.96534
vn 0.56145 -0.80145 0.20604
vn -0.09887 0.23763 0.96631
vn 0.56531 -0.80171 0.19413
vn 0.33159 0.92343 -0.19321
vn 0.56907 -0.80185 0.18219
vn 0.10206 -0.24021 -0.96534
vn 0.05778 0.23514 0.97024
vn 0.57849 0.78028 -0.23772
vn -0.06960 -0.24009 -0.96825
vn -0.05684 -0.23413 -0.97054
vn -0.67808 0.73351 -0.04659
vn -0.67803 0.73356 -0.04648
vn -0.67813 0.73346 -0.04669
vn -0.06089 0.22635 0.97214
vn -0.09436 0.23517 0.96736
vn 0.73815 0.66727 -0.09944
vn 0.06235 -0.22785 -0.97170
vn -0.12496 0.25481 0.95888
vn -0.12743 0.25289 0.95907
vn 0.56145 0.81551 -0.14041
vn 0.12512 -0.25496 -0.95882
vn -0.12475 0.25183 0.95970
vn -0.12034 0.24906 0.96098
vn 0.48748 0.85800 -0.16186
vn 0.12474 -0.25186 -0.95969
vn -0.11228 0.24564 0.96284
vn -0.10858 0.24300 0.96393
vn 0.40212 0.89744 -0.18139
vn 0.11227 -0.24563 -0.96284
vn -0.09204 0.23512 0.96760
vn 0.28703 0.93707 -0.19878
vn 0.08783 -0.23161 -0.96884
vn 0.09203 -0.23513 -0.96760
vn -0.07995 0.22833 0.97029
vn 0.25657 0.94572 -0.19946
vn 0.07546 -0.22462 -0.97152
vn 0.07995 -0.22836 -0.97029
vn -0.06069 0.22290 0.97295
vn 0.26967 0.94271 -0.19642
vn 0.05038 -0.22664 -0.97267
vn 0.06087 -0.22214 -0.97311
vn -0.02311 0.22934 0.97307
vn 0.37845 0.90120 -0.21124
vn 0.00755 -0.23666 -0.97156
vn 0.02402 -0.22812 -0.97334
vn 0.02191 0.23455 0.97186
vn 0.51725 0.82555 -0.22565
vn -0.03396 -0.24038 -0.97008
vn -0.02098 -0.23339 -0.97216
vn 0.09415 0.23244 0.96804
vn 0.63678 0.72786 -0.25443
vn -0.10958 -0.23685 -0.96535
vn -0.09323 -0.23161 -0.96833
vn 0.13246 0.22966 0.96421
vn 0.69287 0.66956 -0.26763
vn -0.14370 -0.23174 -0.96211
vn -0.13180 -0.22874 -0.96452
vn 0.15707 0.22472 0.96168
vn 0.71267 0.64759 -0.26969
vn -0.16188 -0.22189 -0.96154
vn -0.15715 -0.22418 -0.96179
vn 0.16920 -0.13031 0.97693
vn 0.39576 -0.90671 -0.14576
vn 0.16781 -0.12153 0.97830
vn 0.39773 -0.90382 -0.15785
vn 0.10615 0.98649 0.12478
vn 0.39963 -0.90079 -0.16991
vn -0.16990 0.13005 -0.97684
vn 0.18377 -0.13851 0.97316
vn 0.41436 0.90864 0.05182
vn -0.18454 0.13951 -0.97287
vn -0.18379 0.13851 -0.97316
vn -0.73999 0.62872 0.23901
vn -0.73999 0.62872 0.23901
vn 0.13030 -0.08525 0.98780
vn 0.09876 -0.07142 0.99254
vn 0.84250 0.53605 -0.05324
vn -0.12913 0.08349 -0.98811
vn 0.08001 -0.05324 0.99537
vn 0.08406 -0.06566 0.99429
vn 0.64631 0.76307 -0.00234
vn -0.08001 0.05253 -0.99541
vn 0.10355 -0.08003 0.99140
vn 0.11676 -0.09320 0.98878
vn 0.47944 0.87689 0.03471
vn -0.10348 0.07920 -0.99147
vn 0.14639 -0.10984 0.98311
vn 0.14806 -0.11094 0.98274
vn 0.28085 0.95627 0.08166
vn -0.14617 0.10918 -0.98322
vn 0.16762 -0.14153 0.97564
vn 0.04589 0.98956 0.13662
vn -0.17052 0.13715 -0.97576
vn -0.16820 0.14157 -0.97553
vn 0.16744 -0.13968 0.97594
vn 0.07191 0.98906 0.12878
vn -0.16884 0.13840 -0.97588
vn -0.16742 0.13974 -0.97593
vn 0.17225 -0.13782 0.97536
vn 0.13789 0.98388 0.11384
vn -0.17374 0.13718 -0.97519
vn -0.17225 0.13786 -0.97536
vn 0.17771 -0.13694 0.97451
vn 0.25080 0.96390 0.08939
vn -0.17845 0.13688 -0.97438
vn -0.17693 0.13696 -0.97465
vn 0.18146 -0.13742 0.97375
vn 0.35851 0.93127 0.06483
vn -0.18201 0.13774 -0.97360
vn -0.18100 0.13728 -0.97386
vn 0.18605 -0.14068 0.97242
vn 0.46795 0.88286 0.03980
vn -0.18660 0.14253 -0.97204
vn -0.18605 0.14065 -0.97242
vn 0.18771 -0.14423 0.97158
vn 0.52933 0.84801 0.02616
vn -0.18776 0.14692 -0.97117
vn -0.18771 0.14422 -0.97158
vn 0.18791 -0.14846 0.97090
vn 0.59244 0.80556 0.00987
vn -0.18645 0.15130 -0.97074
vn -0.18789 0.14848 -0.97090
vn 0.00834 -0.99997 0.00000
vn 0.00166 1.00000 0.00000
vn 0.01668 -0.99986 0.00000
vn 0.00331 0.99999 0.00000
vn 0.00331 0.99999 0.00000
vn 0.00000 -1.00000 0.00000
vn 0.00000 1.00000 0.00000
vn 0.00044 -0.01810 -0.99984
vn -0.00286 0.11834 0.99297
vn 0.00044 -0.01809 0.99984
vn -0.00177 0.07301 -0.99733
vn -0.00066 0.02744 0.99962
vn 0.17967 -0.98373 0.00000
vn -0.05796 0.10324 0.99297
vn 0.18014 -0.98364 0.00000
vn -0.03606 0.05490 -0.99784
vn -0.03606 0.05490 0.99784
vn 0.17825 -0.98399 0.00000
vn -0.08912 0.05324 0.99460
vn 0.00276 -0.01762 -0.99984
vn -0.01869 0.11897 0.99272
vn 0.00288 -0.01750 0.99984
vn -0.00933 0.06336 -0.99795
vn -0.00571 0.03620 0.99933
vn 0.00180 -0.01802 -0.99984
vn -0.01176 0.11787 0.99296
vn 0.00210 -0.01800 0.99984
vn -0.00484 0.05005 -0.99873
vn -0.00597 0.04995 0.99873
vn 0.00097 -0.01807 -0.99984
vn -0.00634 0.11820 0.99297
vn 0.00097 -0.01807 0.99984
vn -0.00147 0.02741 -0.99962
vn -0.00391 0.07292 0.99733
vn 0.00000 -0.00000 -1.00000
vn 0.00056 -0.01798 -0.99984
vn 1.00000 0.00000 0.00000
vn 0.00053 0.00946 0.99996
vn 0.00000 0.08525 -0.99636
vn 0.00000 -0.05267 0.99861
vn 0.00804 -0.99997 0.00000
vn -0.00804 0.99997 0.00000
vn -0.00011 0.01414 -0.99990
vn -0.00050 0.06242 0.99805
vn -0.00050 0.06242 -0.99805
vn -0.00011 0.01414 0.99990
vn -1.00000 0.00000 0.00000
vn 0.00668 -0.99998 0.00000
vn 0.01336 -0.99991 0.00000
vn 0.00044 -0.01810 -0.99984
vn -0.00287 0.11835 0.99297
vn 0.00044 -0.01810 0.99984
vn -0.00066 0.02744 -0.99962
vn -0.00177 0.07301 0.99733
vn 0.00038 -0.01875 -0.99982
vn 0.00044 0.01130 0.99994
vn 0.00000 0.08864 -0.99606
vn 0.00000 -0.05486 0.99849
vn 0.00150 -0.01805 -0.99984
vn -0.00981 0.11804 0.99296
vn 0.00150 -0.01805 0.99984
vn -0.00227 0.02737 -0.99962
vn -0.00605 0.07283 0.99733
vn 0.03120 -0.99951 0.00000
vn -0.02071 0.99979 0.00000
vn 0.01565 -0.25129 0.96778
vn 0.00261 0.25141 0.96788
vn 0.01293 -0.00020 -0.99992
vn 0.01293 -0.00020 0.99992
vn 0.04180 -0.24811 -0.96783
vn -0.05126 0.24591 -0.96794
vn 0.04180 -0.24811 0.96783
vn -0.18329 0.98306 0.00000
vn -0.00875 -0.00211 -0.99996
vn -0.00875 -0.00211 0.99996
vn 0.04228 -0.28108 -0.95875
vn -0.04555 0.28056 -0.95875
vn 0.04464 -0.28071 0.95875
vn -0.16629 0.98608 0.00000
vn -0.00836 0.04109 -0.99912
vn 0.00277 -0.04240 0.99910
vn 0.02822 -0.28285 -0.95875
vn -0.03289 0.28233 -0.95875
vn 0.03289 -0.28234 0.95875
vn -0.11572 0.99328 0.00000
vn 0.00244 0.00026 -1.00000
vn -0.00244 -0.00027 1.00000
vn 0.01829 -0.28366 -0.95875
vn -0.01628 0.28377 -0.95875
vn 0.02004 -0.28355 0.95875
vn -0.05177 0.99866 0.00000
vn 0.00889 -0.04194 -0.99908
vn 0.00192 0.04200 0.99912
vn -0.08528 0.25586 0.96295
vn 0.25586 0.08529 0.96295
vn -0.25585 -0.08529 0.96295
vn 0.08529 -0.25586 0.96295
vn 0.06396 0.19188 0.97933
vn 0.15315 -0.05105 0.98688
vn -0.15315 0.05105 0.98688
vn -0.06396 -0.19188 0.97933
vn 0.81314 0.58207 -0.00000
vn -0.82235 -0.56898 0.00000
vn 0.80371 0.59502 0.00000
vn -0.82234 -0.56899 0.00000
vn 0.80371 0.59502 -0.00001
vn 0.81315 0.58205 -0.00001
vn 0.82232 0.56902 0.00001
vn -0.82235 -0.56898 0.00000
vn 0.82235 0.56898 -0.00000
vn 0.01429 0.01116 -0.99984
vn -0.09341 -0.07298 0.99295
vn 0.01429 0.01116 0.99984
vn -0.05763 -0.04503 -0.99732
vn -0.02165 -0.01692 0.99962
vn 0.52527 0.85094 -0.00004
vn -0.00645 -0.17106 0.98524
vn 0.52442 0.85146 -0.00003
vn 0.00361 -0.10128 -0.99485
vn 0.00361 -0.10128 0.99485
vn 0.52782 0.84936 -0.00004
vn 0.07630 -0.20208 0.97639
vn 0.01073 0.01547 -0.99982
vn -0.07229 -0.10444 0.99190
vn 0.01047 0.01564 0.99982
vn -0.03936 -0.05440 -0.99774
vn -0.02197 -0.03181 0.99925
vn 0.01238 0.01380 -0.99983
vn -0.08087 -0.09021 0.99263
vn 0.01195 0.01438 0.99983
vn -0.03455 -0.03801 -0.99868
vn -0.03292 -0.04017 0.99865
vn 0.01355 0.01220 -0.99983
vn -0.08855 -0.07973 0.99288
vn 0.01355 0.01220 0.99983
vn -0.02053 -0.01848 -0.99962
vn -0.05463 -0.04919 0.99729
vn -0.00000 -0.00000 -1.00000
vn 0.01490 0.01141 -0.99982
vn -0.56899 0.82234 0.00000
vn -0.00990 -0.00556 0.99994
vn -0.07289 -0.05043 -0.99606
vn 0.04512 0.03121 0.99849
vn -0.56899 0.82234 0.00000
vn -0.56899 0.82234 -0.00000
vn -0.56899 0.82234 -0.00000
vn -0.56900 0.82234 -0.00000
vn -0.56899 0.82234 -0.00001
vn -0.56899 0.82234 0.00001
vn -0.56899 0.82234 0.00001
vn -0.56900 0.82234 0.00000
vn -0.56899 0.82234 0.00000
vn -0.56899 0.82234 0.00000
vn -0.56899 0.82234 -0.00000
vn -0.56899 0.82234 -0.00000
vn -0.56899 0.82234 -0.00000
vn 0.56899 -0.82234 0.00000
vn 0.56899 -0.82234 -0.00000
vn 0.56899 -0.82234 0.00000
vn 0.56899 -0.82234 0.00001
vn 0.56899 -0.82234 0.00000
vn 0.56899 -0.82234 -0.00000
vn 0.56899 -0.82234 0.00000
vn 0.56899 -0.82234 -0.00000
vn 0.56899 -0.82234 -0.00000
vn 0.56899 -0.82234 0.00000
vn 0.56899 -0.82234 -0.00000
vn 0.56899 -0.82234 -0.00000
vn 0.56899 -0.82234 -0.00000
vn 0.81122 0.58474 0.00001
vn -0.81122 -0.58474 0.00000
vn 0.81122 0.58474 0.00003
vn -0.81122 -0.58474 -0.00002
vn 0.81123 0.58473 0.00000
vn -0.81123 -0.58473 -0.00004
vn -0.01147 -0.00827 -0.99990
vn -0.05065 -0.03651 0.99805
vn -0.05065 -0.03651 -0.99805
vn -0.01147 -0.00827 0.99990
vn -0.81335 0.58177 0.00000
vn 0.81332 -0.58181 0.00000
vn -0.15973 0.11426 -0.98053
vn 0.15973 -0.11426 -0.98052
vn -0.05418 0.03876 0.99778
vn 0.00000 -0.00000 -1.00000
vn -0.12301 0.16490 0.97861
vn 0.12301 -0.16489 0.97861
vn -0.12300 0.16489 -0.97861
vn 0.59795 -0.80153 0.00000
vn 0.04180 -0.05603 0.99755
vn -0.04180 0.05603 -0.99755
vn -0.13147 0.15394 0.97929
vn 0.12724 -0.15941 0.97898
vn -0.12725 0.15942 -0.97898
vn 0.62423 -0.78124 0.00000
vn 0.00216 0.00280 0.99999
vn -0.00216 -0.00280 -0.99999
vn -0.14333 0.13795 0.98001
vn 0.13951 -0.14319 0.97981
vn -0.13951 0.14320 -0.97981
vn 0.69806 -0.71604 0.00000
vn 0.00195 0.00268 0.99999
vn -0.00195 -0.00268 -0.99999
vn -0.15554 0.12041 0.98046
vn 0.15135 -0.12656 0.98034
vn -0.15135 0.12656 -0.98035
vn 0.77920 -0.62677 0.00000
vn 0.00214 0.00313 0.99999
vn 0.02143 -0.01933 -0.99958
vn -0.62503 -0.78060 0.00000
vn -0.62503 -0.78060 0.00000
vn -0.62503 -0.78060 0.00000
vn -0.62503 -0.78060 0.00000
vn -0.62503 -0.78060 0.00000
vn -0.62503 -0.78060 0.00000
vn -0.54346 -0.83944 0.00000
vn -0.54346 -0.83944 0.00000
vn -0.54346 -0.83944 0.00000
vn 0.53729 0.84340 0.00000
vn 0.53729 0.84340 0.00000
vn 0.53729 0.84340 0.00000
vn 0.53729 0.84340 0.00000
vn -0.08528 0.25586 -0.96295
vn 0.25586 0.08529 -0.96295
vn -0.25585 -0.08529 -0.96295
vn 0.08529 -0.25586 -0.96295
vn 0.06396 0.19188 -0.97933
vn 0.15315 -0.05105 -0.98688
vn -0.15315 0.05105 -0.98688
vn -0.06396 -0.19188 -0.97933
vn 0.06536 -0.08615 -0.99414
vn -0.37719 0.81574 -0.43851
vn 0.06544 -0.08589 -0.99415
vn -0.38611 0.82279 -0.41706
vn 0.89053 -0.14179 0.43227
vn -0.06515 0.08544 0.99421
vn -0.36804 0.80822 -0.45970
vn 0.09668 -0.02808 -0.99492
vn 0.85051 0.09763 0.51682
vn -0.10110 0.02489 0.99457
vn -0.09612 0.02821 0.99497
vn 0.29452 -0.94876 0.11454
vn 0.29458 -0.94876 0.11435
vn 0.29446 -0.94875 0.11472
vn 0.06875 -0.06903 -0.99524
vn 0.06524 -0.08325 -0.99439
vn 0.90886 0.35693 0.21583
vn -0.06901 0.06988 0.99517
vn 0.06601 -0.09922 -0.99287
vn 0.06535 -0.09895 -0.99294
vn 0.94105 0.09329 0.32515
vn -0.06644 0.09902 0.99286
vn 0.06532 -0.09717 -0.99312
vn 0.06523 -0.09698 -0.99315
vn 0.92708 -0.00614 0.37482
vn -0.06532 0.09816 0.99302
vn 0.06553 -0.09207 -0.99359
vn 0.06528 -0.09010 -0.99379
vn 0.90835 -0.08237 0.41001
vn -0.06538 0.09108 0.99370
vn 0.06556 -0.08145 -0.99452
vn 0.86925 -0.20847 0.44827
vn -0.06529 0.08097 0.99458
vn -0.06556 0.08146 0.99452
vn 0.06561 -0.07626 -0.99493
vn 0.86404 -0.23007 0.44777
vn -0.06509 0.07377 0.99515
vn -0.06557 0.07624 0.99493
vn 0.06747 -0.06803 -0.99540
vn 0.86745 -0.20023 0.45546
vn -0.07099 0.06512 0.99535
vn -0.06715 0.06792 0.99543
vn 0.07755 -0.05587 -0.99542
vn 0.87240 -0.08505 0.48133
vn -0.08356 0.05186 0.99515
vn -0.07694 0.05593 0.99547
vn 0.08887 -0.04081 -0.99521
vn 0.86783 0.03139 0.49587
vn -0.09365 0.03776 0.99489
vn -0.08827 0.04090 0.99526
vn 0.10350 -0.01444 -0.99452
vn 0.82299 0.16259 0.54429
vn -0.10850 0.00982 0.99405
vn -0.10293 0.01460 0.99458
vn 0.11085 -0.00004 -0.99384
vn 0.79312 0.22716 0.56512
vn -0.11410 -0.00358 0.99346
vn -0.11030 0.00010 0.99390
vn 0.11441 0.00991 -0.99338
vn 0.78423 0.25212 0.56694
vn -0.11525 -0.01127 0.99327
vn -0.11381 -0.01114 0.99344
vn -0.01170 0.08753 -0.99609
vn -0.55019 0.75046 0.36619
vn -0.00884 0.08512 -0.99633
vn -0.54889 0.73962 0.38946
vn 0.86126 -0.40099 -0.31214
vn 0.01143 -0.08773 0.99608
vn -0.55113 0.76081 0.34268
vn -0.01164 0.09473 -0.99543
vn 0.98519 -0.10834 -0.13288
vn 0.01163 -0.09480 0.99543
vn 0.01184 -0.09520 0.99539
vn 0.15360 -0.84094 -0.51887
vn 0.15359 -0.84093 -0.51890
vn 0.15358 -0.84091 -0.51892
vn -0.00358 0.06378 -0.99796
vn -0.00513 0.04957 -0.99876
vn 0.90874 0.40677 0.09343
vn 0.00318 -0.06301 0.99801
vn -0.00250 0.03904 -0.99923
vn -0.00604 0.04304 -0.99906
vn 0.99021 0.13710 -0.02622
vn 0.00222 -0.03890 0.99924
vn -0.00713 0.05298 -0.99857
vn -0.00910 0.06047 -0.99813
vn 0.98427 -0.09890 -0.14637
vn 0.00687 -0.05279 0.99858
vn -0.00901 0.07474 -0.99716
vn -0.00904 0.07559 -0.99710
vn 0.92754 -0.28123 -0.24614
vn 0.00883 -0.07451 0.99718
vn -0.01602 0.08938 -0.99587
vn 0.84100 -0.43492 -0.32182
vn 0.01386 -0.08949 0.99589
vn 0.01592 -0.08959 0.99585
vn -0.01506 0.08906 -0.99591
vn 0.85255 -0.42113 -0.30952
vn 0.01465 -0.08913 0.99591
vn 0.01544 -0.08890 0.99592
vn -0.01340 0.09055 -0.99580
vn 0.88127 -0.37844 -0.28309
vn 0.01319 -0.09067 0.99579
vn 0.01374 -0.09027 0.99582
vn -0.01231 0.09211 -0.99567
vn 0.92290 -0.30130 -0.23974
vn 0.01214 -0.09239 0.99565
vn 0.01246 -0.09182 0.99570
vn -0.01175 0.09363 -0.99554
vn 0.96694 -0.18498 -0.17554
vn 0.01172 -0.09370 0.99553
vn 0.01177 -0.09367 0.99553
vn -0.01196 0.09605 -0.99530
vn 0.99250 -0.05894 -0.10707
vn 0.01228 -0.09638 0.99527
vn 0.01210 -0.09622 0.99529
vn -0.01291 0.09746 -0.99516
vn 0.99729 0.01027 -0.07282
vn 0.01384 -0.09807 0.99508
vn 0.01288 -0.09746 0.99516
vn -0.01439 0.09847 -0.99504
vn 0.99517 0.09284 -0.03197
vn 0.01571 -0.09854 0.99501
vn 0.01438 -0.09846 0.99504
vn -0.64795 0.76169 0.00000
vn 0.63814 -0.76992 -0.00001
vn -0.65763 0.75334 0.00000
vn 0.63815 -0.76991 -0.00001
vn 0.63815 -0.76992 0.00000
vn 0.63814 -0.76992 -0.00001
vn -0.63815 0.76991 0.00000
vn 0.63814 -0.76992 -0.00001
vn 0.63815 -0.76991 0.00000
vn -0.00913 0.01003 -0.99991
vn 0.05990 -0.06581 0.99603
vn -0.00913 0.01003 0.99991
vn 0.03693 -0.04057 -0.99849
vn 0.01389 -0.01527 0.99979
vn -0.00913 0.01003 -0.99991
vn 0.05991 -0.06582 0.99603
vn -0.00913 0.01003 0.99991
vn 0.01390 -0.01527 -0.99979
vn 0.03693 -0.04058 0.99849
vn 0.00000 -0.00000 -1.00000
vn -0.00926 0.01032 -0.99990
vn -0.76991 -0.63815 0.00001
vn 0.00502 -0.00705 0.99996
vn 0.04257 -0.05136 -0.99777
vn -0.02609 0.03148 0.99916
vn -0.76992 -0.63815 -0.00000
vn -0.76992 -0.63814 0.00000
vn -0.76992 -0.63814 0.00000
vn -0.76992 -0.63814 0.00000
vn -0.76992 -0.63814 -0.00000
vn -0.76992 -0.63814 -0.00000
vn -0.76992 -0.63814 -0.00000
vn -0.76992 -0.63814 -0.00001
vn -0.76992 -0.63815 -0.00000
vn -0.76991 -0.63815 0.00000
vn -0.76991 -0.63815 0.00000
vn -0.76991 -0.63815 -0.00000
vn -0.76991 -0.63815 -0.00000
vn 0.76992 0.63814 0.00001
vn 0.76992 0.63815 0.00000
vn 0.76991 0.63815 0.00000
vn 0.76992 0.63815 0.00001
vn 0.76992 0.63815 0.00000
vn 0.76992 0.63815 -0.00000
vn 0.76992 0.63814 0.00000
vn 0.76992 0.63814 -0.00000
vn 0.76991 0.63815 -0.00001
vn 0.76992 0.63815 0.00000
vn 0.76991 0.63815 0.00001
vn 0.76991 0.63815 0.00001
vn 0.76992 0.63815 0.00000
vn -0.64993 0.76000 0.00001
vn 0.64993 -0.76000 0.00000
vn -0.64992 0.76000 0.00000
vn 0.64992 -0.76000 -0.00002
vn -0.64993 0.75999 0.00003
vn 0.64992 -0.76000 -0.00004
vn 0.00692 -0.00809 -0.99994
vn 0.03045 -0.03560 0.99890
vn 0.03045 -0.03560 -0.99890
vn 0.00692 -0.00809 0.99994
vn -0.66464 -0.74716 -0.00006
vn 0.02733 0.11014 0.99354
vn -0.66401 -0.74772 -0.00004
vn 0.01090 0.06507 -0.99782
vn 0.01091 0.06508 0.99782
vn -0.66654 -0.74547 -0.00006
vn -0.02713 0.13057 0.99107
vn -0.00961 -0.00987 -0.99991
vn 0.06504 0.06691 0.99564
vn -0.00945 -0.00997 0.99991
vn 0.03505 0.03482 -0.99878
vn 0.01977 0.02038 0.99960
vn -0.01009 -0.00954 0.99990
vn 0.01536 0.01452 -0.99978
vn -0.01009 -0.00954 -0.99990
vn 0.04082 0.03859 0.99842
vn 0.06620 0.06258 0.99584
vn -0.01077 -0.00845 -0.99991
vn 0.07064 0.05541 0.99596
vn -0.01077 -0.00845 0.99991
vn 0.01639 0.01285 -0.99978
vn 0.04356 0.03416 0.99847
vn -0.01077 -0.00845 -0.99991
vn 0.07064 0.05541 0.99596
vn 0.01639 0.01285 0.99978
vn 0.04355 0.03416 -0.99847
vn -0.01077 -0.00845 0.99991
vn -0.01286 0.00523 -0.99990
vn 0.08439 -0.03432 0.99584
vn -0.01286 0.00523 0.99990
vn 0.01957 -0.00796 -0.99978
vn 0.05204 -0.02116 0.99842
vn -0.01286 0.00523 0.99990
vn 0.05203 -0.02116 -0.99842
vn -0.01286 0.00523 -0.99990
vn 0.01958 -0.00796 0.99978
vn 0.08439 -0.03432 0.99584
vn -0.01304 0.00415 -0.99991
vn 0.08553 -0.02725 -0.99596
vn -0.01304 0.00415 0.99991
vn 0.05274 -0.01680 -0.99847
vn 0.01984 -0.00632 0.99978
vn -0.01304 0.00415 0.99991
vn 0.01984 -0.00632 -0.99978
vn -0.01304 0.00415 -0.99991
vn 0.05274 -0.01681 0.99847
vn 0.08553 -0.02725 -0.99596
vn -0.01077 -0.00845 -0.99991
vn 0.07064 0.05541 0.99596
vn 0.04356 0.03416 0.99847
vn 0.01638 0.01285 -0.99978
vn -0.01077 -0.00845 0.99991
vn -0.01077 -0.00845 -0.99991
vn 0.07064 0.05541 0.99596
vn 0.01639 0.01285 0.99978
vn 0.04355 0.03416 -0.99847
vn -0.01077 -0.00845 0.99991
vn 0.01260 0.00533 0.99991
vn -0.01918 -0.00811 -0.99978
vn 0.01260 0.00533 -0.99991
vn -0.06369 -0.02691 0.99761
vn -0.08268 -0.03494 -0.99596
vn 0.01260 0.00533 -0.99991
vn -0.08269 -0.03494 -0.99596
vn -0.03509 -0.01483 0.99927
vn -0.05098 -0.02154 -0.99847
vn 0.01260 0.00533 0.99991
vn 0.16732 -0.98590 0.00000
vn 0.18484 -0.98277 0.00000
vn 0.18484 -0.98277 0.00000
vn 0.14975 -0.98872 0.00000
vn -0.18482 0.98277 0.00000
vn -0.14975 0.98872 0.00000
vn -0.03626 0.19282 0.98056
vn -0.02937 0.19391 0.98058
vn 0.11572 -0.99328 0.00000
vn 0.09926 -0.99506 0.00000
vn -0.09927 0.99506 0.00000
vn -0.01947 0.19516 0.98058
vn 0.06218 -0.99807 0.00000
vn 0.04153 -0.99914 0.00000
vn -0.05021 0.99874 0.00000
vn -0.00985 0.19588 0.98058
vn -0.00461 0.20711 -0.97831
vn 0.00386 -0.18460 -0.98281
vn 0.00207 -0.07914 -0.99686
vn -0.00207 0.07913 -0.99686
vn 0.00606 -0.23168 -0.97277
vn 0.00606 -0.23168 -0.97277
vn 0.00606 -0.23166 0.97278
vn 0.00606 -0.23166 0.97278
vn 0.00207 -0.07913 0.99686
vn -0.00207 0.07914 0.99686
vn -0.00606 0.23166 -0.97278
vn -0.00606 0.23166 -0.97278
vn -0.02616 0.99966 0.00000
vn -0.00606 0.23168 0.97277
vn -0.00606 0.23168 0.97277
vn 0.02615 -0.99966 0.00000
vn 0.02615 -0.99966 0.00000
vn -0.03028 0.20976 0.97728
vn -0.02366 0.22503 0.97406
vn 0.84736 0.52528 -0.07784
vn 0.84549 0.52986 -0.06627
vn 0.73703 0.66908 -0.09546
vn 0.02588 -0.22692 -0.97357
vn 0.03236 -0.21187 -0.97676
vn 0.09517 -0.23609 -0.96706
vn -0.85885 -0.50969 0.05092
vn -0.86084 -0.50526 0.06058
vn -0.74599 -0.65961 0.09168
vn -0.74479 -0.66146 0.08813
vn 0.56149 0.81514 -0.14240
vn 0.12752 -0.25295 -0.95904
vn -0.57677 -0.80526 0.13746
vn -0.54711 -0.82443 0.14486
vn 0.46085 0.87133 -0.16851
vn 0.12033 -0.24907 -0.96098
vn -0.49083 -0.85628 0.16087
vn -0.46440 -0.86963 0.16753
vn 0.35078 0.91679 -0.19090
vn 0.40202 0.89744 -0.18160
vn 0.10857 -0.24299 -0.96393
vn 0.09886 -0.23766 -0.96630
vn -0.35226 -0.91625 0.19080
vn -0.33274 -0.92300 0.19328
vn -0.40471 -0.89638 0.18085
vn -0.40483 -0.89630 0.18100
vn 0.28734 0.93685 -0.19938
vn -0.08784 0.23160 0.96884
vn -0.28769 -0.93680 0.19908
vn -0.28747 -0.93673 0.19975
vn 0.25688 0.94553 -0.19995
vn -0.07558 0.22502 0.97142
vn -0.25800 -0.94494 0.20133
vn -0.25433 -0.94636 0.19929
vn 0.28657 0.93629 -0.20309
vn -0.04989 0.22790 0.97241
vn -0.27299 -0.94035 0.20305
vn -0.27197 -0.94233 0.19504
vn 0.37711 0.90145 -0.21256
vn -0.00661 0.23795 0.97125
vn -0.34484 -0.91577 0.20605
vn -0.39526 -0.89231 0.21804
vn 0.56331 0.79476 -0.22591
vn 0.48375 0.84823 -0.21563
vn 0.07055 0.24105 0.96795
vn 0.03491 0.24151 0.96977
vn -0.56717 -0.79230 0.22491
vn -0.58002 -0.77920 0.23755
vn -0.51879 -0.82469 0.22524
vn -0.48052 -0.85018 0.21514
vn 0.61501 0.75085 -0.24079
vn 0.11053 0.23762 0.96505
vn -0.61413 -0.75165 0.24055
vn -0.63558 -0.72894 0.25432
vn 0.67576 0.69029 -0.25855
vn 0.14394 0.23253 0.96188
vn -0.67453 -0.69164 0.25814
vn -0.69177 -0.67071 0.26758
vn -0.16433 -0.21577 -0.96252
vn -0.16594 -0.21758 -0.96183
vn 0.71578 0.64479 -0.26814
vn 0.71604 0.64504 -0.26685
vn 0.71290 0.64830 -0.26735
vn 0.16595 0.21758 0.96183
vn 0.16433 0.21577 0.96252
vn 0.16176 0.22199 0.96154
vn -0.71575 -0.64476 0.26828
vn -0.71596 -0.64513 0.26685
vn -0.71347 -0.64701 0.26897
vn -0.71127 -0.65004 0.26750
vn 0.15682 -0.10731 0.98178
vn 0.16610 -0.09311 0.98170
vn 0.92176 0.37528 -0.09757
vn 0.92261 0.37621 -0.08513
vn 0.84204 0.53701 -0.05093
vn -0.16427 0.09081 -0.98223
vn -0.15517 0.10483 -0.98231
vn -0.09826 0.07011 -0.99269
vn -0.93329 -0.35034 0.07897
vn -0.93285 -0.34890 0.08972
vn -0.84947 -0.52520 0.05066
vn -0.84904 -0.52618 0.04760
vn 0.64563 0.76365 0.00114
vn -0.08410 0.06475 -0.99435
vn -0.64431 -0.76477 0.00017
vn -0.64479 -0.76434 0.00444
vn 0.40868 0.91070 0.06003
vn -0.11661 0.09243 -0.98887
vn -0.47906 -0.87715 -0.03336
vn -0.40879 -0.91078 -0.05810
vn 0.22432 0.96910 0.10263
vn 0.10610 0.98582 0.13000
vn -0.16804 0.12108 -0.97831
vn -0.14784 0.11027 -0.98285
vn -0.12627 -0.98461 -0.12083
vn -0.08980 -0.98723 -0.13157
vn -0.22128 -0.96983 -0.10230
vn -0.27979 -0.95662 -0.08117
vn 0.04698 0.98971 0.13512
vn 0.16994 -0.13717 0.97586
vn -0.05109 -0.98940 -0.13594
vn -0.04879 -0.98971 -0.13451
vn 0.07164 0.98914 0.12830
vn 0.16884 -0.13835 0.97588
vn -0.06848 -0.98926 -0.12913
vn -0.06859 -0.98932 -0.12862
vn 0.11673 0.98602 0.11892
vn 0.17375 -0.13713 0.97519
vn -0.11084 -0.98659 -0.11982
vn -0.13092 -0.98471 -0.11489
vn 0.20508 0.97365 0.09971
vn 0.17770 -0.13674 0.97454
vn -0.19722 -0.97513 -0.10112
vn -0.24274 -0.96583 -0.09082
vn 0.40181 0.91410 0.05442
vn 0.32737 0.94214 0.07215
vn 0.18453 -0.13952 0.97287
vn 0.18149 -0.13755 0.97373
vn -0.40637 -0.91217 -0.05311
vn -0.41636 -0.90776 -0.05110
vn -0.34267 -0.93696 -0.06839
vn -0.34262 -0.93700 -0.06817
vn 0.44744 0.89324 0.04373
vn 0.18659 -0.14256 0.97204
vn -0.45683 -0.88857 -0.04188
vn -0.45663 -0.88869 -0.04144
vn 0.50880 0.86037 0.02965
vn 0.18778 -0.14690 0.97117
vn -0.50697 -0.86145 -0.02982
vn -0.52736 -0.84923 -0.02635
vn -0.18427 0.15432 -0.97068
vn -0.18581 0.15201 -0.97076
vn 0.63423 0.77314 -0.00041
vn 0.63484 0.77264 0.00235
vn 0.59267 0.80538 0.01031
vn 0.18581 -0.15200 0.97076
vn 0.18427 -0.15432 0.97068
vn 0.18646 -0.15129 0.97074
vn -0.63312 -0.77405 0.00020
vn -0.63359 -0.77366 -0.00275
vn -0.59092 -0.80666 -0.01059
vn -0.59095 -0.80664 -0.00999
vn -0.08912 0.05324 -0.99460
vn -0.05796 0.10324 -0.99297
vn -0.08867 0.03738 -0.99536
vn -0.05709 0.02024 -0.99816
vn -0.05709 0.02024 0.99816
vn -0.08867 0.03738 0.99536
vn 0.16482 -0.98632 0.00000
vn 0.14849 -0.98891 0.00000
vn -0.01970 0.11945 -0.99264
vn 0.11572 -0.99328 0.00000
vn 0.09926 -0.99506 0.00000
vn -0.01371 0.11770 -0.99296
vn 0.02418 -0.99971 0.00000
vn 0.05351 -0.99857 0.00000
vn 0.05351 -0.99857 0.00000
vn -0.00287 0.11833 -0.99297
vn -0.00634 0.11819 -0.99297
vn 0.00153 -0.20733 -0.97827
vn 0.00156 -0.18707 -0.98235
vn 0.00039 0.22328 -0.97476
vn 0.00024 0.21904 -0.97572
vn 0.00026 0.07472 0.99720
vn 0.00153 -0.20733 0.97827
vn 0.00104 -0.18707 0.98235
vn 0.00027 0.22186 0.97508
vn 0.00075 0.22750 0.97378
vn 0.00000 0.21904 -0.97572
vn 0.00000 -0.18707 -0.98235
vn 0.00000 -0.18707 0.98235
vn 0.00000 0.21904 0.97572
vn -0.00089 0.11045 -0.99388
vn 0.00027 -0.03406 -0.99942
vn 0.00027 -0.03406 0.99942
vn -0.00089 0.11045 0.99388
vn -1.00000 0.00000 0.00000
vn 0.00000 -0.31983 0.94748
vn 0.00000 -0.45200 0.89202
vn 0.00000 -0.06225 0.99806
vn 0.00000 0.06225 0.99806
vn 0.00000 -0.72096 0.69298
vn 0.00000 -0.84620 0.53287
vn 0.00000 -0.99192 0.12687
vn 0.00000 -0.99192 -0.12687
vn 0.00000 -0.84620 -0.53287
vn 0.00000 -0.72096 -0.69298
vn 0.00000 -0.45200 -0.89202
vn 0.00000 -0.31983 -0.94748
vn 0.00000 -0.06225 -0.99806
vn 0.00000 0.06225 -0.99806
vn 0.00000 0.31983 -0.94748
vn 0.00000 0.45200 -0.89202
vn 0.00000 0.72096 -0.69298
vn 0.00000 0.84620 -0.53287
vn 0.00000 0.99192 -0.12687
vn 0.00000 0.99192 0.12688
vn 0.00000 0.84620 0.53287
vn 0.00000 0.72096 0.69297
vn 0.00000 0.45201 0.89201
vn 0.00000 0.31983 0.94747
vn -0.00286 0.11834 -0.99297
vn 0.00130 -0.21098 -0.97749
vn 0.00130 -0.19440 -0.98092
vn 0.00000 0.22750 -0.97378
vn 0.00000 0.22750 -0.97378
vn 0.00000 0.07764 0.99698
vn 0.00130 -0.21098 0.97749
vn 0.00087 -0.19440 0.98092
vn 0.00000 0.22750 0.97378
vn 0.00000 0.22750 0.97378
vn 0.00000 0.22750 -0.97378
vn 0.00000 -0.19440 -0.98092
vn 0.00000 -0.19440 0.98092
vn 0.00000 0.22750 0.97378
vn 0.08279 -0.99657 0.00000
vn -0.00981 0.11804 -0.99296
vn 0.16869 -0.98567 0.00000
vn 0.18687 -0.98238 0.00000
vn 0.18687 -0.98238 0.00000
vn 0.15043 -0.98862 0.00000
vn -0.14923 0.98880 0.00000
vn -0.05126 0.24591 0.96794
vn -0.04289 0.28098 0.95875
vn 0.11572 -0.99328 0.00000
vn 0.09927 -0.99506 0.00000
vn -0.09926 0.99506 0.00000
vn -0.02822 0.28284 0.95875
vn 0.06562 -0.99784 0.00000
vn 0.04842 -0.99883 0.00000
vn -0.01265 0.28398 0.95875
vn -0.97487 -0.22276 0.00000
vn -0.98121 -0.19294 0.00000
vn -0.96764 -0.25235 0.00000
vn -0.96764 -0.25235 0.00000
vn -0.98663 -0.16297 0.00000
vn -0.98663 -0.16297 0.00000
vn 0.03120 -0.99951 0.00000
vn -0.02071 0.99979 0.00000
vn 0.00261 0.25141 -0.96788
vn 0.01565 -0.25129 -0.96778
vn 0.99984 0.01810 0.00000
vn 0.99992 -0.01239 0.00000
vn 0.99882 0.04854 0.00000
vn 0.99882 0.04854 0.00000
vn 0.99908 -0.04285 0.00000
vn 0.07630 -0.20208 -0.97639
vn -0.00645 -0.17106 -0.98524
vn 0.08850 -0.19242 -0.97731
vn 0.06042 -0.12224 -0.99066
vn 0.06042 -0.12224 0.99066
vn 0.08851 -0.19242 0.97731
vn 0.55259 0.83346 -0.00001
vn 0.58180 0.81333 0.00000
vn -0.07131 -0.10668 -0.99173
vn 0.63955 0.76875 0.00000
vn 0.66799 0.74417 0.00000
vn -0.07806 -0.09394 -0.99251
vn 0.78805 0.61561 0.00000
vn 0.74353 0.66870 0.00000
vn 0.74353 0.66870 0.00000
vn -0.09340 -0.07297 -0.99295
vn -0.08855 -0.07972 -0.99288
vn 0.17173 0.12261 -0.97749
vn 0.15809 0.11317 -0.98092
vn -0.18708 -0.12945 -0.97378
vn -0.18709 -0.12944 -0.97378
vn -0.56899 0.82234 0.00000
vn -0.56899 0.82234 0.00000
vn -0.06385 -0.04418 0.99698
vn 0.17173 0.12261 0.97749
vn 0.15868 0.11232 0.98092
vn -0.18709 -0.12945 0.97378
vn -0.18708 -0.12945 0.97378
vn -0.18709 -0.12944 -0.97378
vn 0.15986 0.11061 -0.98092
vn 0.15987 0.11060 0.98092
vn -0.18709 -0.12945 0.97378
vn 0.26300 0.18198 0.94748
vn 0.37169 0.25719 0.89202
vn 0.05119 0.03542 0.99806
vn -0.05119 -0.03542 0.99806
vn 0.59286 0.41024 0.69298
vn 0.69585 0.48150 0.53286
vn 0.81568 0.56442 0.12686
vn 0.81568 0.56442 -0.12687
vn 0.69585 0.48150 -0.53286
vn 0.59287 0.41023 -0.69298
vn 0.37170 0.25718 -0.89202
vn 0.26301 0.18197 -0.94748
vn 0.05119 0.03542 -0.99806
vn -0.05119 -0.03542 -0.99806
vn -0.26301 -0.18197 -0.94748
vn -0.37170 -0.25718 -0.89202
vn -0.59287 -0.41023 -0.69298
vn -0.69585 -0.48150 -0.53286
vn -0.81568 -0.56442 -0.12687
vn -0.81568 -0.56442 0.12688
vn -0.69585 -0.48150 0.53287
vn -0.59287 -0.41024 0.69297
vn -0.37170 -0.25720 0.89201
vn -0.26300 -0.18199 0.94748
vn -0.08961 -0.06459 -0.99388
vn -0.08961 -0.06459 -0.99388
vn 0.02764 0.01992 -0.99942
vn 0.02764 0.01992 -0.99942
vn 0.02764 0.01992 0.99942
vn 0.02764 0.01992 0.99942
vn -0.08961 -0.06459 0.99388
vn -0.08961 -0.06459 0.99388
vn 0.56899 -0.82234 0.00004
vn 0.56899 -0.82235 0.00003
vn 0.56899 -0.82235 0.00001
vn 0.56899 -0.82234 0.00000
vn 0.56899 -0.82234 -0.00002
vn 0.56900 -0.82234 0.00000
vn -0.62421 0.78126 0.00000
vn -0.59793 0.80155 0.00000
vn -0.64983 0.76008 0.00000
vn 0.64984 -0.76007 0.00000
vn 0.12301 -0.16489 -0.97861
vn 0.13147 -0.15393 -0.97930
vn -0.69806 0.71604 0.00000
vn -0.72071 0.69323 0.00000
vn 0.72071 -0.69323 0.00000
vn 0.14333 -0.13795 -0.98001
vn -0.76727 0.64132 0.00000
vn -0.79089 0.61196 0.00000
vn 0.77920 -0.62677 0.00000
vn 0.15345 -0.12349 -0.98041
vn 0.15973 -0.11426 0.98052
vn -0.15973 0.11425 0.98053
vn 0.53825 0.84278 0.00000
vn 0.53826 0.84278 0.00000
vn 0.53825 0.84279 0.00000
vn 0.53825 0.84279 0.00000
vn 0.53826 0.84278 0.00000
vn 0.53826 0.84278 0.00000
vn -0.06446 0.04610 0.99685
vn 0.06444 -0.04610 0.99686
vn -0.18868 0.13496 0.97272
vn -0.18868 0.13496 0.97272
vn -0.18868 0.13496 -0.97272
vn -0.18868 0.13496 -0.97272
vn -0.06445 0.04610 -0.99686
vn 0.06446 -0.04611 -0.99685
vn 0.18866 -0.13495 0.97272
vn 0.18866 -0.13496 0.97272
vn 0.81332 -0.58182 0.00000
vn 0.18868 -0.13497 -0.97272
vn 0.18868 -0.13497 -0.97272
vn -0.81335 0.58177 0.00000
vn 0.06884 -0.05419 -0.99616
vn 0.07587 -0.05512 -0.99559
vn 0.86534 0.46410 0.18921
vn 0.87196 0.46214 0.16158
vn 0.93637 0.24316 0.25315
vn -0.07606 0.05632 0.99551
vn -0.06918 0.05538 0.99607
vn -0.06544 0.08375 0.99434
vn -0.86515 -0.48575 -0.12474
vn -0.86002 -0.48834 -0.14797
vn -0.90789 -0.37338 -0.19057
vn -0.93736 -0.25028 -0.24232
vn 0.93844 0.05708 0.34069
vn -0.06517 0.09945 0.99291
vn -0.94161 -0.09288 -0.32364
vn -0.93877 -0.05870 -0.33952
vn 0.92100 -0.03394 0.38808
vn -0.06515 0.09586 0.99326
vn -0.92788 0.00255 -0.37288
vn -0.92184 0.03025 -0.38639
vn 0.90279 -0.10336 0.41749
vn 0.88517 -0.16000 0.43688
vn -0.06555 0.08684 0.99406
vn -0.06538 0.09084 0.99372
vn -0.89080 0.14053 -0.43212
vn -0.88534 0.15881 -0.43697
vn -0.90333 0.10119 -0.41684
vn -0.90912 0.07940 -0.40890
vn 0.87342 -0.19268 0.44722
vn 0.06531 -0.08097 -0.99457
vn -0.87335 0.19184 -0.44773
vn -0.86897 0.20788 -0.44908
vn 0.86323 -0.22638 0.45121
vn 0.06525 -0.07392 -0.99513
vn -0.86260 0.22655 -0.45231
vn -0.86338 0.23085 -0.44865
vn 0.86931 -0.21833 0.44343
vn 0.07153 -0.06521 -0.99530
vn -0.86805 0.22172 -0.44421
vn -0.86561 0.20572 -0.45651
vn 0.87729 -0.13650 0.46015
vn 0.08420 -0.05181 -0.99510
vn -0.87577 0.14435 -0.46064
vn -0.87107 0.09310 -0.48225
vn 0.86433 0.08056 0.49643
vn 0.87832 -0.00467 0.47806
vn 0.10169 -0.02476 -0.99451
vn 0.09425 -0.03766 -0.99484
vn -0.86500 -0.08471 -0.49457
vn -0.85058 -0.09931 -0.51638
vn -0.86825 -0.03303 -0.49502
vn -0.87886 0.00802 -0.47701
vn 0.84168 0.13808 0.52203
vn 0.10907 -0.00964 -0.99399
vn -0.84221 -0.13712 -0.52142
vn -0.82349 -0.16125 -0.54394
vn 0.80850 0.20733 0.55076
vn 0.11449 0.00351 -0.99342
vn -0.80934 -0.20592 -0.55006
vn -0.79353 -0.22588 -0.56505
vn -0.11367 -0.01463 0.99341
vn -0.11269 -0.01421 0.99353
vn 0.78541 0.25489 0.56405
vn 0.78410 0.25457 0.56602
vn 0.78636 0.24989 0.56497
vn 0.11367 0.01463 -0.99341
vn 0.11262 0.01442 -0.99353
vn 0.11441 0.01219 -0.99336
vn -0.78401 -0.25454 -0.56616
vn -0.78547 -0.25490 -0.56398
vn -0.78417 -0.25172 -0.56720
vn -0.78664 -0.24916 -0.56491
vn -0.00598 0.07798 -0.99694
vn 0.00099 0.07837 -0.99692
vn 0.77309 0.60002 0.20571
vn 0.77105 0.59272 0.23273
vn 0.84684 0.50643 0.16243
vn -0.00143 -0.07726 0.99701
vn 0.00543 -0.07689 0.99702
vn 0.00474 -0.04913 0.99878
vn -0.83888 -0.52291 -0.15116
vn -0.75699 -0.61695 -0.21528
vn -0.75815 -0.62332 -0.19151
vn -0.90581 -0.41376 -0.09121
vn 0.97591 0.21655 0.02668
vn 0.00570 -0.04287 0.99906
vn -0.97627 -0.21475 -0.02808
vn -0.99060 -0.13533 0.01998
vn 0.99606 -0.02396 -0.08536
vn 0.00889 -0.06026 0.99814
vn -0.99634 0.02441 0.08195
vn -0.98500 0.09893 0.14137
vn 0.88412 -0.36887 -0.28683
vn 0.95235 -0.23169 -0.19836
vn 0.00860 -0.08510 0.99634
vn 0.00888 -0.07535 0.99712
vn -0.92689 0.28417 0.24520
vn -0.86335 0.39750 0.31083
vn -0.88386 0.36906 0.28739
vn -0.95241 0.23277 0.19681
vn 0.84241 -0.43448 -0.31871
vn -0.01399 0.08929 -0.99591
vn -0.84377 0.43059 0.32038
vn -0.84353 0.43330 0.31735
vn 0.86186 -0.40913 -0.29968
vn -0.01498 0.08882 -0.99594
vn -0.85115 0.42352 0.31011
vn -0.85990 0.41240 0.30084
vn 0.89213 -0.36085 -0.27183
vn -0.01346 0.09049 -0.99581
vn -0.87840 0.38346 0.28526
vn -0.88899 0.36682 0.27412
vn 0.94136 -0.25919 -0.21601
vn -0.01221 0.09206 -0.99568
vn -0.91973 0.30850 0.24276
vn -0.93852 0.26679 0.21911
vn 0.98742 -0.09483 -0.12654
vn 0.97546 -0.15340 -0.15792
vn -0.01184 0.09523 -0.99538
vn -0.01176 0.09367 -0.99553
vn -0.97610 0.15109 0.15623
vn -0.98779 0.09267 0.12525
vn -0.98609 0.10347 0.13007
vn -0.96621 0.18784 0.17650
vn 0.99459 -0.03594 -0.09748
vn -0.01254 0.09667 -0.99524
vn -0.99241 0.05976 0.10748
vn -0.99452 0.03709 0.09776
vn 0.99734 0.03449 -0.06423
vn -0.01386 0.09807 -0.99508
vn -0.99727 -0.00834 0.07339
vn -0.99739 -0.03204 0.06471
vn 0.01729 -0.09839 0.99500
vn 0.01611 -0.09846 0.99501
vn 0.98668 0.16270 0.00092
vn 0.98653 0.16346 -0.00577
vn 0.99157 0.12826 -0.01815
vn -0.01611 0.09846 -0.99501
vn -0.01729 0.09839 -0.99500
vn -0.01572 0.09855 -0.99501
vn -0.99182 -0.12631 0.01838
vn -0.98676 -0.16204 0.00621
vn -0.98691 -0.16124 -0.00083
vn -0.99538 -0.09039 0.03237
vn -0.67307 0.73958 0.00003
vn -0.67307 0.73958 0.00006
vn -0.67307 0.73958 0.00000
vn 0.05989 -0.06580 -0.99603
vn 0.05989 -0.06581 -0.99603
vn -0.10328 0.12166 -0.98718
vn -0.09512 0.11182 -0.98916
vn 0.10997 -0.13268 -0.98504
vn 0.10997 -0.13268 -0.98504
vn -0.76991 -0.63815 0.00001
vn -0.76991 -0.63815 0.00000
vn -0.76991 -0.63815 0.00000
vn -0.76991 -0.63815 0.00000
vn -0.76991 -0.63815 0.00000
vn 0.03715 -0.04482 0.99830
vn -0.10328 0.12166 0.98718
vn -0.09464 0.11222 0.98917
vn 0.10997 -0.13268 0.98504
vn 0.10997 -0.13268 0.98504
vn 0.10997 -0.13268 -0.98504
vn -0.09368 0.11302 -0.98917
vn -0.09368 0.11302 0.98917
vn 0.10997 -0.13268 0.98504
vn -0.15967 0.19264 0.96819
vn -0.22963 0.27705 0.93301
vn -0.02977 0.03592 0.99891
vn 0.02977 -0.03592 0.99891
vn -0.40324 0.48649 0.77507
vn -0.49792 0.60073 0.62546
vn -0.62903 0.75893 0.16836
vn -0.62902 0.75893 -0.16838
vn -0.49791 0.60074 -0.62546
vn -0.40322 0.48650 -0.77507
vn -0.22963 0.27705 -0.93301
vn -0.15967 0.19264 -0.96819
vn -0.02977 0.03592 -0.99891
vn 0.02977 -0.03592 -0.99891
vn 0.15967 -0.19264 -0.96819
vn 0.22962 -0.27705 -0.93301
vn 0.40322 -0.48650 -0.77507
vn 0.49790 -0.60074 -0.62546
vn 0.62902 -0.75894 -0.16837
vn 0.62902 -0.75894 0.16837
vn 0.49791 -0.60074 0.62546
vn 0.40322 -0.48650 0.77506
vn 0.22963 -0.27705 0.93301
vn 0.15967 -0.19264 0.96819
vn 0.05391 -0.06304 -0.99655
vn 0.05391 -0.06304 -0.99655
vn -0.01659 0.01940 -0.99967
vn -0.01659 0.01940 -0.99967
vn -0.01659 0.01940 0.99967
vn -0.01659 0.01940 0.99967
vn 0.05390 -0.06304 0.99655
vn 0.05390 -0.06304 0.99655
vn 0.76992 0.63814 -0.00002
vn 0.76993 0.63813 -0.00004
vn 0.76992 0.63814 -0.00001
vn 0.76992 0.63815 0.00001
vn 0.76991 0.63815 0.00001
vn 0.76991 0.63815 0.00002
vn -0.02713 0.13055 -0.99107
vn 0.02733 0.11013 -0.99354
vn -0.03716 0.12422 -0.99156
vn -0.02645 0.07865 -0.99655
vn -0.02645 0.07866 0.99655
vn -0.03716 0.12424 0.99156
vn -0.68467 -0.72886 -0.00002
vn -0.70600 -0.70821 0.00000
vn 0.06464 0.06834 -0.99557
vn 0.08554 -0.02726 0.99596
vn 0.08554 -0.02726 0.99596
vn -0.95279 0.30363 0.00001
vn -0.95279 0.30363 0.00003
vn -0.95279 0.30363 0.00000
vn 0.07063 0.05540 -0.99596
vn 0.07063 0.05540 -0.99596
vn -0.78683 -0.61717 -0.00001
vn -0.78683 -0.61717 -0.00001
vn -0.78683 -0.61717 0.00000
vn -0.72670 -0.68695 0.00000
vn 0.06619 0.06257 -0.99584
vn 0.08438 -0.03431 -0.99584
vn 0.08438 -0.03431 -0.99584
vn -0.92634 0.37670 -0.00004
vn -0.92634 0.37670 0.00000
vn -0.92633 0.37670 -0.00008
vn 0.07063 0.05540 -0.99596
vn 0.07063 0.05540 -0.99596
vn -0.78683 -0.61717 -0.00003
vn -0.78683 -0.61717 -0.00005
vn -0.78683 -0.61717 0.00000
vn -0.08270 -0.03495 0.99596
vn -0.08269 -0.03494 0.99596
vn 0.92113 0.38926 -0.00006
vn 0.92113 0.38926 -0.00008
vn 0.92113 0.38926 -0.00005
# 1278 normal vertices

g sheath
f 44/1/43 46/1/43 48/1/45
f 38/2/38 41/2/40 40/2/38
f 48/1/45 45/1/42 47/1/44
f 44/1/43 48/1/45 47/1/44
f 43/1/42 47/1/44 45/1/42
f 39/2/39 41/2/40 37/2/37
f 41/2/40 39/2/39 42/2/41
f 40/2/38 41/2/40 42/2/41
f 7/5/7 11/4/11 17/3/17
f 13/6/13 7/5/7 17/3/17
f 12/4/12 9/5/9 15/6/15
f 18/3/18 12/4/12 15/6/15
f 9/5/653 7/5/652 13/6/651
f 15/6/654 9/5/653 13/6/651
f 11/4/11 8/8/8 14/7/14
f 17/3/17 11/4/11 14/7/14
f 8/8/655 10/8/10 16/7/16
f 14/7/656 8/8/655 16/7/16
f 10/8/657 12/4/12 18/3/18
f 16/7/658 10/8/657 18/3/18
f 13/6/13 17/3/17 23/3/23
f 19/6/19 13/6/13 23/3/23
f 18/3/18 15/6/15 21/6/21
f 24/3/24 18/3/18 21/6/21
f 15/6/654 13/6/651 19/6/659
f 21/6/660 15/6/654 19/6/659
f 17/3/17 14/7/14 20/7/20
f 23/3/23 17/3/17 20/7/20
f 14/7/656 16/7/16 22/7/22
f 20/7/661 14/7/656 22/7/22
f 16/7/658 18/3/18 24/3/24
f 22/7/662 16/7/658 24/3/24
f 19/6/19 23/3/23 29/3/29
f 25/6/25 19/6/19 29/3/29
f 24/3/24 21/6/21 27/6/27
f 30/3/30 24/3/24 27/6/27
f 21/6/660 19/6/659 25/6/663
f 27/6/664 21/6/660 25/6/663
f 23/3/23 20/7/20 26/7/26
f 29/3/29 23/3/23 26/7/26
f 20/7/661 22/7/22 28/7/28
f 26/7/665 20/7/661 28/7/28
f 22/7/662 24/3/24 30/3/30
f 28/7/666 22/7/662 30/3/30
f 33/5/33 36/4/36 35/4/35
f 31/5/31 33/5/33 35/4/35
f 36/4/36 34/8/34 32/8/32
f 35/4/35 36/4/36 32/8/32
f 3/6/3 6/3/6 30/3/30
f 27/6/27 3/6/3 30/3/30
f 1/6/1 3/6/1 27/6/664
f 25/6/663 1/6/1 27/6/664
f 4/7/4 28/7/666 30/3/30
f 6/3/6 4/7/4 30/3/30
f 2/7/2 26/7/665 28/7/28
f 4/7/2 2/7/2 28/7/28
f 2/7/667 5/3/5 29/3/29
f 26/7/26 2/7/667 29/3/29
f 5/3/5 1/6/668 25/6/25
f 29/3/29 5/3/5 25/6/25
f 4/7/205 6/3/205 5/3/205
f 2/7/205 4/7/205 5/3/205
f 6/3/205 3/6/205 1/6/205
f 5/3/205 6/3/205 1/6/205
f 37/2/671 41/2/670 47/1/669
f 43/1/672 37/2/671 47/1/669
f 42/2/675 39/2/674 45/1/673
f 48/1/676 42/2/675 45/1/673
f 41/2/670 38/2/678 44/1/677
f 47/1/669 41/2/670 44/1/677
f 38/2/679 40/2/679 46/1/679
f 44/1/679 38/2/679 46/1/679
f 40/2/680 42/2/675 48/1/676
f 46/1/681 40/2/680 48/1/676
f 45/1/682 39/2/683 37/2/682
f 43/1/683 45/1/682 37/2/682
f 56/11/49 54/10/51 52/9/49
f 50/12/47 56/11/49 52/9/49
f 61/11/57 62/10/58 63/9/57
f 64/12/59 61/11/57 63/9/57
f 65/13/60 50/11/685 52/10/684
f 66/14/61 65/13/60 52/10/684
f 52/11/687 54/10/686 67/14/62
f 66/15/688 52/11/687 67/14/62
f 54/11/690 56/10/689 68/16/63
f 67/15/691 54/11/690 68/16/63
f 68/13/694 56/11/693 50/10/692
f 65/16/695 68/13/694 50/10/692
f 66/14/61 70/18/65 69/17/64
f 65/13/60 66/14/61 69/17/64
f 67/14/62 71/18/66 70/19/696
f 66/15/688 67/14/62 70/19/696
f 67/15/691 68/16/63 72/20/67
f 71/19/697 67/15/691 72/20/67
f 68/13/694 65/16/695 69/20/698
f 72/17/699 68/13/694 69/20/698
f 70/18/65 74/22/69 73/21/68
f 69/17/64 70/18/65 73/21/68
f 70/19/696 71/18/66 75/22/70
f 74/23/700 70/19/696 75/22/70
f 71/19/697 72/20/67 76/24/71
f 75/23/701 71/19/697 76/24/71
f 72/17/699 69/20/698 73/24/702
f 76/21/703 72/17/699 73/24/702
f 78/25/73 51/9/48 49/12/46
f 77/26/72 78/25/73 49/12/46
f 74/22/69 78/25/73 77/26/72
f 73/21/68 74/22/69 77/26/72
f 79/25/74 53/9/50 51/12/704
f 78/27/705 79/25/74 51/12/704
f 74/23/700 75/22/70 79/25/74
f 78/27/705 74/23/700 79/25/74
f 55/9/52 53/12/707 79/27/706
f 80/28/75 55/9/52 79/27/706
f 75/23/701 76/24/71 80/28/75
f 79/27/706 75/23/701 80/28/75
f 77/28/710 49/9/709 55/12/708
f 80/26/711 77/28/710 55/12/708
f 76/21/703 73/24/702 77/28/710
f 80/26/711 76/21/703 77/28/710
f 53/9/707 55/12/52 84/12/79
f 83/9/78 53/9/707 84/12/79
f 82/10/77 51/10/704 53/9/50
f 83/9/712 82/10/77 53/9/50
f 81/11/76 49/11/46 51/10/48
f 82/10/713 81/11/76 51/10/48
f 84/12/714 55/12/708 49/11/709
f 81/11/715 84/12/714 49/11/709
f 83/9/78 84/12/79 88/12/83
f 87/9/82 83/9/78 88/12/83
f 82/10/77 83/9/712 87/9/716
f 86/10/81 82/10/77 87/9/716
f 82/10/713 86/10/717 85/11/80
f 81/11/76 82/10/713 85/11/80
f 84/12/714 81/11/715 85/11/718
f 88/12/719 84/12/714 85/11/718
f 87/9/82 88/12/83 92/12/87
f 91/9/86 87/9/82 92/12/87
f 87/9/716 91/9/720 90/10/85
f 86/10/81 87/9/716 90/10/85
f 86/10/717 90/10/721 89/11/84
f 85/11/80 86/10/717 89/11/84
f 88/12/719 85/11/718 89/11/722
f 92/12/723 88/12/719 89/11/722
f 91/9/86 92/12/87 96/12/91
f 95/9/90 91/9/86 96/12/91
f 91/9/720 95/9/724 94/10/89
f 90/10/85 91/9/720 94/10/89
f 90/10/721 94/10/725 93/11/88
f 89/11/84 90/10/721 93/11/88
f 89/11/722 93/11/727 96/12/726
f 92/12/723 89/11/722 96/12/726
f 60/12/56 59/9/55 99/9/94
f 100/12/95 60/12/56 99/9/94
f 95/9/90 96/12/91 100/12/95
f 99/9/94 95/9/90 100/12/95
f 59/9/728 58/10/54 98/10/93
f 99/9/729 59/9/728 98/10/93
f 94/10/89 95/9/724 99/9/729
f 98/10/93 94/10/89 99/9/729
f 98/10/731 58/10/730 57/11/53
f 97/11/92 98/10/731 57/11/53
f 94/10/725 98/10/731 97/11/92
f 93/11/88 94/10/725 97/11/92
f 97/11/734 57/11/733 60/12/732
f 100/12/735 97/11/734 60/12/732
f 93/11/727 97/11/734 100/12/735
f 96/12/726 93/11/727 100/12/735
f 59/9/55 60/12/56 104/12/99
f 103/9/98 59/9/55 104/12/99
f 58/10/54 59/9/728 103/9/736
f 102/10/97 58/10/54 103/9/736
f 101/11/96 57/11/53 58/10/730
f 102/10/737 101/11/96 58/10/730
f 104/12/738 60/12/732 57/11/733
f 101/11/739 104/12/738 57/11/733
f 103/9/98 104/12/99 108/12/103
f 107/9/102 103/9/98 108/12/103
f 102/10/97 103/9/736 107/9/740
f 106/10/101 102/10/97 107/9/740
f 102/10/737 106/10/741 105/11/100
f 101/11/96 102/10/737 105/11/100
f 101/11/739 105/11/743 108/12/742
f 104/12/738 101/11/739 108/12/742
f 64/12/745 63/9/744 111/9/106
f 112/12/107 64/12/745 111/9/106
f 107/9/102 108/12/103 112/12/107
f 111/9/106 107/9/102 112/12/107
f 111/9/748 63/9/747 62/10/746
f 110/10/105 111/9/748 62/10/746
f 106/10/101 107/9/740 111/9/748
f 110/10/105 106/10/101 111/9/748
f 110/10/751 62/10/750 61/11/749
f 109/11/104 110/10/751 61/11/749
f 106/10/741 110/10/751 109/11/104
f 105/11/100 106/10/741 109/11/104
f 109/11/754 61/11/753 64/12/752
f 112/12/755 109/11/754 64/12/752
f 105/11/743 109/11/754 112/12/755
f 108/12/742 105/11/743 112/12/755
f 120/11/111 118/10/113 116/9/111
f 114/12/109 120/11/111 116/9/111
f 125/11/119 126/10/120 127/9/119
f 128/12/120 125/11/119 127/9/119
f 129/13/121 114/11/757 116/10/756
f 130/14/122 129/13/121 116/10/756
f 116/11/759 118/10/758 131/14/123
f 130/15/760 116/11/759 131/14/123
f 118/11/762 120/10/761 132/16/124
f 131/15/763 118/11/762 132/16/124
f 132/13/766 120/11/765 114/10/764
f 129/16/767 132/13/766 114/10/764
f 130/14/122 134/18/126 133/17/125
f 129/13/121 130/14/122 133/17/125
f 131/14/123 135/18/127 134/19/768
f 130/15/760 131/14/123 134/19/768
f 131/15/763 132/16/124 136/20/128
f 135/19/769 131/15/763 136/20/128
f 132/13/766 129/16/767 133/20/770
f 136/17/771 132/13/766 133/20/770
f 134/18/126 138/22/130 137/21/129
f 133/17/125 134/18/126 137/21/129
f 134/19/768 135/18/127 139/22/131
f 138/23/772 134/19/768 139/22/131
f 135/19/769 136/20/128 140/24/132
f 139/23/773 135/19/769 140/24/132
f 133/20/770 137/24/775 140/21/774
f 136/17/771 133/20/770 140/21/774
f 115/9/110 113/12/108 141/26/133
f 142/25/134 115/9/110 141/26/133
f 138/22/130 142/25/134 141/26/133
f 137/21/129 138/22/130 141/26/133
f 117/9/112 115/12/777 142/27/776
f 143/25/135 117/9/112 142/27/776
f 138/23/772 139/22/131 143/25/135
f 142/27/776 138/23/772 143/25/135
f 144/28/136 119/9/114 117/12/778
f 143/27/779 144/28/136 117/12/778
f 139/23/773 140/24/132 144/28/136
f 143/27/779 139/23/773 144/28/136
f 141/28/782 113/9/781 119/12/780
f 144/26/783 141/28/782 119/12/780
f 137/24/775 141/28/782 144/26/783
f 140/21/774 137/24/775 144/26/783
f 147/9/139 117/9/778 119/12/114
f 148/12/140 147/9/139 119/12/114
f 146/10/138 115/10/777 117/9/112
f 147/9/784 146/10/138 117/9/112
f 113/11/108 115/10/110 146/10/785
f 145/11/137 113/11/108 146/10/785
f 148/12/786 119/12/780 113/11/781
f 145/11/787 148/12/786 113/11/781
f 147/9/139 148/12/140 152/12/144
f 151/9/143 147/9/139 152/12/144
f 147/9/784 151/9/788 150/10/142
f 146/10/138 147/9/784 150/10/142
f 146/10/785 150/10/789 149/11/141
f 145/11/137 146/10/785 149/11/141
f 145/11/787 149/11/791 152/12/790
f 148/12/786 145/11/787 152/12/790
f 151/9/143 152/12/144 156/12/148
f 155/9/147 151/9/143 156/12/148
f 150/10/142 151/9/788 155/9/792
f 154/10/146 150/10/142 155/9/792
f 150/10/789 154/10/793 153/11/145
f 149/11/141 150/10/789 153/11/145
f 152/12/790 149/11/791 153/11/794
f 156/12/795 152/12/790 153/11/794
f 155/9/147 156/12/148 160/12/152
f 159/9/151 155/9/147 160/12/152
f 154/10/146 155/9/792 159/9/796
f 158/10/150 154/10/146 159/9/796
f 154/10/793 158/10/797 157/11/149
f 153/11/145 154/10/793 157/11/149
f 156/12/795 153/11/794 157/11/798
f 160/12/799 156/12/795 157/11/798
f 124/12/118 123/9/117 163/9/155
f 164/12/156 124/12/118 163/9/155
f 159/9/151 160/12/152 164/12/156
f 163/9/155 159/9/151 164/12/156
f 123/9/800 122/10/116 162/10/154
f 163/9/801 123/9/800 162/10/154
f 158/10/150 159/9/796 163/9/801
f 162/10/154 158/10/150 163/9/801
f 162/10/803 122/10/802 121/11/115
f 161/11/153 162/10/803 121/11/115
f 157/11/149 158/10/797 162/10/803
f 161/11/153 157/11/149 162/10/803
f 161/11/806 121/11/805 124/12/804
f 164/12/807 161/11/806 124/12/804
f 160/12/799 157/11/798 161/11/806
f 164/12/807 160/12/799 161/11/806
f 123/9/117 124/12/118 168/12/160
f 167/9/159 123/9/117 168/12/160
f 122/10/116 123/9/800 167/9/808
f 166/10/158 122/10/116 167/9/808
f 165/11/157 121/11/115 122/10/802
f 166/10/809 165/11/157 122/10/802
f 168/12/810 124/12/804 121/11/805
f 165/11/811 168/12/810 121/11/805
f 167/9/159 168/12/160 172/12/164
f 171/9/163 167/9/159 172/12/164
f 166/10/158 167/9/808 171/9/812
f 170/10/162 166/10/158 171/9/812
f 166/10/809 170/10/813 169/11/161
f 165/11/157 166/10/809 169/11/161
f 168/12/810 165/11/811 169/11/814
f 172/12/815 168/12/810 169/11/814
f 128/12/817 127/9/816 175/9/167
f 176/12/168 128/12/817 175/9/167
f 171/9/163 172/12/164 176/12/168
f 175/9/167 171/9/163 176/12/168
f 175/9/820 127/9/819 126/10/818
f 174/10/166 175/9/820 126/10/818
f 170/10/162 171/9/812 175/9/820
f 174/10/166 170/10/162 175/9/820
f 174/10/823 126/10/822 125/11/821
f 173/11/165 174/10/823 125/11/821
f 170/10/813 174/10/823 173/11/165
f 169/11/161 170/10/813 173/11/165
f 173/11/826 125/11/825 128/12/824
f 176/12/827 173/11/826 128/12/824
f 172/12/815 169/11/814 173/11/826
f 176/12/827 172/12/815 173/11/826
g blade
f 198/31/185 195/30/182 200/29/187
f 195/30/829 197/32/184 200/29/828
f 194/34/181 196/34/183 199/33/186
f 177/36/169 179/35/171 181/35/171
f 183/36/169 177/36/169 181/35/171
f 184/38/170 182/37/173 180/37/172
f 178/38/170 184/38/170 180/37/172
f 177/41/169 183/40/169 187/39/174
f 185/42/174 177/41/169 187/39/174
f 184/45/170 178/44/170 186/43/175
f 188/46/175 184/45/170 186/43/175
f 194/34/831 199/33/830 200/29/828
f 197/32/184 194/34/831 200/29/828
f 196/34/832 198/31/185 200/29/187
f 199/33/833 196/34/832 200/29/187
f 197/32/184 204/48/191 201/47/188
f 194/49/831 197/32/184 201/47/188
f 198/31/185 196/49/832 203/47/190
f 205/48/192 198/31/185 203/47/190
f 196/49/183 194/49/181 201/47/834
f 203/47/835 196/49/183 201/47/834
f 198/31/185 205/48/192 202/50/189
f 195/30/182 198/31/185 202/50/189
f 197/32/184 195/30/829 202/50/836
f 204/48/191 197/32/184 202/50/836
f 201/47/188 204/48/191 209/51/196
f 206/52/193 201/47/188 209/51/196
f 205/48/192 203/47/190 208/52/195
f 210/51/197 205/48/192 208/52/195
f 203/47/835 201/47/834 206/52/837
f 208/52/838 203/47/835 206/52/837
f 202/50/189 205/48/192 210/51/197
f 207/53/194 202/50/189 210/51/197
f 204/48/191 202/50/836 207/53/839
f 209/51/196 204/48/191 207/53/839
f 214/56/201 192/55/179 189/54/176
f 211/57/198 214/56/201 189/54/176
f 206/52/193 209/51/196 214/56/201
f 211/57/198 206/52/193 214/56/201
f 213/57/200 191/54/178 193/55/180
f 215/56/202 213/57/200 193/55/180
f 210/51/197 208/52/195 213/57/200
f 215/56/202 210/51/197 213/57/200
f 211/57/841 189/54/840 191/54/840
f 213/57/842 211/57/841 191/54/840
f 208/52/838 206/52/837 211/57/841
f 213/57/842 208/52/838 211/57/841
f 215/56/202 193/55/180 190/58/177
f 212/59/199 215/56/202 190/58/177
f 207/53/194 210/51/197 215/56/202
f 212/59/199 207/53/194 215/56/202
f 212/59/844 190/58/843 192/55/179
f 214/56/201 212/59/844 192/55/179
f 209/51/196 207/53/839 212/59/844
f 214/56/201 209/51/196 212/59/844
f 217/61/204 216/60/203 179/35/845
f 177/36/846 217/61/204 179/35/845
f 217/61/204 178/38/848 180/37/847
f 216/60/203 217/61/204 180/37/847
f 179/64/205 216/63/205 218/62/205
f 181/65/205 179/64/205 218/62/205
f 216/63/205 180/67/205 182/66/205
f 218/62/205 216/63/205 182/66/205
f 181/35/850 218/60/849 219/61/206
f 183/36/851 181/35/850 219/61/206
f 218/60/849 182/37/853 184/38/852
f 219/61/206 218/60/849 184/38/852
f 178/44/848 217/69/204 220/68/207
f 186/43/854 178/44/848 220/68/207
f 217/70/204 177/41/846 185/42/855
f 220/71/207 217/70/204 185/42/855
f 183/40/851 219/73/206 221/72/208
f 187/39/856 183/40/851 221/72/208
f 219/73/206 184/45/852 188/46/857
f 221/72/208 219/73/206 188/46/857
f 222/76/209 224/75/209 228/74/209
f 226/77/209 222/76/209 228/74/209
f 225/80/210 223/79/210 227/78/210
f 229/81/210 225/80/210 227/78/210
f 223/79/858 230/83/211 232/82/213
f 227/78/858 223/79/858 232/82/213
f 230/83/211 222/76/859 226/77/859
f 232/82/213 230/83/211 226/77/859
f 224/75/860 231/85/212 233/84/214
f 228/74/860 224/75/860 233/84/214
f 231/85/212 225/80/861 229/81/861
f 233/84/214 231/85/212 229/81/861
f 229/81/215 227/78/215 232/82/215
f 226/77/215 229/81/215 232/82/215
f 233/84/215 229/81/215 226/77/215
f 228/74/862 233/84/215 226/77/215
f 235/88/205 236/87/205 234/86/205
f 236/87/205 237/89/205 234/86/205
f 237/89/205 238/90/205 234/86/205
f 238/90/205 239/91/205 234/86/205
f 239/91/205 240/92/205 234/86/205
f 240/92/205 241/93/205 234/86/205
f 241/88/205 242/87/205 234/86/205
f 242/87/205 243/89/205 234/86/205
f 243/89/205 244/90/205 234/86/205
f 244/90/205 245/91/205 234/86/205
f 245/91/205 246/92/205 234/86/205
f 246/92/205 235/93/205 234/86/205
f 248/87/215 247/88/215 259/86/215
f 249/89/215 248/87/215 259/86/215
f 250/90/215 249/89/215 259/86/215
f 251/91/215 250/90/215 259/86/215
f 252/92/215 251/91/215 259/86/215
f 253/93/215 252/92/215 259/86/215
f 254/87/215 253/88/215 259/86/215
f 255/89/215 254/87/215 259/86/215
f 256/90/215 255/89/215 259/86/215
f 257/91/215 256/90/215 259/86/215
f 258/92/215 257/91/215 259/86/215
f 247/93/215 258/92/215 259/86/215
f 247/96/865 248/95/864 236/94/863
f 235/97/866 247/96/865 236/94/863
f 248/95/864 249/99/868 237/98/867
f 236/94/863 248/95/864 237/98/867
f 249/99/868 250/101/870 238/100/869
f 237/98/867 249/99/868 238/100/869
f 250/101/870 251/103/872 239/102/871
f 238/100/869 250/101/870 239/102/871
f 251/103/872 252/105/874 240/104/873
f 239/102/871 251/103/872 240/104/873
f 252/105/874 253/107/876 241/106/875
f 240/104/873 252/105/874 241/106/875
f 253/107/876 254/109/878 242/108/877
f 241/106/875 253/107/876 242/108/877
f 254/109/878 255/111/880 243/110/879
f 242/108/877 254/109/878 243/110/879
f 255/111/880 256/113/882 244/112/881
f 243/110/879 255/111/880 244/112/881
f 256/113/882 257/115/884 245/114/883
f 244/112/881 256/113/882 245/114/883
f 257/115/884 258/117/886 246/116/885
f 245/114/883 257/115/884 246/116/885
f 258/117/886 247/96/865 235/97/866
f 246/116/885 258/117/886 235/97/866
g blade_damaged
f 289/88/205 290/87/205 288/86/205
f 290/87/205 291/89/205 288/86/205
f 291/89/205 292/90/205 288/86/205
f 292/90/205 293/91/205 288/86/205
f 293/91/205 294/92/205 288/86/205
f 294/92/205 295/93/205 288/86/205
f 295/88/205 296/87/205 288/86/205
f 296/87/205 297/89/205 288/86/205
f 297/89/205 298/90/205 288/86/205
f 298/90/205 299/91/205 288/86/205
f 299/91/205 300/92/205 288/86/205
f 300/92/205 289/93/205 288/86/205
f 302/87/215 301/88/215 313/86/215
f 303/89/215 302/87/215 313/86/215
f 304/90/215 303/89/215 313/86/215
f 305/91/215 304/90/215 313/86/215
f 306/92/215 305/91/215 313/86/215
f 307/93/215 306/92/215 313/86/215
f 308/87/215 307/88/215 313/86/215
f 309/89/215 308/87/215 313/86/215
f 310/90/215 309/89/215 313/86/215
f 311/91/215 310/90/215 313/86/215
f 312/92/215 311/91/215 313/86/215
f 301/93/215 312/92/215 313/86/215
f 260/36/216 262/35/217 264/35/217
f 266/36/216 260/36/216 264/35/217
f 267/38/175 265/37/175 263/37/175
f 261/38/175 267/38/175 263/37/175
f 260/41/216 266/40/216 270/39/174
f 268/42/174 260/41/216 270/39/174
f 267/45/175 261/44/175 269/43/175
f 271/46/175 267/45/175 269/43/175
f 280/56/221 275/55/179 272/54/176
f 277/57/218 280/56/221 272/54/176
f 279/57/220 274/54/178 276/55/180
f 281/56/222 279/57/220 276/55/180
f 277/57/840 272/54/840 274/54/840
f 279/57/840 277/57/840 274/54/840
f 281/56/222 276/55/180 273/58/177
f 278/59/219 281/56/222 273/58/177
f 278/59/887 273/58/843 275/55/179
f 280/56/221 278/59/887 275/55/179
f 283/61/223 282/60/203 262/35/888
f 260/36/889 283/61/223 262/35/888
f 283/61/223 261/38/891 263/37/890
f 282/60/203 283/61/223 263/37/890
f 262/64/205 282/63/205 284/62/205
f 264/65/205 262/64/205 284/62/205
f 282/63/205 263/67/205 265/66/205
f 284/62/205 282/63/205 265/66/205
f 264/35/893 284/60/892 285/61/224
f 266/36/894 264/35/893 285/61/224
f 284/60/892 265/37/896 267/38/895
f 285/61/224 284/60/892 267/38/895
f 261/44/891 283/69/223 286/68/225
f 269/43/897 261/44/891 286/68/225
f 283/70/223 260/41/889 268/42/898
f 286/71/225 283/70/223 268/42/898
f 266/40/894 285/73/224 287/72/226
f 270/39/899 266/40/894 287/72/226
f 285/73/224 267/45/895 271/46/900
f 287/72/226 285/73/224 271/46/900
f 301/96/865 302/95/864 290/94/863
f 289/97/866 301/96/865 290/94/863
f 302/95/864 303/99/868 291/98/867
f 290/94/863 302/95/864 291/98/867
f 303/99/868 304/101/870 292/100/869
f 291/98/867 303/99/868 292/100/869
f 304/101/870 305/103/872 293/102/871
f 292/100/869 304/101/870 293/102/871
f 305/103/872 306/105/874 294/104/873
f 293/102/871 305/103/872 294/104/873
f 306/105/874 307/107/876 295/106/875
f 294/104/873 306/105/874 295/106/875
f 307/107/876 308/109/878 296/108/877
f 295/106/875 307/107/876 296/108/877
f 308/109/878 309/111/880 297/110/879
f 296/108/877 308/109/878 297/110/879
f 309/111/880 310/113/882 298/112/881
f 297/110/879 309/111/880 298/112/881
f 310/113/882 311/115/884 299/114/883
f 298/112/881 310/113/882 299/114/883
f 311/115/884 312/117/886 300/116/885
f 299/114/883 311/115/884 300/116/885
f 312/117/886 301/96/865 289/97/866
f 300/116/885 312/117/886 289/97/866
f 314/76/209 316/75/209 320/74/209
f 318/77/209 314/76/209 320/74/209
f 317/80/210 315/79/210 319/78/210
f 321/81/210 317/80/210 319/78/210
f 315/79/858 322/83/211 324/82/213
f 319/78/858 315/79/858 324/82/213
f 322/83/211 314/76/859 318/77/859
f 324/82/213 322/83/211 318/77/859
f 316/75/860 323/85/212 325/84/214
f 320/74/860 316/75/860 325/84/214
f 323/85/212 317/80/861 321/81/861
f 325/84/214 323/85/212 321/81/861
f 321/81/215 319/78/215 324/82/215
f 318/77/215 321/81/215 324/82/215
f 325/84/215 321/81/215 318/77/215
f 320/74/862 325/84/215 318/77/215
g blade_fragment
f 330/31/185 327/30/182 332/29/187
f 327/30/829 329/32/184 332/29/828
f 326/34/181 328/34/183 331/33/186
f 326/34/831 331/33/830 332/29/828
f 329/32/184 326/34/831 332/29/828
f 328/34/832 330/31/185 332/29/187
f 331/33/833 328/34/832 332/29/187
f 329/32/184 336/48/191 333/47/188
f 326/49/831 329/32/184 333/47/188
f 330/31/185 328/49/832 335/47/190
f 337/48/192 330/31/185 335/47/190
f 328/49/183 326/49/181 333/47/834
f 335/47/835 328/49/183 333/47/834
f 330/31/185 337/48/192 334/50/189
f 327/30/182 330/31/185 334/50/189
f 329/32/184 327/30/829 334/50/836
f 336/48/191 329/32/184 334/50/836
f 333/47/188 336/48/191 341/51/196
f 338/52/193 333/47/188 341/51/196
f 337/48/192 335/47/190 340/52/195
f 342/51/197 337/48/192 340/52/195
f 335/47/835 333/47/834 338/52/837
f 340/52/838 335/47/835 338/52/837
f 334/50/189 337/48/192 342/51/197
f 339/53/194 334/50/189 342/51/197
f 336/48/191 334/50/836 339/53/839
f 341/51/196 336/48/191 339/53/839
f 338/52/193 341/51/196 346/56/230
f 343/57/227 338/52/193 346/56/230
f 342/51/197 340/52/195 345/57/229
f 347/56/231 342/51/197 345/57/229
f 340/52/838 338/52/837 343/57/901
f 345/57/901 340/52/838 343/57/901
f 339/53/194 342/51/197 347/56/231
f 344/59/228 339/53/194 347/56/231
f 341/51/196 339/53/839 344/59/902
f 346/56/230 341/51/196 344/59/902
g effect
f 354/120/238 358/119/242 364/118/248
f 360/121/244 354/120/238 364/118/248
f 356/124/240 362/123/246 365/122/249
f 359/125/243 356/124/240 365/122/249
f 356/126/905 354/120/904 360/121/903
f 362/127/906 356/126/905 360/121/903
f 355/129/239 361/128/245 364/118/248
f 358/119/242 355/129/239 364/118/248
f 355/129/241 357/131/241 363/130/247
f 361/128/907 355/129/241 363/130/247
f 357/131/908 359/125/243 365/122/249
f 363/130/909 357/131/908 365/122/249
f 360/121/244 364/118/248 370/132/254
f 366/133/250 360/121/244 370/132/254
f 365/122/249 362/123/246 368/134/252
f 371/135/255 365/122/249 368/134/252
f 362/127/906 360/121/903 366/133/910
f 368/136/911 362/127/906 366/133/910
f 364/118/248 361/128/245 367/137/251
f 370/132/254 364/118/248 367/137/251
f 361/128/907 363/130/247 369/138/253
f 367/137/912 361/128/907 369/138/253
f 363/130/909 365/122/249 371/135/255
f 369/138/913 363/130/909 371/135/255
f 366/133/250 370/132/254 376/139/260
f 372/140/256 366/133/250 376/139/260
f 371/135/255 368/134/252 374/141/258
f 377/142/261 371/135/255 374/141/258
f 368/136/911 366/133/910 372/140/914
f 374/143/915 368/136/911 372/140/914
f 370/132/254 367/137/251 373/144/257
f 376/139/260 370/132/254 373/144/257
f 367/137/912 369/138/253 375/145/259
f 373/144/259 367/137/912 375/145/259
f 369/138/913 371/135/255 377/142/261
f 375/145/916 369/138/913 377/142/261
f 356/148/919 359/147/918 358/146/917
f 354/149/920 356/148/919 358/146/917
f 359/147/918 357/151/922 355/150/921
f 358/146/917 359/147/918 355/150/921
f 350/153/234 353/152/237 377/142/261
f 374/141/258 350/153/234 377/142/261
f 348/155/232 350/154/923 374/143/915
f 372/140/914 348/155/232 374/143/915
f 351/156/235 375/145/916 377/142/261
f 353/152/237 351/156/235 377/142/261
f 349/157/233 373/144/259 375/145/259
f 351/156/924 349/157/233 375/145/259
f 349/157/925 352/158/236 376/139/260
f 373/144/257 349/157/925 376/139/260
f 348/155/926 372/140/256 376/139/260
f 352/158/236 348/155/926 376/139/260
f 351/161/929 353/160/928 352/159/927
f 349/162/930 351/161/929 352/159/927
f 353/160/928 350/164/931 348/163/931
f 352/159/927 353/160/928 348/163/931
g item_blade
f 407/31/288 404/30/285 409/29/290
f 404/30/933 406/32/287 409/29/932
f 403/34/284 405/34/286 408/33/289
f 432/88/313 433/87/314 431/86/312
f 433/87/314 434/89/315 431/86/312
f 434/89/315 435/90/316 431/86/312
f 435/90/316 436/91/317 431/86/312
f 436/91/317 437/92/318 431/86/312
f 437/92/318 438/93/319 431/86/312
f 438/88/319 439/87/320 431/86/312
f 439/87/320 440/89/321 431/86/312
f 440/89/321 441/90/322 431/86/312
f 441/90/322 442/91/323 431/86/312
f 442/91/323 443/92/324 431/86/312
f 443/92/324 432/93/313 431/86/312
f 445/87/326 444/88/325 456/86/337
f 446/89/327 445/87/326 456/86/337
f 447/90/328 446/89/327 456/86/337
f 448/91/329 447/90/328 456/86/337
f 449/92/330 448/91/329 456/86/337
f 450/93/331 449/92/330 456/86/337
f 451/87/332 450/88/331 456/86/337
f 452/89/333 451/87/332 456/86/337
f 453/90/334 452/89/333 456/86/337
f 454/91/335 453/90/334 456/86/337
f 455/92/336 454/91/335 456/86/337
f 444/93/325 455/92/336 456/86/337
f 386/36/270 388/35/272 390/35/274
f 392/36/275 386/36/270 390/35/274
f 393/38/271 391/37/273 389/37/273
f 387/38/271 393/38/271 389/37/273
f 386/41/270 392/40/275 396/39/278
f 394/42/276 386/41/270 396/39/278
f 393/45/271 387/44/271 395/43/277
f 397/46/277 393/45/271 395/43/277
f 403/34/935 408/33/934 409/29/932
f 406/32/287 403/34/935 409/29/932
f 405/34/936 407/31/288 409/29/290
f 408/33/937 405/34/936 409/29/290
f 406/32/287 413/48/294 410/47/291
f 403/49/935 406/32/287 410/47/291
f 407/31/288 405/49/936 412/47/293
f 414/48/295 407/31/288 412/47/293
f 405/49/286 403/49/284 410/47/938
f 412/47/939 405/49/286 410/47/938
f 407/31/288 414/48/295 411/50/292
f 404/30/285 407/31/288 411/50/292
f 406/32/287 404/30/933 411/50/940
f 413/48/294 406/32/287 411/50/940
f 410/47/291 413/48/294 418/51/299
f 415/52/296 410/47/291 418/51/299
f 414/48/295 412/47/293 417/52/298
f 419/51/300 414/48/295 417/52/298
f 412/47/939 410/47/938 415/52/941
f 417/52/942 412/47/939 415/52/941
f 411/50/292 414/48/295 419/51/300
f 416/53/297 411/50/292 419/51/300
f 413/48/294 411/50/940 416/53/943
f 418/51/299 413/48/294 416/53/943
f 423/56/304 401/55/282 398/54/279
f 420/57/301 423/56/304 398/54/279
f 415/52/296 418/51/299 423/56/304
f 420/57/301 415/52/296 423/56/304
f 422/57/303 400/54/281 402/55/283
f 424/56/305 422/57/303 402/55/283
f 419/51/300 417/52/298 422/57/303
f 424/56/305 419/51/300 422/57/303
f 420/57/945 398/54/944 400/54/944
f 422/57/946 420/57/945 400/54/944
f 417/52/942 415/52/941 420/57/945
f 422/57/946 417/52/942 420/57/945
f 424/56/305 402/55/283 399/58/280
f 421/59/302 424/56/305 399/58/280
f 416/53/297 419/51/300 424/56/305
f 421/59/302 416/53/297 424/56/305
f 421/59/948 399/58/947 401/55/282
f 423/56/304 421/59/948 401/55/282
f 418/51/299 416/53/943 421/59/948
f 423/56/304 418/51/299 421/59/948
f 426/61/307 425/60/306 388/35/949
f 386/36/950 426/61/307 388/35/949
f 426/61/307 387/38/952 389/37/951
f 425/60/306 426/61/307 389/37/951
f 388/64/953 425/63/308 427/62/308
f 390/65/954 388/64/953 427/62/308
f 425/63/308 389/67/954 391/66/953
f 427/62/308 425/63/308 391/66/953
f 390/35/956 427/60/955 428/61/309
f 392/36/957 390/35/956 428/61/309
f 427/60/955 391/37/959 393/38/958
f 428/61/309 427/60/955 393/38/958
f 387/44/952 426/69/307 429/68/310
f 395/43/960 387/44/952 429/68/310
f 426/70/307 386/41/950 394/42/961
f 429/71/310 426/70/307 394/42/961
f 392/40/957 428/73/309 430/72/311
f 396/39/962 392/40/957 430/72/311
f 428/73/309 393/45/958 397/46/963
f 430/72/311 428/73/309 397/46/963
f 444/96/966 445/95/965 433/94/964
f 432/97/967 444/96/966 433/94/964
f 445/95/965 446/99/969 434/98/968
f 433/94/964 445/95/965 434/98/968
f 446/99/969 447/101/971 435/100/970
f 434/98/968 446/99/969 435/100/970
f 447/101/971 448/103/973 436/102/972
f 435/100/970 447/101/971 436/102/972
f 448/103/973 449/105/975 437/104/974
f 436/102/972 448/103/973 437/104/974
f 449/105/975 450/107/977 438/106/976
f 437/104/974 449/105/975 438/106/976
f 450/107/977 451/109/979 439/108/978
f 438/106/976 450/107/977 439/108/978
f 451/109/979 452/111/981 440/110/980
f 439/108/978 451/109/979 440/110/980
f 452/111/981 453/113/983 441/112/982
f 440/110/980 452/111/981 441/112/982
f 453/113/983 454/115/985 442/114/984
f 441/112/982 453/113/983 442/114/984
f 454/115/985 455/117/987 443/116/986
f 442/114/984 454/115/985 443/116/986
f 455/117/987 444/96/966 432/97/967
f 443/116/986 455/117/987 432/97/967
f 457/76/338 459/75/340 463/74/338
f 461/77/342 457/76/338 463/74/338
f 460/80/341 458/79/339 462/78/341
f 464/81/343 460/80/341 462/78/341
f 458/79/988 465/83/344 467/82/346
f 462/78/989 458/79/988 467/82/346
f 465/83/344 457/76/991 461/77/990
f 467/82/346 465/83/344 461/77/990
f 459/75/992 466/85/345 468/84/347
f 463/74/993 459/75/992 468/84/347
f 466/85/345 460/80/995 464/81/994
f 468/84/347 466/85/345 464/81/994
f 464/81/998 462/78/997 467/82/996
f 461/77/999 464/81/998 467/82/996
f 468/84/1000 464/81/998 461/77/999
f 463/74/1001 468/84/1000 461/77/999
f 512/1/388 514/1/388 516/1/390
f 506/2/385 509/2/386 508/2/386
f 516/1/390 513/1/387 515/1/389
f 512/1/388 516/1/390 515/1/389
f 511/1/387 515/1/389 513/1/387
f 507/2/386 509/2/386 505/2/384
f 509/2/386 507/2/386 510/2/386
f 508/2/386 509/2/386 510/2/386
f 475/5/354 479/4/358 485/3/364
f 481/6/360 475/5/354 485/3/364
f 480/4/359 477/5/356 483/6/362
f 486/3/365 480/4/359 483/6/362
f 477/5/1003 475/5/1003 481/6/1002
f 483/6/1004 477/5/1003 481/6/1002
f 479/4/358 476/8/355 482/7/361
f 485/3/364 479/4/358 482/7/361
f 476/8/357 478/8/357 484/7/363
f 482/7/1005 476/8/357 484/7/363
f 478/8/1006 480/4/359 486/3/365
f 484/7/1007 478/8/1006 486/3/365
f 481/6/360 485/3/364 491/3/370
f 487/6/366 481/6/360 491/3/370
f 486/3/365 483/6/362 489/6/368
f 492/3/371 486/3/365 489/6/368
f 483/6/1004 481/6/1002 487/6/1008
f 489/6/1009 483/6/1004 487/6/1008
f 485/3/364 482/7/361 488/7/367
f 491/3/370 485/3/364 488/7/367
f 482/7/1005 484/7/363 490/7/369
f 488/7/1010 482/7/1005 490/7/369
f 484/7/1007 486/3/365 492/3/371
f 490/7/1011 484/7/1007 492/3/371
f 487/6/366 491/3/370 497/3/376
f 493/6/372 487/6/366 497/3/376
f 492/3/371 489/6/368 495/6/374
f 498/3/377 492/3/371 495/6/374
f 489/6/1009 487/6/1008 493/6/1012
f 495/6/1013 489/6/1009 493/6/1012
f 491/3/370 488/7/367 494/7/373
f 497/3/376 491/3/370 494/7/373
f 488/7/1010 490/7/369 496/7/375
f 494/7/1014 488/7/1010 496/7/375
f 490/7/1011 492/3/371 498/3/377
f 496/7/1015 490/7/1011 498/3/377
f 501/5/380 504/4/383 503/4/382
f 499/5/378 501/5/380 503/4/382
f 504/4/383 502/8/381 500/8/379
f 503/4/382 504/4/383 500/8/379
f 471/6/350 474/3/353 498/3/377
f 495/6/374 471/6/350 498/3/377
f 469/6/348 471/6/348 495/6/1013
f 493/6/1012 469/6/348 495/6/1013
f 472/7/351 496/7/1015 498/3/377
f 474/3/353 472/7/351 498/3/377
f 470/7/349 494/7/1014 496/7/375
f 472/7/349 470/7/349 496/7/375
f 470/7/1016 473/3/352 497/3/376
f 494/7/373 470/7/1016 497/3/376
f 473/3/352 469/6/1017 493/6/372
f 497/3/376 473/3/352 493/6/372
f 472/7/1020 474/3/1019 473/3/1018
f 470/7/1021 472/7/1020 473/3/1018
f 474/3/1019 471/6/1023 469/6/1022
f 473/3/1018 474/3/1019 469/6/1022
f 505/2/1026 509/2/1025 515/1/1024
f 511/1/1027 505/2/1026 515/1/1024
f 510/2/1030 507/2/1029 513/1/1028
f 516/1/1031 510/2/1030 513/1/1028
f 509/2/1025 506/2/1033 512/1/1032
f 515/1/1024 509/2/1025 512/1/1032
f 506/2/1034 508/2/1034 514/1/1034
f 512/1/1034 506/2/1034 514/1/1034
f 508/2/1035 510/2/1030 516/1/1031
f 514/1/1036 508/2/1035 516/1/1031
f 513/1/1037 507/2/1037 505/2/1037
f 511/1/1037 513/1/1037 505/2/1037
f 379/167/263 378/166/262 382/165/266
f 383/168/267 379/167/263 382/165/266
f 381/169/265 379/167/263 383/168/267
f 385/170/269 381/169/265 383/168/267
f 380/171/264 381/169/265 385/170/269
f 384/172/268 380/171/264 385/170/269
f 378/166/262 380/171/264 384/172/268
f 382/165/266 378/166/262 384/172/268
f 384/175/268 385/174/269 383/173/267
f 382/176/266 384/175/268 383/173/267
f 521/179/395 517/178/391 518/177/392
f 522/180/396 521/179/395 518/177/392
f 522/180/396 518/177/392 520/181/394
f 524/182/398 522/180/396 520/181/394
f 524/182/398 520/181/394 519/183/393
f 523/184/397 524/182/398 519/183/393
f 523/184/397 519/183/393 517/178/391
f 521/179/395 523/184/397 517/178/391
f 522/173/396 524/174/398 523/175/397
f 521/176/395 522/173/396 523/175/397
f 530/10/400 528/9/402 526/12/400
f 532/11/405 530/10/400 526/12/400
f 537/11/410 538/10/411 539/9/410
f 540/12/412 537/11/410 539/9/410
f 541/13/413 526/11/1039 528/10/1038
f 542/14/414 541/13/413 528/10/1038
f 528/11/1041 530/10/1040 543/14/415
f 542/15/1042 528/11/1041 543/14/415
f 530/11/1044 532/10/1043 544/16/416
f 543/15/1045 530/11/1044 544/16/416
f 544/13/1048 532/11/1047 526/10/1046
f 541/16/1049 544/13/1048 526/10/1046
f 542/14/414 546/18/418 545/17/417
f 541/13/413 542/14/414 545/17/417
f 542/15/1042 543/14/415 547/18/419
f 546/19/1050 542/15/1042 547/18/419
f 543/15/1045 544/16/416 548/20/420
f 547/19/1051 543/15/1045 548/20/420
f 541/16/1049 545/20/1053 548/17/1052
f 544/13/1048 541/16/1049 548/17/1052
f 545/17/417 546/18/418 550/22/422
f 549/21/421 545/17/417 550/22/422
f 546/19/1050 547/18/419 551/22/423
f 550/23/1054 546/19/1050 551/22/423
f 547/19/1051 548/20/420 552/24/424
f 551/23/1055 547/19/1051 552/24/424
f 545/20/1053 549/24/1057 552/21/1056
f 548/17/1052 545/20/1053 552/21/1056
f 554/25/426 527/9/401 525/12/399
f 553/26/425 554/25/426 525/12/399
f 550/22/422 554/25/426 553/26/425
f 549/21/421 550/22/422 553/26/425
f 529/9/403 527/12/1059 554/27/1058
f 555/25/427 529/9/403 554/27/1058
f 550/23/1054 551/22/423 555/25/427
f 554/27/1058 550/23/1054 555/25/427
f 556/28/428 531/9/404 529/12/1060
f 555/27/1061 556/28/428 529/12/1060
f 551/23/1055 552/24/424 556/28/428
f 555/27/1061 551/23/1055 556/28/428
f 553/28/1064 525/9/1063 531/12/1062
f 556/26/1065 553/28/1064 531/12/1062
f 549/24/1057 553/28/1064 556/26/1065
f 552/21/1056 549/24/1057 556/26/1065
f 559/9/431 529/9/1060 531/12/404
f 560/12/432 559/9/431 531/12/404
f 527/10/1059 529/9/403 559/9/1066
f 558/10/430 527/10/1059 559/9/1066
f 525/11/399 527/10/401 558/10/1067
f 557/11/429 525/11/399 558/10/1067
f 560/12/1068 531/12/1062 525/11/1063
f 557/11/1069 560/12/1068 525/11/1063
f 559/9/431 560/12/432 564/12/436
f 563/9/435 559/9/431 564/12/436
f 558/10/430 559/9/1066 563/9/1070
f 562/10/434 558/10/430 563/9/1070
f 558/10/1067 562/10/1071 561/11/433
f 557/11/429 558/10/1067 561/11/433
f 557/11/1069 561/11/1073 564/12/1072
f 560/12/1068 557/11/1069 564/12/1072
f 563/9/435 564/12/436 568/12/440
f 567/9/439 563/9/435 568/12/440
f 562/10/434 563/9/1070 567/9/1074
f 566/10/438 562/10/434 567/9/1074
f 562/10/1071 566/10/1075 565/11/437
f 561/11/433 562/10/1071 565/11/437
f 561/11/1073 565/11/1077 568/12/1076
f 564/12/1072 561/11/1073 568/12/1076
f 567/9/439 568/12/440 572/12/444
f 571/9/443 567/9/439 572/12/444
f 566/10/438 567/9/1074 571/9/1078
f 570/10/442 566/10/438 571/9/1078
f 566/10/1075 570/10/1079 569/11/441
f 565/11/437 566/10/1075 569/11/441
f 565/11/1077 569/11/1081 572/12/1080
f 568/12/1076 565/11/1077 572/12/1080
f 536/12/409 535/9/408 575/9/447
f 576/12/448 536/12/409 575/9/447
f 571/9/443 572/12/444 576/12/448
f 575/9/447 571/9/443 576/12/448
f 535/9/1082 534/10/407 574/10/446
f 575/9/1083 535/9/1082 574/10/446
f 570/10/442 571/9/1078 575/9/1083
f 574/10/446 570/10/442 575/9/1083
f 574/10/1085 534/10/1084 533/11/406
f 573/11/445 574/10/1085 533/11/406
f 570/10/1079 574/10/1085 573/11/445
f 569/11/441 570/10/1079 573/11/445
f 573/11/1088 533/11/1087 536/12/1086
f 576/12/1089 573/11/1088 536/12/1086
f 569/11/1081 573/11/1088 576/12/1089
f 572/12/1080 569/11/1081 576/12/1089
f 535/9/408 536/12/409 580/12/452
f 579/9/451 535/9/408 580/12/452
f 534/10/407 535/9/1082 579/9/1090
f 578/10/450 534/10/407 579/9/1090
f 577/11/449 533/11/406 534/10/1084
f 578/10/1091 577/11/449 534/10/1084
f 580/12/1092 536/12/1086 533/11/1087
f 577/11/1093 580/12/1092 533/11/1087
f 579/9/451 580/12/452 584/12/456
f 583/9/455 579/9/451 584/12/456
f 578/10/450 579/9/1090 583/9/1094
f 582/10/454 578/10/450 583/9/1094
f 578/10/1091 582/10/1095 581/11/453
f 577/11/449 578/10/1091 581/11/453
f 577/11/1093 581/11/1097 584/12/1096
f 580/12/1092 577/11/1093 584/12/1096
f 588/12/460 540/12/1099 539/9/1098
f 587/9/459 588/12/460 539/9/1098
f 583/9/455 584/12/456 588/12/460
f 587/9/459 583/9/455 588/12/460
f 539/9/1101 538/10/1100 586/10/458
f 587/9/1102 539/9/1101 586/10/458
f 582/10/454 583/9/1094 587/9/1102
f 586/10/458 582/10/454 587/9/1102
f 586/10/1105 538/10/1104 537/11/1103
f 585/11/457 586/10/1105 537/11/1103
f 582/10/1095 586/10/1105 585/11/457
f 581/11/453 582/10/1095 585/11/457
f 585/11/1108 537/11/1107 540/12/1106
f 588/12/1109 585/11/1108 540/12/1106
f 581/11/1097 585/11/1108 588/12/1109
f 584/12/1096 581/11/1097 588/12/1109
f 594/10/462 592/9/464 590/12/462
f 596/11/467 594/10/462 590/12/462
f 602/10/473 603/9/474 604/12/473
f 601/11/472 602/10/473 604/12/473
f 605/13/475 590/11/1111 592/10/1110
f 606/14/476 605/13/475 592/10/1110
f 606/15/1114 592/11/1113 594/10/1112
f 607/14/477 606/15/1114 594/10/1112
f 594/11/1116 596/10/1115 608/16/478
f 607/15/1117 594/11/1116 608/16/478
f 596/11/1120 590/10/1119 605/16/1118
f 608/13/1121 596/11/1120 605/16/1118
f 606/14/476 610/18/480 609/17/479
f 605/13/475 606/14/476 609/17/479
f 607/14/477 611/18/481 610/19/1122
f 606/15/1114 607/14/477 610/19/1122
f 607/15/1117 608/16/478 612/20/482
f 611/19/1123 607/15/1117 612/20/482
f 608/13/1121 605/16/1118 609/20/1124
f 612/17/1125 608/13/1121 609/20/1124
f 610/18/480 614/22/484 613/21/483
f 609/17/479 610/18/480 613/21/483
f 611/18/481 615/22/485 614/23/1126
f 610/19/1122 611/18/481 614/23/1126
f 611/19/1123 612/20/482 616/24/486
f 615/23/1127 611/19/1123 616/24/486
f 612/17/1125 609/20/1124 613/24/1128
f 616/21/1129 612/17/1125 613/24/1128
f 591/9/463 589/12/461 617/26/487
f 618/25/488 591/9/463 617/26/487
f 614/22/484 618/25/488 617/26/487
f 613/21/483 614/22/484 617/26/487
f 619/25/489 593/9/465 591/12/1130
f 618/27/1131 619/25/489 591/12/1130
f 615/22/485 619/25/489 618/27/1131
f 614/23/1126 615/22/485 618/27/1131
f 620/28/490 595/9/466 593/12/1132
f 619/27/1133 620/28/490 593/12/1132
f 615/23/1127 616/24/486 620/28/490
f 619/27/1133 615/23/1127 620/28/490
f 589/9/1136 595/12/1135 620/26/1134
f 617/28/1137 589/9/1136 620/26/1134
f 616/21/1129 613/24/1128 617/28/1137
f 620/26/1134 616/21/1129 617/28/1137
f 623/9/493 593/9/1132 595/12/466
f 624/12/494 623/9/493 595/12/466
f 622/10/492 591/10/1130 593/9/465
f 623/9/1138 622/10/492 593/9/465
f 589/11/461 591/10/463 622/10/1139
f 621/11/491 589/11/461 622/10/1139
f 595/12/1135 589/11/1136 621/11/1140
f 624/12/1141 595/12/1135 621/11/1140
f 623/9/493 624/12/494 628/12/498
f 627/9/497 623/9/493 628/12/498
f 623/9/1138 627/9/1142 626/10/496
f 622/10/492 623/9/1138 626/10/496
f 622/10/1139 626/10/1143 625/11/495
f 621/11/491 622/10/1139 625/11/495
f 624/12/1141 621/11/1140 625/11/1144
f 628/12/1145 624/12/1141 625/11/1144
f 627/9/497 628/12/498 632/12/502
f 631/9/501 627/9/497 632/12/502
f 627/9/1142 631/9/1146 630/10/500
f 626/10/496 627/9/1142 630/10/500
f 625/11/495 626/10/1143 630/10/1147
f 629/11/499 625/11/495 630/10/1147
f 628/12/1145 625/11/1144 629/11/1148
f 632/12/1149 628/12/1145 629/11/1148
f 631/9/501 632/12/502 636/12/506
f 635/9/505 631/9/501 636/12/506
f 631/9/1146 635/9/1150 634/10/504
f 630/10/500 631/9/1146 634/10/504
f 630/10/1147 634/10/1151 633/11/503
f 629/11/499 630/10/1147 633/11/503
f 632/12/1149 629/11/1148 633/11/1152
f 636/12/1153 632/12/1149 633/11/1152
f 640/12/510 600/12/471 599/9/470
f 639/9/509 640/12/510 599/9/470
f 635/9/505 636/12/506 640/12/510
f 639/9/509 635/9/505 640/12/510
f 639/9/1155 599/9/1154 598/10/469
f 638/10/508 639/9/1155 598/10/469
f 635/9/1150 639/9/1155 638/10/508
f 634/10/504 635/9/1150 638/10/508
f 638/10/1157 598/10/1156 597/11/468
f 637/11/507 638/10/1157 597/11/468
f 633/11/503 634/10/1151 638/10/1157
f 637/11/507 633/11/503 638/10/1157
f 597/11/1160 600/12/1159 640/12/1158
f 637/11/1161 597/11/1160 640/12/1158
f 636/12/1153 633/11/1152 637/11/1161
f 640/12/1158 636/12/1153 637/11/1161
f 643/9/513 599/9/470 600/12/471
f 644/12/514 643/9/513 600/12/471
f 642/10/512 598/10/469 599/9/1154
f 643/9/1162 642/10/512 599/9/1154
f 641/11/511 597/11/468 598/10/1156
f 642/10/1163 641/11/511 598/10/1156
f 600/12/1159 597/11/1160 641/11/1164
f 644/12/1165 600/12/1159 641/11/1164
f 643/9/513 644/12/514 648/12/518
f 647/9/517 643/9/513 648/12/518
f 643/9/1162 647/9/1166 646/10/516
f 642/10/512 643/9/1162 646/10/516
f 642/10/1163 646/10/1167 645/11/515
f 641/11/511 642/10/1163 645/11/515
f 644/12/1165 641/11/1164 645/11/1168
f 648/12/1169 644/12/1165 645/11/1168
f 604/12/1171 603/9/1170 651/9/521
f 652/12/522 604/12/1171 651/9/521
f 647/9/517 648/12/518 652/12/522
f 651/9/521 647/9/517 652/12/522
f 651/9/1174 603/9/1173 602/10/1172
f 650/10/520 651/9/1174 602/10/1172
f 647/9/1166 651/9/1174 650/10/520
f 646/10/516 647/9/1166 650/10/520
f 650/10/1177 602/10/1176 601/11/1175
f 649/11/519 650/10/1177 601/11/1175
f 646/10/1167 650/10/1177 649/11/519
f 645/11/515 646/10/1167 649/11/519
f 601/11/1180 604/12/1179 652/12/1178
f 649/11/1181 601/11/1180 652/12/1178
f 648/12/1169 645/11/1168 649/11/1181
f 652/12/1178 648/12/1169 649/11/1181
g item_damaged
f 690/88/549 691/87/550 689/86/548
f 691/87/550 692/89/551 689/86/548
f 692/89/551 693/90/552 689/86/548
f 693/90/552 694/91/553 689/86/548
f 694/91/553 695/92/554 689/86/548
f 695/92/554 696/93/555 689/86/548
f 696/88/555 697/87/556 689/86/548
f 697/87/556 698/89/557 689/86/548
f 698/89/557 699/90/558 689/86/548
f 699/90/558 700/91/559 689/86/548
f 700/91/559 701/92/560 689/86/548
f 701/92/560 690/93/549 689/86/548
f 703/87/562 702/88/561 714/86/573
f 704/89/563 703/87/562 714/86/573
f 705/90/564 704/89/563 714/86/573
f 706/91/565 705/90/564 714/86/573
f 707/92/566 706/91/565 714/86/573
f 708/93/567 707/92/566 714/86/573
f 709/87/568 708/88/567 714/86/573
f 710/89/569 709/87/568 714/86/573
f 711/90/570 710/89/569 714/86/573
f 712/91/571 711/90/570 714/86/573
f 713/92/572 712/91/571 714/86/573
f 702/93/561 713/92/572 714/86/573
f 661/36/523 663/35/525 665/35/525
f 667/36/523 661/36/523 665/35/525
f 668/38/528 666/37/527 664/37/526
f 662/38/524 668/38/528 664/37/526
f 661/41/523 667/40/523 671/39/529
f 669/42/529 661/41/523 671/39/529
f 668/45/528 662/44/524 670/43/530
f 672/46/531 668/45/528 670/43/530
f 681/56/540 676/55/535 673/54/532
f 678/57/537 681/56/540 673/54/532
f 680/57/539 675/54/534 677/55/536
f 682/56/541 680/57/539 677/55/536
f 678/57/1182 673/54/1183 675/54/1182
f 680/57/1184 678/57/1182 675/54/1182
f 682/56/541 677/55/536 674/58/533
f 679/59/538 682/56/541 674/58/533
f 679/59/1186 674/58/1185 676/55/535
f 681/56/540 679/59/1186 676/55/535
f 684/61/543 683/60/542 663/35/1187
f 661/36/1188 684/61/543 663/35/1187
f 684/61/543 662/38/1190 664/37/1189
f 683/60/542 684/61/543 664/37/1189
f 663/64/1192 683/63/1191 685/62/544
f 665/65/1193 663/64/1192 685/62/544
f 683/63/1191 664/67/1195 666/66/1194
f 685/62/544 683/63/1191 666/66/1194
f 665/35/1197 685/60/1196 686/61/545
f 667/36/1198 665/35/1197 686/61/545
f 685/60/1196 666/37/1200 668/38/1199
f 686/61/545 685/60/1196 668/38/1199
f 662/44/1190 684/69/543 687/68/546
f 670/43/1201 662/44/1190 687/68/546
f 684/70/543 661/41/1188 669/42/1202
f 687/71/546 684/70/543 669/42/1202
f 667/40/1198 686/73/545 688/72/547
f 671/39/1203 667/40/1198 688/72/547
f 686/73/545 668/45/1199 672/46/1204
f 688/72/547 686/73/545 672/46/1204
f 702/96/1207 703/95/1206 691/94/1205
f 690/97/1208 702/96/1207 691/94/1205
f 703/95/1206 704/99/1210 692/98/1209
f 691/94/1205 703/95/1206 692/98/1209
f 704/99/1210 705/101/1212 693/100/1211
f 692/98/1209 704/99/1210 693/100/1211
f 705/101/1212 706/103/1214 694/102/1213
f 693/100/1211 705/101/1212 694/102/1213
f 706/103/1214 707/105/1216 695/104/1215
f 694/102/1213 706/103/1214 695/104/1215
f 707/105/1216 708/107/1218 696/106/1217
f 695/104/1215 707/105/1216 696/106/1217
f 708/107/1218 709/109/1220 697/108/1219
f 696/106/1217 708/107/1218 697/108/1219
f 709/109/1220 710/111/1222 698/110/1221
f 697/108/1219 709/109/1220 698/110/1221
f 710/111/1222 711/113/1224 699/112/1223
f 698/110/1221 710/111/1222 699/112/1223
f 711/113/1224 712/115/1226 700/114/1225
f 699/112/1223 711/113/1224 700/114/1225
f 712/115/1226 713/117/1228 701/116/1227
f 700/114/1225 712/115/1226 701/116/1227
f 713/117/1228 702/96/1207 690/97/1208
f 701/116/1227 713/117/1228 690/97/1208
f 715/76/574 717/75/576 721/74/574
f 719/77/578 715/76/574 721/74/574
f 718/80/577 716/79/575 720/78/577
f 722/81/579 718/80/577 720/78/577
f 716/79/1229 723/83/580 725/82/582
f 720/78/1230 716/79/1229 725/82/582
f 723/83/580 715/76/1232 719/77/1231
f 725/82/582 723/83/580 719/77/1231
f 717/75/1233 724/85/581 726/84/583
f 721/74/1234 717/75/1233 726/84/583
f 724/85/581 718/80/1236 722/81/1235
f 726/84/583 724/85/581 722/81/1235
f 722/81/1239 720/78/1238 725/82/1237
f 719/77/1240 722/81/1239 725/82/1237
f 726/84/1241 722/81/1239 719/77/1240
f 721/74/1242 726/84/1241 719/77/1240
f 731/31/588 728/30/585 733/29/590
f 728/30/1244 730/32/587 733/29/1243
f 727/34/584 729/34/586 732/33/589
f 727/34/1246 732/33/1245 733/29/1243
f 730/32/587 727/34/1246 733/29/1243
f 729/34/1247 731/31/588 733/29/590
f 732/33/1248 729/34/1247 733/29/590
f 730/32/587 737/48/594 734/47/591
f 727/49/1246 730/32/587 734/47/591
f 731/31/588 729/49/1247 736/47/593
f 738/48/595 731/31/588 736/47/593
f 729/49/586 727/49/584 734/47/1249
f 736/47/1250 729/49/586 734/47/1249
f 731/31/588 738/48/595 735/50/592
f 728/30/585 731/31/588 735/50/592
f 730/32/587 728/30/1244 735/50/1251
f 737/48/594 730/32/587 735/50/1251
f 768/51/625 766/52/623 769/185/626
f 772/186/629 768/51/625 769/185/626
f 767/51/624 765/53/622 773/187/630
f 770/186/627 767/51/624 773/187/630
f 765/53/1252 768/51/625 772/186/629
f 773/187/1253 765/53/1252 772/186/629
f 764/52/621 767/51/624 770/186/627
f 771/185/628 764/52/621 770/186/627
f 766/52/1254 764/52/1255 771/185/1254
f 769/185/1256 766/52/1254 771/185/1254
f 746/57/603 748/56/605 751/188/608
f 753/189/610 746/57/603 751/188/608
f 748/56/605 745/59/602 750/190/607
f 751/188/608 748/56/605 750/190/607
f 745/59/1257 747/56/604 752/188/609
f 750/190/1258 745/59/1257 752/188/609
f 747/56/604 744/57/601 749/189/606
f 752/188/609 747/56/604 749/189/606
f 744/57/1259 746/57/1260 753/189/1259
f 749/189/1261 744/57/1259 753/189/1259
f 734/47/591 737/48/594 740/191/597
f 741/192/598 734/47/591 740/191/597
f 738/48/595 736/47/593 739/192/596
f 742/191/599 738/48/595 739/192/596
f 736/47/1250 734/47/1249 741/192/1262
f 739/192/1262 736/47/1250 741/192/1262
f 735/50/592 738/48/595 742/191/599
f 743/193/600 735/50/592 742/191/599
f 737/48/594 735/50/1251 743/193/1263
f 740/191/597 737/48/594 743/193/1263
f 756/52/613 758/51/615 762/191/619
f 759/192/616 756/52/613 762/191/619
f 758/51/615 755/53/612 763/193/620
f 762/191/619 758/51/615 763/193/620
f 755/53/1264 757/51/614 760/191/617
f 763/193/1265 755/53/1264 760/191/617
f 757/51/614 754/52/611 761/192/618
f 760/191/617 757/51/614 761/192/618
f 754/52/1266 756/52/1267 759/192/1266
f 761/192/1268 754/52/1266 759/192/1266
f 654/177/263 653/178/262 657/179/266
f 658/180/267 654/177/263 657/179/266
f 656/181/265 654/177/263 658/180/267
f 660/182/269 656/181/265 658/180/267
f 655/183/264 656/181/265 660/182/269
f 659/184/268 655/183/264 660/182/269
f 653/178/262 655/183/264 659/184/268
f 657/179/266 653/178/262 659/184/268
f 659/175/268 660/174/269 658/173/267
f 657/176/266 659/175/268 658/173/267
f 780/190/637 775/195/632 776/194/633
f 781/188/638 780/190/637 776/194/633
f 782/188/639 777/194/634 775/195/1269
f 780/190/1270 782/188/639 775/195/1269
f 779/189/636 774/196/631 777/194/634
f 782/188/639 779/189/636 777/194/634
f 781/188/638 776/194/633 778/196/635
f 783/189/640 781/188/638 778/196/635
f 774/196/1271 779/189/1272 783/189/1271
f 778/196/1273 774/196/1271 783/189/1271
f 788/187/645 790/195/647 792/194/649
f 785/186/642 788/187/645 792/194/649
f 787/186/644 791/194/648 790/195/1274
f 788/187/1275 787/186/644 790/195/1274
f 784/185/641 793/196/650 791/194/648
f 787/186/644 784/185/641 791/194/648
f 785/186/642 792/194/649 789/196/646
f 786/185/643 785/186/642 789/196/646
f 793/196/1276 784/185/1277 786/185/1276
f 789/196/1278 793/196/1276 786/185/1276
f 790/195/1274 788/187/1275 787/186/644
f 791/194/648 790/195/1274 787/186/644
f 798/165/395 794/166/391 795/167/392
f 799/168/396 798/165/395 795/167/392
f 799/168/396 795/167/392 797/169/394
f 801/170/398 799/168/396 797/169/394
f 801/170/398 797/169/394 796/171/393
f 800/172/397 801/170/398 796/171/393
f 800/172/397 796/171/393 794/166/391
f 798/165/395 800/172/397 794/166/391
f 799/173/396 801/174/398 800/175/397
f 798/176/395 799/173/396 800/175/397
g item_bladens
f 831/31/288 828/30/285 833/29/290
f 828/30/933 830/32/287 833/29/932
f 827/34/284 829/34/286 832/33/289
f 856/88/313 857/87/314 855/86/312
f 857/87/314 858/89/315 855/86/312
f 858/89/315 859/90/316 855/86/312
f 859/90/316 860/91/317 855/86/312
f 860/91/317 861/92/318 855/86/312
f 861/92/318 862/93/319 855/86/312
f 862/88/319 863/87/320 855/86/312
f 863/87/320 864/89/321 855/86/312
f 864/89/321 865/90/322 855/86/312
f 865/90/322 866/91/323 855/86/312
f 866/91/323 867/92/324 855/86/312
f 867/92/324 856/93/313 855/86/312
f 869/87/326 868/88/325 880/86/337
f 870/89/327 869/87/326 880/86/337
f 871/90/328 870/89/327 880/86/337
f 872/91/329 871/90/328 880/86/337
f 873/92/330 872/91/329 880/86/337
f 874/93/331 873/92/330 880/86/337
f 875/87/332 874/88/331 880/86/337
f 876/89/333 875/87/332 880/86/337
f 877/90/334 876/89/333 880/86/337
f 878/91/335 877/90/334 880/86/337
f 879/92/336 878/91/335 880/86/337
f 868/93/325 879/92/336 880/86/337
f 810/36/270 812/35/272 814/35/274
f 816/36/275 810/36/270 814/35/274
f 817/38/271 815/37/273 813/37/273
f 811/38/271 817/38/271 813/37/273
f 810/41/270 816/40/275 820/39/278
f 818/42/276 810/41/270 820/39/278
f 817/45/271 811/44/271 819/43/277
f 821/46/277 817/45/271 819/43/277
f 827/34/935 832/33/934 833/29/932
f 830/32/287 827/34/935 833/29/932
f 829/34/936 831/31/288 833/29/290
f 832/33/937 829/34/936 833/29/290
f 830/32/287 837/48/294 834/47/291
f 827/49/935 830/32/287 834/47/291
f 831/31/288 829/49/936 836/47/293
f 838/48/295 831/31/288 836/47/293
f 829/49/286 827/49/284 834/47/938
f 836/47/939 829/49/286 834/47/938
f 831/31/288 838/48/295 835/50/292
f 828/30/285 831/31/288 835/50/292
f 830/32/287 828/30/933 835/50/940
f 837/48/294 830/32/287 835/50/940
f 834/47/291 837/48/294 842/51/299
f 839/52/296 834/47/291 842/51/299
f 838/48/295 836/47/293 841/52/298
f 843/51/300 838/48/295 841/52/298
f 836/47/939 834/47/938 839/52/941
f 841/52/942 836/47/939 839/52/941
f 835/50/292 838/48/295 843/51/300
f 840/53/297 835/50/292 843/51/300
f 837/48/294 835/50/940 840/53/943
f 842/51/299 837/48/294 840/53/943
f 847/56/304 825/55/282 822/54/279
f 844/57/301 847/56/304 822/54/279
f 839/52/296 842/51/299 847/56/304
f 844/57/301 839/52/296 847/56/304
f 846/57/303 824/54/281 826/55/283
f 848/56/305 846/57/303 826/55/283
f 843/51/300 841/52/298 846/57/303
f 848/56/305 843/51/300 846/57/303
f 844/57/945 822/54/944 824/54/944
f 846/57/946 844/57/945 824/54/944
f 841/52/942 839/52/941 844/57/945
f 846/57/946 841/52/942 844/57/945
f 848/56/305 826/55/283 823/58/280
f 845/59/302 848/56/305 823/58/280
f 840/53/297 843/51/300 848/56/305
f 845/59/302 840/53/297 848/56/305
f 845/59/948 823/58/947 825/55/282
f 847/56/304 845/59/948 825/55/282
f 842/51/299 840/53/943 845/59/948
f 847/56/304 842/51/299 845/59/948
f 850/61/307 849/60/306 812/35/949
f 810/36/950 850/61/307 812/35/949
f 850/61/307 811/38/952 813/37/951
f 849/60/306 850/61/307 813/37/951
f 812/64/953 849/63/308 851/62/308
f 814/65/954 812/64/953 851/62/308
f 849/63/308 813/67/954 815/66/953
f 851/62/308 849/63/308 815/66/953
f 814/35/956 851/60/955 852/61/309
f 816/36/957 814/35/956 852/61/309
f 851/60/955 815/37/959 817/38/958
f 852/61/309 851/60/955 817/38/958
f 811/44/952 850/69/307 853/68/310
f 819/43/960 811/44/952 853/68/310
f 850/70/307 810/41/950 818/42/961
f 853/71/310 850/70/307 818/42/961
f 816/40/957 852/73/309 854/72/311
f 820/39/962 816/40/957 854/72/311
f 852/73/309 817/45/958 821/46/963
f 854/72/311 852/73/309 821/46/963
f 868/96/966 869/95/965 857/94/964
f 856/97/967 868/96/966 857/94/964
f 869/95/965 870/99/969 858/98/968
f 857/94/964 869/95/965 858/98/968
f 870/99/969 871/101/971 859/100/970
f 858/98/968 870/99/969 859/100/970
f 871/101/971 872/103/973 860/102/972
f 859/100/970 871/101/971 860/102/972
f 872/103/973 873/105/975 861/104/974
f 860/102/972 872/103/973 861/104/974
f 873/105/975 874/107/977 862/106/976
f 861/104/974 873/105/975 862/106/976
f 874/107/977 875/109/979 863/108/978
f 862/106/976 874/107/977 863/108/978
f 875/109/979 876/111/981 864/110/980
f 863/108/978 875/109/979 864/110/980
f 876/111/981 877/113/983 865/112/982
f 864/110/980 876/111/981 865/112/982
f 877/113/983 878/115/985 866/114/984
f 865/112/982 877/113/983 866/114/984
f 878/115/985 879/117/987 867/116/986
f 866/114/984 878/115/985 867/116/986
f 879/117/987 868/96/966 856/97/967
f 867/116/986 879/117/987 856/97/967
f 881/76/338 883/75/340 887/74/338
f 885/77/342 881/76/338 887/74/338
f 884/80/341 882/79/339 886/78/341
f 888/81/343 884/80/341 886/78/341
f 882/79/988 889/83/344 891/82/346
f 886/78/989 882/79/988 891/82/346
f 889/83/344 881/76/991 885/77/990
f 891/82/346 889/83/344 885/77/990
f 883/75/992 890/85/345 892/84/347
f 887/74/993 883/75/992 892/84/347
f 890/85/345 884/80/995 888/81/994
f 892/84/347 890/85/345 888/81/994
f 888/81/998 886/78/997 891/82/996
f 885/77/999 888/81/998 891/82/996
f 892/84/1000 888/81/998 885/77/999
f 887/74/1001 892/84/1000 885/77/999
f 803/167/263 802/166/262 806/165/266
f 807/168/267 803/167/263 806/165/266
f 805/169/265 803/167/263 807/168/267
f 809/170/269 805/169/265 807/168/267
f 804/171/264 805/169/265 809/170/269
f 808/172/268 804/171/264 809/170/269
f 802/166/262 804/171/264 808/172/268
f 806/165/266 802/166/262 808/172/268
f 808/175/268 809/174/269 807/173/267
f 806/176/266 808/175/268 807/173/267
f 897/179/395 893/178/391 894/177/392
f 898/180/396 897/179/395 894/177/392
f 898/180/396 894/177/392 896/181/394
f 900/182/398 898/180/396 896/181/394
f 900/182/398 896/181/394 895/183/393
f 899/184/397 900/182/398 895/183/393
f 899/184/397 895/183/393 893/178/391
f 897/179/395 899/184/397 893/178/391
f 898/173/396 900/174/398 899/175/397
f 897/176/395 898/173/396 899/175/397
# 1501 elements

